customer_id,n_cards,n_txns,first_seen,last_seen
C00001,1,2,2016-07-21 23:25:30,2016-07-22 13:29:56
C00002,1,1,2016-07-18 16:55:31,2016-07-18 16:55:31
C00003,1,1,2016-11-19 01:25:05,2016-11-19 01:25:05
C00004,1,1,2016-09-22 20:40:50,2016-09-22 20:40:50
C00005,1,6,2016-07-05 20:58:59,2016-12-17 22:52:42
C00006,1,3,2016-08-20 04:17:11,2016-12-23 20:13:07
C00007,1,1,2016-12-13 20:59:49,2016-12-13 20:59:49
C00008,2,53,2016-07-09 23:46:28,2016-12-30 20:23:10
C00009,1,1,2016-12-07 17:48:08,2016-12-07 17:48:08
C00010,1,2,2016-07-29 17:11:03,2016-08-14 22:23:11
C00011,1,3,2016-10-29 04:10:28,2016-12-03 22:10:53
C00012,1,3,2016-07-16 17:52:41,2016-09-16 22:13:58
C00013,1,1,2016-11-08 15:49:55,2016-11-08 15:49:55
C00014,1,1,2016-12-11 20:42:55,2016-12-11 20:42:55
C00015,1,2,2016-07-16 16:29:02,2016-11-07 15:10:24
C00016,1,3,2016-07-27 16:37:43,2016-12-04 12:47:53
C00017,1,5,2016-07-18 04:46:09,2016-12-27 23:38:29
C00018,1,3,2016-08-06 11:56:26,2016-11-06 16:17:27
C00019,1,15,2016-07-09 21:48:40,2016-12-17 18:20:26
C00020,1,34,2016-07-16 16:55:11,2016-12-28 22:38:43
C00021,1,2,2016-09-15 17:11:28,2016-09-22 22:18:43
C00022,1,13,2016-07-18 00:03:16,2016-11-09 06:30:16
C00023,1,3,2016-10-10 21:42:53,2016-12-26 17:05:28
C00024,1,2,2016-08-12 14:58:34,2016-08-21 23:53:51
C00025,1,12,2016-07-11 16:03:55,2016-12-22 23:14:54
C00026,1,4,2016-08-01 19:40:54,2016-08-01 19:50:39
C00027,1,6,2016-08-16 22:31:25,2016-12-18 01:58:05
C00028,1,1,2016-11-22 21:22:00,2016-11-22 21:22:00
C00029,1,16,2016-09-29 19:22:21,2016-12-31 17:06:10
C00030,1,1,2016-10-22 18:49:41,2016-10-22 18:49:41
C00031,1,22,2016-07-13 17:26:25,2016-12-29 14:24:01
C00032,1,2,2016-08-19 15:48:47,2016-08-20 21:45:29
C00033,1,3,2016-07-27 01:47:07,2016-07-31 14:26:38
C00034,1,52,2016-07-07 16:01:54,2016-12-30 18:24:07
C00035,1,23,2016-07-29 18:29:14,2016-12-13 02:02:45
C00036,1,3,2016-07-21 09:13:39,2016-12-10 17:34:12
C00037,1,19,2016-07-06 12:23:21,2016-12-22 17:01:33
C00038,1,16,2016-08-11 16:22:32,2016-12-28 13:49:39
C00039,1,1,2016-08-27 00:17:52,2016-08-27 00:17:52
C00040,1,2,2016-07-05 19:58:33,2016-08-03 20:10:27
C00041,1,1,2016-12-09 04:12:23,2016-12-09 04:12:23
C00042,1,3,2016-07-28 03:40:23,2016-11-22 04:17:46
C00043,1,4,2016-07-26 17:36:26,2016-08-07 16:03:28
C00044,1,15,2016-07-18 03:18:36,2016-12-31 20:49:11
C00045,1,22,2016-07-03 21:13:34,2016-12-28 17:40:04
C00046,1,3,2016-10-28 17:58:53,2016-11-05 13:14:23
C00047,1,2,2016-08-01 01:56:50,2016-08-10 04:04:24
C00048,1,1,2016-07-11 20:12:47,2016-07-11 20:12:47
C00049,1,1,2016-07-13 02:19:57,2016-07-13 02:19:57
C00050,1,93,2016-07-04 21:42:28,2016-12-18 18:40:31
C00051,1,42,2016-07-02 16:05:54,2016-12-29 22:01:35
C00052,1,2,2016-07-21 22:44:27,2016-12-19 14:02:54
C00053,1,1,2016-11-09 12:58:57,2016-11-09 12:58:57
C00054,1,1,2016-07-17 17:55:44,2016-07-17 17:55:44
C00055,1,2,2016-07-28 12:49:49,2016-10-13 20:35:35
C00056,1,32,2016-07-21 18:52:53,2016-12-29 03:17:44
C00057,2,46,2016-07-06 00:15:00,2016-12-28 16:20:43
C00058,1,1,2016-07-14 22:03:11,2016-07-14 22:03:11
C00059,2,589,2016-07-02 17:43:33,2016-12-29 13:13:40
C00060,1,30,2016-07-07 20:10:22,2016-12-23 21:50:18
C00061,1,2,2016-07-11 16:44:15,2016-10-29 23:34:45
C00062,1,1,2016-12-15 03:44:57,2016-12-15 03:44:57
C00063,1,6,2016-07-16 14:30:11,2016-10-05 00:40:06
C00064,1,2,2016-10-18 20:56:05,2016-11-16 02:42:53
C00065,1,1,2016-11-18 01:03:49,2016-11-18 01:03:49
C00066,1,1,2016-10-01 06:48:43,2016-10-01 06:48:43
C00067,1,7,2016-07-03 00:25:44,2016-12-26 17:49:26
C00068,1,4,2016-07-03 18:07:43,2016-10-27 13:15:21
C00069,1,18,2016-07-14 12:54:39,2016-12-19 14:31:45
C00070,1,4,2016-08-04 20:32:10,2016-10-17 01:21:51
C00071,1,15,2016-07-25 04:04:16,2016-11-30 00:39:49
C00072,1,10,2016-09-01 06:42:48,2016-11-20 19:22:01
C00073,2,101,2016-07-08 20:42:24,2016-12-31 02:24:59
C00074,1,2,2016-10-28 21:06:48,2016-11-21 21:38:30
C00075,1,1,2016-09-06 20:37:07,2016-09-06 20:37:07
C00076,1,11,2016-07-14 18:17:17,2016-11-04 16:07:17
C00077,1,1,2016-10-30 00:44:40,2016-10-30 00:44:40
C00078,2,3,2016-09-10 12:15:06,2016-11-06 21:19:17
C00079,1,9,2016-10-18 22:40:01,2016-12-27 15:12:58
C00080,1,1,2016-11-08 12:54:03,2016-11-08 12:54:03
C00081,2,50,2016-07-02 22:16:22,2016-12-28 00:34:49
C00082,1,3,2016-07-23 21:13:47,2016-10-20 23:56:36
C00083,1,3,2016-07-15 20:27:06,2016-08-18 01:29:26
C00084,1,2,2016-08-19 12:26:44,2016-08-19 21:47:31
C00085,1,2,2016-12-10 16:04:17,2016-12-18 21:05:53
C00086,1,5,2016-07-24 16:29:44,2016-12-28 18:00:26
C00087,1,6,2016-07-28 15:42:00,2016-11-07 02:08:33
C00088,1,4,2016-07-12 21:18:30,2016-08-31 23:14:09
C00089,1,9,2016-07-02 17:53:03,2016-12-28 02:41:45
C00090,1,109,2016-07-03 18:11:59,2016-12-25 17:33:05
C00091,1,1,2016-10-22 19:17:56,2016-10-22 19:17:56
C00092,1,77,2016-07-04 01:17:39,2016-12-17 01:20:11
C00093,1,2,2016-07-18 15:00:01,2016-11-12 01:56:16
C00094,3,809,2016-07-02 03:45:41,2016-12-30 15:26:23
C00095,1,4,2016-09-07 13:06:40,2016-10-12 12:58:51
C00096,1,1,2016-07-28 04:22:07,2016-07-28 04:22:07
C00097,1,5,2016-07-10 15:05:33,2016-07-26 17:31:02
C00098,1,2,2016-07-24 02:11:12,2016-09-03 02:34:19
C00099,1,1,2016-10-31 22:47:41,2016-10-31 22:47:41
C00100,1,1,2016-08-11 21:48:11,2016-08-11 21:48:11
C00101,1,26,2016-07-02 19:37:50,2016-11-09 22:13:14
C00102,1,1,2016-08-26 00:18:55,2016-08-26 00:18:55
C00103,1,13,2016-07-17 01:32:08,2016-12-31 00:33:11
C00104,1,10,2016-07-19 14:45:00,2016-10-07 22:53:45
C00105,1,5,2016-07-17 20:47:17,2016-12-16 01:32:12
C00106,1,26,2016-07-04 01:13:44,2016-12-21 14:22:01
C00107,2,249,2016-07-06 19:35:51,2016-12-31 00:06:55
C00108,1,12,2016-08-01 15:20:05,2016-12-21 17:47:46
C00109,1,1,2016-09-08 23:35:50,2016-09-08 23:35:50
C00110,1,6,2016-09-02 16:40:40,2016-09-28 19:38:26
C00111,1,2,2016-07-21 14:26:13,2016-10-07 20:15:46
C00112,1,8,2016-07-10 20:46:04,2016-10-09 21:47:09
C00113,1,33,2016-07-03 14:43:30,2016-12-24 18:07:50
C00114,1,2,2016-07-18 21:03:16,2016-08-25 20:35:43
C00115,1,1,2016-07-25 15:55:46,2016-07-25 15:55:46
C00116,1,45,2016-08-04 15:18:20,2016-11-23 15:58:07
C00117,1,1,2016-08-28 00:08:47,2016-08-28 00:08:47
C00118,1,2,2016-10-20 16:42:55,2016-10-20 18:56:55
C00119,1,1,2016-12-18 20:14:34,2016-12-18 20:14:34
C00120,1,4,2016-09-15 18:33:54,2016-10-23 00:02:58
C00121,1,1,2016-07-29 14:13:54,2016-07-29 14:13:54
C00122,1,9,2016-08-09 00:36:51,2016-12-10 17:51:26
C00123,1,1,2016-09-05 19:50:27,2016-09-05 19:50:27
C00124,1,2,2016-07-09 02:13:31,2016-10-28 18:34:45
C00125,1,1,2016-11-01 16:00:51,2016-11-01 16:00:51
C00126,1,1,2016-12-07 15:08:51,2016-12-07 15:08:51
C00127,1,1,2016-08-26 19:24:19,2016-08-26 19:24:19
C00128,1,1,2016-07-05 02:00:27,2016-07-05 02:00:27
C00129,2,280,2016-07-02 13:08:11,2016-12-30 17:05:10
C00130,1,1,2016-07-18 16:23:55,2016-07-18 16:23:55
C00131,1,3,2016-10-20 20:01:06,2016-11-13 17:39:03
C00132,1,16,2016-07-20 21:08:27,2016-12-15 17:19:48
C00133,1,1,2016-11-23 22:01:40,2016-11-23 22:01:40
C00134,1,8,2016-07-20 21:58:35,2016-10-03 08:31:37
C00135,1,49,2016-07-09 22:49:27,2016-12-21 14:52:28
C00136,1,14,2016-08-10 03:57:19,2016-12-07 20:08:54
C00137,1,6,2016-07-31 15:38:21,2016-09-10 19:01:02
C00138,1,2,2016-08-23 21:30:24,2016-11-15 23:49:44
C00139,1,2,2016-07-21 18:02:13,2016-12-31 12:47:29
C00140,1,11,2016-08-28 05:39:58,2016-12-26 21:51:54
C00141,1,2,2016-07-10 20:28:54,2016-08-01 01:02:13
C00142,1,2,2016-07-28 20:21:05,2016-07-28 20:39:31
C00143,1,17,2016-07-31 14:24:36,2016-11-30 17:44:26
C00144,1,4,2016-07-07 11:27:09,2016-11-03 22:35:31
C00145,1,1,2016-07-23 11:27:53,2016-07-23 11:27:53
C00146,1,1,2016-08-17 17:05:40,2016-08-17 17:05:40
C00147,1,15,2016-07-06 21:12:55,2016-12-22 17:33:44
C00148,1,1,2016-12-28 13:18:07,2016-12-28 13:18:07
C00149,1,2,2016-07-11 13:48:09,2016-09-01 00:12:07
C00150,1,8,2016-07-11 17:36:53,2016-10-10 15:11:25
C00151,1,2,2016-08-18 03:22:19,2016-09-08 23:02:34
C00152,1,3,2016-07-06 19:33:04,2016-11-22 05:38:40
C00153,1,2,2016-07-26 17:11:21,2016-08-30 15:27:54
C00154,1,1,2016-08-07 15:41:48,2016-08-07 15:41:48
C00155,1,3,2016-07-31 19:49:11,2016-08-06 22:04:11
C00156,1,26,2016-07-09 15:37:48,2016-12-31 19:51:15
C00157,1,17,2016-07-30 21:47:46,2016-12-30 17:53:28
C00158,1,3,2016-08-05 02:35:46,2016-10-11 03:05:55
C00159,1,25,2016-07-04 17:49:18,2016-12-03 19:42:15
C00160,1,6,2016-08-21 08:02:14,2016-12-06 17:32:43
C00161,1,5,2016-07-11 20:17:57,2016-08-01 14:44:46
C00162,1,15,2016-07-06 16:36:53,2016-12-13 20:11:45
C00163,1,6,2016-09-08 18:57:41,2016-12-09 16:53:54
C00164,2,15,2016-07-09 21:44:54,2016-12-03 23:21:57
C00165,1,1,2016-12-22 11:21:16,2016-12-22 11:21:16
C00166,1,1,2016-11-24 19:50:46,2016-11-24 19:50:46
C00167,1,21,2016-07-20 16:58:44,2016-12-07 00:04:31
C00168,2,146,2016-07-12 22:01:59,2016-12-31 21:23:56
C00169,1,12,2016-07-24 02:03:44,2016-10-02 23:40:17
C00170,1,6,2016-10-10 16:09:21,2016-12-29 15:18:18
C00171,1,3,2016-07-20 17:17:01,2016-10-04 19:57:12
C00172,1,1,2016-08-05 22:21:27,2016-08-05 22:21:27
C00173,1,3,2016-07-06 17:54:07,2016-08-06 20:28:11
C00174,1,5,2016-07-21 16:18:22,2016-09-17 06:19:12
C00175,1,13,2016-07-05 17:15:33,2016-10-24 19:22:41
C00176,1,1,2016-10-19 20:36:02,2016-10-19 20:36:02
C00177,1,1,2016-07-27 23:12:54,2016-07-27 23:12:54
C00178,1,7,2016-07-18 23:51:08,2016-11-30 14:49:00
C00179,1,13,2016-07-13 19:55:58,2016-12-23 22:10:29
C00180,1,5,2016-07-07 23:59:22,2016-11-25 18:38:01
C00181,1,59,2016-07-04 16:04:52,2016-12-24 17:06:07
C00182,1,19,2016-07-26 14:10:54,2016-09-15 23:27:08
C00183,1,1,2016-11-16 09:42:48,2016-11-16 09:42:48
C00184,1,8,2016-07-26 00:14:48,2016-12-03 19:25:14
C00185,1,1,2016-07-04 18:19:24,2016-07-04 18:19:24
C00186,1,12,2016-07-10 14:12:58,2016-12-20 18:05:24
C00187,1,1,2016-07-21 14:25:20,2016-07-21 14:25:20
C00188,1,3,2016-07-14 13:19:15,2016-09-09 19:18:04
C00189,1,15,2016-07-03 02:45:24,2016-12-20 01:48:43
C00190,1,1,2016-08-10 01:44:29,2016-08-10 01:44:29
C00191,1,1,2016-07-22 21:43:38,2016-07-22 21:43:38
C00192,1,8,2016-07-05 22:47:47,2016-12-18 15:56:34
C00193,1,1,2016-07-23 04:08:08,2016-07-23 04:08:08
C00194,1,14,2016-07-05 02:45:58,2016-11-18 03:48:55
C00195,1,30,2016-07-02 19:11:06,2016-12-23 12:34:06
C00196,1,2,2016-07-10 05:08:09,2016-07-10 05:09:59
C00197,1,55,2016-07-03 19:47:04,2016-12-21 13:29:30
C00198,1,25,2016-07-08 22:02:36,2016-12-26 20:34:53
C00199,1,4,2016-07-13 02:33:25,2016-11-22 09:52:37
C00200,1,20,2016-07-20 05:08:50,2016-12-27 15:49:08
C00201,1,1,2016-07-30 21:22:34,2016-07-30 21:22:34
C00202,1,12,2016-07-06 19:32:49,2016-12-14 01:01:28
C00203,1,1,2016-09-16 16:19:46,2016-09-16 16:19:46
C00204,1,62,2016-07-04 15:00:01,2016-12-27 19:00:47
C00205,1,8,2016-08-05 01:51:47,2016-12-16 11:09:39
C00206,1,1,2016-12-10 17:19:40,2016-12-10 17:19:40
C00207,1,1,2016-09-18 00:54:04,2016-09-18 00:54:04
C00208,1,2,2016-08-05 22:39:51,2016-10-08 13:42:10
C00209,1,3,2016-07-21 14:04:06,2016-08-09 17:57:12
C00210,1,14,2016-07-06 19:51:55,2016-12-12 16:29:34
C00211,1,1,2016-07-22 18:29:08,2016-07-22 18:29:08
C00212,1,4,2016-07-11 19:11:09,2016-11-03 21:25:48
C00213,1,17,2016-07-02 23:48:03,2016-12-20 12:48:22
C00214,1,20,2016-07-08 18:47:01,2016-12-22 02:02:44
C00215,1,6,2016-12-12 08:42:04,2016-12-12 11:20:20
C00216,1,1,2016-07-08 15:08:10,2016-07-08 15:08:10
C00217,1,3,2016-10-27 18:33:49,2016-10-29 22:48:31
C00218,1,7,2016-07-04 04:17:02,2016-09-26 19:59:19
C00219,1,4,2016-09-13 16:05:11,2016-12-07 19:25:18
C00220,1,2,2016-12-02 15:56:03,2016-12-02 16:20:30
C00221,1,1,2016-12-24 15:32:18,2016-12-24 15:32:18
C00222,1,6,2016-08-20 13:25:10,2016-12-26 16:09:11
C00223,1,63,2016-07-04 12:30:14,2016-12-31 01:41:11
C00224,1,1,2016-07-22 18:53:20,2016-07-22 18:53:20
C00225,1,1,2016-11-06 17:26:43,2016-11-06 17:26:43
C00226,1,2,2016-08-30 16:20:14,2016-09-07 02:06:27
C00227,1,4,2016-07-15 19:40:54,2016-10-18 17:52:01
C00228,1,3,2016-07-18 17:59:16,2016-09-29 17:39:15
C00229,1,10,2016-09-15 22:16:07,2016-10-03 01:55:58
C00230,1,6,2016-07-17 16:14:58,2016-11-11 00:11:36
C00231,2,8,2016-07-07 18:59:50,2016-12-28 18:07:53
C00232,2,158,2016-07-03 15:36:34,2016-12-30 15:50:31
C00233,1,2,2016-07-08 20:33:50,2016-09-02 09:40:17
C00234,1,1,2016-12-14 00:03:36,2016-12-14 00:03:36
C00235,2,1308,2016-07-06 01:52:09,2016-12-31 23:16:18
C00236,1,10,2016-07-10 17:06:24,2016-09-13 18:44:44
C00237,1,4,2016-07-25 16:24:31,2016-08-28 17:37:09
C00238,1,13,2016-07-05 03:01:29,2016-12-15 03:50:20
C00239,1,2,2016-08-02 13:09:11,2016-08-05 14:50:45
C00240,1,1,2016-10-01 15:56:02,2016-10-01 15:56:02
C00241,1,14,2016-07-06 15:16:15,2016-11-01 18:52:35
C00242,1,1,2016-10-06 02:27:28,2016-10-06 02:27:28
C00243,1,3,2016-08-06 18:10:09,2016-12-03 21:46:22
C00244,1,25,2016-07-09 23:09:03,2016-12-22 17:08:54
C00245,1,10,2016-07-07 15:55:03,2016-12-21 17:19:08
C00246,1,10,2016-08-03 22:01:20,2016-12-01 19:32:09
C00247,1,1,2016-08-07 20:46:31,2016-08-07 20:46:31
C00248,1,5,2016-07-22 20:22:18,2016-10-22 21:14:09
C00249,1,34,2016-07-03 01:23:01,2016-12-21 16:58:05
C00250,1,2,2016-09-22 21:42:51,2016-09-22 21:44:51
C00251,1,4,2016-12-24 23:32:37,2016-12-24 23:56:12
C00252,1,1,2016-07-12 03:12:52,2016-07-12 03:12:52
C00253,1,15,2016-08-04 05:20:42,2016-12-22 15:56:12
C00254,1,28,2016-07-14 15:56:57,2016-12-25 23:01:49
C00255,1,28,2016-07-16 23:58:25,2016-12-27 00:35:35
C00256,2,3,2016-09-02 01:10:59,2016-10-31 05:04:07
C00257,1,4,2016-07-17 20:42:45,2016-11-08 15:41:36
C00258,1,8,2016-07-20 19:08:11,2016-11-29 02:37:08
C00259,1,60,2016-07-02 01:17:26,2016-12-28 06:38:33
C00260,1,6,2016-07-10 23:04:05,2016-12-25 16:10:13
C00261,1,1,2016-09-04 00:49:42,2016-09-04 00:49:42
C00262,1,5,2016-08-18 19:40:10,2016-08-20 00:26:41
C00263,1,9,2016-07-08 16:12:57,2016-10-26 17:17:43
C00264,1,4,2016-07-11 21:08:33,2016-12-19 20:37:02
C00265,1,3,2016-09-13 14:38:33,2016-11-24 16:17:56
C00266,1,22,2016-07-11 21:25:32,2016-12-31 17:44:14
C00267,1,18,2016-07-09 19:28:36,2016-12-28 17:46:24
C00268,1,10,2016-10-02 01:35:50,2016-12-28 00:32:38
C00269,1,4,2016-07-17 06:27:58,2016-08-19 00:23:45
C00270,1,6,2016-07-25 18:00:41,2016-11-22 17:12:15
C00271,1,6,2016-08-16 06:50:58,2016-10-01 01:45:30
C00272,1,47,2016-07-02 01:31:44,2016-12-19 21:57:18
C00273,1,9,2016-07-04 02:10:57,2016-10-28 23:55:55
C00274,1,5,2016-07-27 06:58:25,2016-12-23 06:36:06
C00275,1,1,2016-11-20 21:08:11,2016-11-20 21:08:11
C00276,1,23,2016-07-05 19:31:34,2016-12-27 20:17:43
C00277,1,1,2016-07-20 20:58:22,2016-07-20 20:58:22
C00278,1,4,2016-07-31 19:10:38,2016-08-14 20:15:54
C00279,1,1,2016-11-08 02:02:36,2016-11-08 02:02:36
C00280,2,129,2016-07-08 19:26:44,2016-12-30 15:20:33
C00281,1,26,2016-07-04 07:39:28,2016-12-14 11:34:00
C00282,1,2,2016-07-18 20:04:57,2016-07-20 02:58:25
C00283,1,2,2016-10-09 12:05:22,2016-10-09 13:06:41
C00284,1,2,2016-07-23 19:35:56,2016-07-27 02:02:27
C00285,1,6,2016-07-03 15:26:27,2016-08-24 17:55:40
C00286,1,18,2016-07-12 13:13:42,2016-12-23 11:14:58
C00287,1,1,2016-09-05 02:41:25,2016-09-05 02:41:25
C00288,1,25,2016-07-10 17:17:03,2016-11-18 17:52:19
C00289,1,1,2016-07-30 21:36:31,2016-07-30 21:36:31
C00290,1,8,2016-07-15 12:29:31,2016-11-16 18:27:41
C00291,1,1,2016-08-24 23:55:13,2016-08-24 23:55:13
C00292,1,1,2016-11-01 23:45:51,2016-11-01 23:45:51
C00293,1,16,2016-07-16 21:07:46,2016-12-05 00:28:58
C00294,2,1379,2016-07-04 03:15:50,2016-12-31 21:29:10
C00295,1,5,2016-07-18 16:05:48,2016-10-29 00:19:57
C00296,1,8,2016-07-15 20:50:15,2016-12-19 22:16:57
C00297,1,3,2016-08-20 05:58:48,2016-09-27 01:07:58
C00298,1,3,2016-12-29 02:44:13,2016-12-29 02:50:31
C00299,1,11,2016-07-23 18:14:57,2016-12-29 21:24:51
C00300,1,28,2016-07-22 17:14:36,2016-07-23 20:35:02
C00301,1,24,2016-07-03 23:05:17,2016-12-26 13:56:27
C00302,1,2,2016-10-19 18:16:19,2016-11-02 13:56:25
C00303,1,4,2016-12-10 15:51:13,2016-12-15 22:07:57
C00304,1,1,2016-07-11 18:59:32,2016-07-11 18:59:32
C00305,1,1,2016-07-30 02:19:24,2016-07-30 02:19:24
C00306,1,41,2016-07-05 03:10:20,2016-12-26 10:14:06
C00307,1,55,2016-07-04 19:58:56,2016-12-26 19:29:46
C00308,1,2,2016-07-21 18:24:10,2016-07-21 18:42:36
C00309,1,7,2016-08-19 16:53:15,2016-12-11 04:18:46
C00310,1,9,2016-07-12 21:22:39,2016-11-10 01:56:41
C00311,1,4,2016-09-06 22:37:05,2016-10-29 23:10:56
C00312,1,9,2016-07-28 22:37:52,2016-11-16 18:08:20
C00313,1,11,2016-07-07 19:52:32,2016-12-11 20:13:00
C00314,1,1,2016-07-22 01:11:07,2016-07-22 01:11:07
C00315,1,2,2016-08-06 18:09:14,2016-10-31 14:11:36
C00316,1,1,2016-10-23 07:34:07,2016-10-23 07:34:07
C00317,1,1,2016-09-09 18:32:00,2016-09-09 18:32:00
C00318,1,2,2016-10-19 19:40:08,2016-12-23 14:50:33
C00319,1,6,2016-09-20 20:48:52,2016-12-15 03:34:11
C00320,1,1,2016-12-29 17:13:11,2016-12-29 17:13:11
C00321,1,1,2016-11-19 01:08:31,2016-11-19 01:08:31
C00322,1,3,2016-09-14 17:37:05,2016-10-03 20:23:42
C00323,1,5,2016-07-24 03:24:21,2016-12-17 22:52:22
C00324,1,9,2016-09-14 05:30:14,2016-10-25 21:12:13
C00325,1,6,2016-07-28 02:47:57,2016-09-16 00:56:12
C00326,1,5,2016-10-02 15:12:01,2016-12-14 15:34:31
C00327,1,1,2016-11-12 00:14:40,2016-11-12 00:14:40
C00328,1,2,2016-10-04 00:24:40,2016-11-07 17:42:32
C00329,2,1167,2016-07-06 01:14:54,2016-12-31 22:21:46
C00330,1,6,2016-07-10 03:36:50,2016-09-28 14:33:45
C00331,1,310,2016-07-02 03:17:55,2016-12-29 18:37:56
C00332,2,90,2016-07-04 15:58:24,2016-12-29 20:39:17
C00333,1,1,2016-10-06 01:07:45,2016-10-06 01:07:45
C00334,1,1,2016-08-20 02:43:45,2016-08-20 02:43:45
C00335,1,5,2016-08-25 17:17:48,2016-08-25 17:33:05
C00336,1,5,2016-07-25 02:11:53,2016-09-30 22:56:26
C00337,1,12,2016-07-10 04:23:30,2016-11-25 22:04:03
C00338,1,25,2016-07-07 14:24:04,2016-12-24 17:34:58
C00339,1,1,2016-11-23 22:15:07,2016-11-23 22:15:07
C00340,1,11,2016-10-04 23:14:04,2016-12-31 13:26:05
C00341,1,1,2016-09-18 20:58:36,2016-09-18 20:58:36
C00342,1,7,2016-07-07 16:26:49,2016-11-25 05:05:37
C00343,1,1,2016-07-24 16:03:05,2016-07-24 16:03:05
C00344,1,1,2016-07-26 15:12:41,2016-07-26 15:12:41
C00345,1,8,2016-07-18 03:48:17,2016-11-06 05:54:01
C00346,1,4,2016-07-28 05:51:08,2016-12-02 06:37:18
C00347,1,1,2016-08-14 22:18:45,2016-08-14 22:18:45
C00348,1,127,2016-07-04 01:51:08,2016-12-28 23:33:17
C00349,1,4,2016-10-26 16:37:22,2016-12-13 18:57:19
C00350,1,6,2016-07-12 00:18:42,2016-12-05 14:28:30
C00351,1,1,2016-08-18 01:49:15,2016-08-18 01:49:15
C00352,1,10,2016-07-10 16:41:07,2016-11-15 00:40:58
C00353,1,27,2016-07-09 17:19:43,2016-12-13 04:35:07
C00354,1,1,2016-12-04 18:27:46,2016-12-04 18:27:46
C00355,1,4,2016-08-11 17:15:24,2016-09-30 17:42:30
C00356,1,2,2016-07-26 14:13:47,2016-07-26 14:25:00
C00357,1,16,2016-07-08 15:08:25,2016-12-15 22:58:38
C00358,1,1,2016-11-25 23:54:39,2016-11-25 23:54:39
C00359,1,1,2016-07-12 18:25:35,2016-07-12 18:25:35
C00360,1,12,2016-07-19 02:14:20,2016-12-27 21:10:39
C00361,1,3,2016-07-06 17:25:17,2016-08-20 16:39:57
C00362,1,10,2016-07-13 17:12:04,2016-12-31 14:37:53
C00363,1,2,2016-11-29 21:17:54,2016-12-23 22:08:48
C00364,1,35,2016-07-03 18:23:23,2016-12-30 18:03:10
C00365,1,2,2016-10-04 15:20:30,2016-10-15 12:47:54
C00366,1,1,2016-10-04 17:46:01,2016-10-04 17:46:01
C00367,1,1,2016-07-26 15:42:15,2016-07-26 15:42:15
C00368,1,108,2016-07-07 18:54:43,2016-12-30 01:48:47
C00369,1,19,2016-07-05 18:31:31,2016-11-23 21:59:06
C00370,1,5,2016-08-19 01:43:06,2016-11-14 19:34:55
C00371,1,2,2016-11-11 13:26:18,2016-11-28 12:10:05
C00372,1,1,2016-11-04 17:07:05,2016-11-04 17:07:05
C00373,1,2,2016-10-15 13:24:43,2016-10-26 17:06:03
C00374,1,4,2016-07-05 00:57:33,2016-09-25 18:50:47
C00375,1,8,2016-07-25 22:24:40,2016-12-23 14:33:57
C00376,1,2,2016-08-20 15:23:17,2016-09-20 18:37:17
C00377,1,1,2016-10-02 13:12:54,2016-10-02 13:12:54
C00378,1,5,2016-11-07 23:09:26,2016-12-29 02:46:55
C00379,1,1,2016-08-26 04:33:35,2016-08-26 04:33:35
C00380,1,2,2016-08-23 21:12:27,2016-09-04 15:20:37
C00381,1,8,2016-07-15 20:40:45,2016-11-13 19:19:49
C00382,1,13,2016-07-03 01:35:58,2016-11-17 18:55:54
C00383,1,1,2016-08-26 20:52:52,2016-08-26 20:52:52
C00384,1,13,2016-07-03 22:03:05,2016-09-11 04:34:53
C00385,1,5,2016-07-24 03:41:15,2016-12-04 16:36:56
C00386,1,72,2016-07-02 22:59:20,2016-12-22 16:25:58
C00387,1,1,2016-11-19 01:12:43,2016-11-19 01:12:43
C00388,1,2,2016-07-25 14:14:43,2016-08-08 00:15:59
C00389,1,1,2016-08-28 21:44:32,2016-08-28 21:44:32
C00390,1,4,2016-09-18 15:25:43,2016-11-27 16:12:15
C00391,1,1,2016-08-10 16:03:28,2016-08-10 16:03:28
C00392,1,5,2016-08-13 15:26:31,2016-12-07 04:27:11
C00393,1,7,2016-07-09 00:36:52,2016-11-22 20:32:47
C00394,1,4,2016-08-27 01:00:45,2016-12-03 17:11:07
C00395,1,21,2016-07-03 04:47:44,2016-12-22 22:32:38
C00396,1,2,2016-07-19 17:09:50,2016-12-03 20:52:09
C00397,1,8,2016-08-24 18:29:54,2016-11-24 17:55:02
C00398,1,6,2016-09-12 01:53:07,2016-10-19 16:36:10
C00399,1,13,2016-07-17 02:40:35,2016-12-30 16:33:05
C00400,1,44,2016-07-19 13:28:44,2016-12-13 15:08:38
C00401,1,1,2016-11-20 14:55:41,2016-11-20 14:55:41
C00402,1,2,2016-10-06 21:28:29,2016-11-28 14:08:12
C00403,1,7,2016-07-19 14:09:28,2016-08-15 20:34:44
C00404,1,2,2016-09-02 22:36:56,2016-11-27 14:39:26
C00405,1,72,2016-07-14 14:30:00,2016-12-23 16:21:30
C00406,1,35,2016-07-04 20:26:05,2016-12-28 23:18:36
C00407,1,3,2016-07-23 22:16:57,2016-09-28 12:46:16
C00408,1,9,2016-07-23 23:35:42,2016-12-30 06:50:01
C00409,1,71,2016-07-02 19:34:37,2016-12-25 18:30:38
C00410,1,25,2016-07-09 16:58:01,2016-12-20 00:57:51
C00411,1,1,2016-11-10 00:02:43,2016-11-10 00:02:43
C00412,1,2,2016-10-26 23:46:55,2016-11-08 11:19:22
C00413,1,1,2016-10-14 13:53:25,2016-10-14 13:53:25
C00414,1,75,2016-07-03 18:30:27,2016-12-26 15:42:43
C00415,1,8,2016-07-03 15:10:02,2016-12-13 22:32:07
C00416,1,115,2016-07-07 20:37:54,2016-12-27 03:53:29
C00417,1,1,2016-07-11 15:39:02,2016-07-11 15:39:02
C00418,1,2,2016-10-03 17:17:21,2016-12-06 21:23:43
C00419,2,48,2016-07-22 23:30:41,2016-12-31 17:47:59
C00420,1,2,2016-07-26 17:19:30,2016-11-19 19:24:03
C00421,1,12,2016-07-21 18:36:56,2016-10-19 13:53:26
C00422,1,39,2016-07-03 19:44:22,2016-12-29 11:02:50
C00423,1,1,2016-11-22 15:30:55,2016-11-22 15:30:55
C00424,1,5,2016-07-02 15:14:06,2016-12-17 17:09:29
C00425,1,1,2016-12-07 21:31:01,2016-12-07 21:31:01
C00426,2,291,2016-07-03 02:54:23,2016-12-28 02:03:59
C00427,1,7,2016-07-23 12:23:10,2016-10-18 17:49:05
C00428,1,6,2016-07-24 15:51:42,2016-12-28 18:31:18
C00429,1,6,2016-07-07 22:08:27,2016-12-15 18:40:59
C00430,1,12,2016-07-09 15:54:50,2016-11-03 15:55:31
C00431,1,1,2016-09-13 02:52:38,2016-09-13 02:52:38
C00432,1,2,2016-08-05 18:29:38,2016-08-05 18:45:14
C00433,1,7,2016-08-06 02:02:45,2016-12-22 20:00:36
C00434,1,1,2016-11-17 22:08:18,2016-11-17 22:08:18
C00435,1,7,2016-07-20 19:26:50,2016-09-14 15:55:10
C00436,1,12,2016-07-10 02:17:14,2016-12-16 04:46:51
C00437,1,1,2016-09-03 16:42:17,2016-09-03 16:42:17
C00438,1,2,2016-07-07 14:58:54,2016-08-08 14:57:36
C00439,1,5,2016-09-15 17:28:42,2016-11-12 16:16:52
C00440,1,1,2016-09-21 23:43:07,2016-09-21 23:43:07
C00441,1,1,2016-08-14 00:34:39,2016-08-14 00:34:39
C00442,1,3,2016-07-25 23:14:19,2016-12-12 22:35:25
C00443,1,8,2016-07-18 12:04:32,2016-12-07 09:53:48
C00444,1,2,2016-10-11 05:29:48,2016-12-18 17:06:02
C00445,1,1,2016-07-22 12:53:38,2016-07-22 12:53:38
C00446,1,6,2016-07-13 10:46:09,2016-12-10 00:16:40
C00447,1,2,2016-11-09 15:32:47,2016-11-09 17:47:00
C00448,1,7,2016-08-28 16:30:26,2016-12-26 14:38:38
C00449,1,26,2016-07-03 20:58:37,2016-12-12 02:16:57
C00450,1,155,2016-07-05 14:35:51,2016-12-30 23:36:45
C00451,1,45,2016-07-10 02:49:11,2016-12-08 21:54:58
C00452,2,573,2016-07-04 11:51:37,2016-12-31 20:44:06
C00453,1,5,2016-07-31 19:09:07,2016-12-21 17:41:29
C00454,1,4,2016-07-05 21:57:21,2016-11-18 12:36:42
C00455,1,2,2016-07-14 21:47:24,2016-08-19 18:43:53
C00456,1,1,2016-07-05 01:17:36,2016-07-05 01:17:36
C00457,1,6,2016-07-16 00:53:30,2016-10-26 15:54:48
C00458,1,32,2016-07-07 23:43:10,2016-11-29 03:35:46
C00459,1,7,2016-07-17 22:25:38,2016-12-17 01:19:20
C00460,1,10,2016-07-09 17:23:18,2016-10-26 23:34:39
C00461,1,1,2016-11-07 16:56:04,2016-11-07 16:56:04
C00462,1,2,2016-08-29 18:26:19,2016-09-03 00:16:33
C00463,1,1,2016-08-13 08:41:12,2016-08-13 08:41:12
C00464,1,3,2016-07-08 21:33:00,2016-07-20 05:01:39
C00465,1,1,2016-07-22 20:26:19,2016-07-22 20:26:19
C00466,1,77,2016-07-05 07:20:07,2016-12-21 16:41:02
C00467,1,5,2016-08-13 23:10:29,2016-10-19 21:46:46
C00468,1,1,2016-07-14 15:37:20,2016-07-14 15:37:20
C00469,1,3,2016-07-14 23:51:42,2016-12-26 21:37:11
C00470,1,1,2016-11-14 01:35:48,2016-11-14 01:35:48
C00471,1,1,2016-07-28 00:59:21,2016-07-28 00:59:21
C00472,1,18,2016-07-23 23:26:33,2016-12-26 11:50:12
C00473,1,58,2016-07-06 00:17:53,2016-12-31 20:20:30
C00474,1,13,2016-07-12 21:31:55,2016-12-28 22:42:14
C00475,1,2,2016-12-22 19:50:14,2016-12-26 01:35:33
C00476,1,2,2016-12-28 16:39:28,2016-12-30 13:58:16
C00477,2,16,2016-07-08 23:19:57,2016-12-29 21:47:13
C00478,1,3,2016-11-03 03:11:41,2016-11-09 22:35:58
C00479,1,5,2016-07-08 21:40:19,2016-11-03 16:48:21
C00480,1,1,2016-09-05 20:47:48,2016-09-05 20:47:48
C00481,1,1,2016-07-27 04:12:46,2016-07-27 04:12:46
C00482,1,2,2016-07-27 17:33:19,2016-07-28 21:02:31
C00483,1,54,2016-07-05 13:49:50,2016-12-27 19:46:33
C00484,1,1,2016-09-03 15:48:16,2016-09-03 15:48:16
C00485,1,7,2016-07-14 16:04:38,2016-10-01 19:23:31
C00486,1,4,2016-12-22 20:16:39,2016-12-22 20:42:41
C00487,1,2,2016-10-11 18:57:43,2016-10-11 19:04:05
C00488,1,72,2016-07-05 08:10:37,2016-12-31 02:06:31
C00489,1,27,2016-07-17 21:32:49,2016-12-31 22:59:31
C00490,1,1,2016-07-31 05:20:09,2016-07-31 05:20:09
C00491,1,4,2016-07-22 05:39:31,2016-11-14 14:54:10
C00492,1,1,2016-09-24 13:41:31,2016-09-24 13:41:31
C00493,1,3,2016-07-19 17:03:33,2016-09-27 18:58:35
C00494,1,1,2016-12-17 13:38:55,2016-12-17 13:38:55
C00495,1,24,2016-09-18 20:36:57,2016-12-22 20:33:34
C00496,1,3,2016-07-04 15:41:16,2016-08-19 19:06:41
C00497,1,1,2016-10-04 15:58:04,2016-10-04 15:58:04
C00498,1,66,2016-07-13 01:56:26,2016-12-22 05:27:57
C00499,1,1,2016-10-09 20:22:04,2016-10-09 20:22:04
C00500,1,2,2016-09-19 23:24:59,2016-12-14 18:19:46
C00501,1,73,2016-07-06 21:42:22,2016-12-31 15:57:05
C00502,1,20,2016-07-04 05:09:13,2016-12-21 14:52:48
C00503,1,2,2016-11-21 22:43:37,2016-11-29 23:47:39
C00504,1,9,2016-07-18 14:53:23,2016-12-01 15:22:18
C00505,1,13,2016-08-06 22:46:20,2016-12-28 20:44:58
C00506,1,1,2016-11-05 01:24:28,2016-11-05 01:24:28
C00507,1,1,2016-09-27 00:59:10,2016-09-27 00:59:10
C00508,1,9,2016-08-23 21:33:20,2016-12-26 21:59:51
C00509,1,27,2016-07-02 21:16:09,2016-11-25 03:07:21
C00510,1,25,2016-07-06 11:06:05,2016-12-26 17:24:16
C00511,1,4,2016-08-03 17:30:04,2016-11-09 17:17:07
C00512,1,8,2016-08-29 17:17:09,2016-10-20 19:03:28
C00513,1,77,2016-07-04 01:09:20,2016-12-27 13:59:39
C00514,1,2,2016-07-12 23:09:13,2016-10-06 13:10:55
C00515,1,9,2016-07-29 14:46:55,2016-10-15 20:25:48
C00516,1,1,2016-07-26 22:07:05,2016-07-26 22:07:05
C00517,1,2,2016-08-14 03:34:56,2016-09-19 23:12:12
C00518,1,1,2016-07-28 03:34:13,2016-07-28 03:34:13
C00519,1,84,2016-07-10 21:34:18,2016-12-31 18:32:03
C00520,2,10,2016-07-17 09:49:58,2016-12-09 01:31:14
C00521,1,1,2016-07-26 20:40:17,2016-07-26 20:40:17
C00522,1,8,2016-07-02 21:29:06,2016-12-28 20:32:19
C00523,1,1,2016-12-08 14:50:47,2016-12-08 14:50:47
C00524,1,2,2016-07-18 22:55:47,2016-11-21 21:56:00
C00525,1,26,2016-07-19 00:00:41,2016-12-28 17:09:41
C00526,1,1,2016-10-07 23:21:43,2016-10-07 23:21:43
C00527,1,38,2016-07-03 15:24:01,2016-12-29 18:25:23
C00528,1,20,2016-07-10 15:36:07,2016-12-14 22:38:29
C00529,1,7,2016-07-18 16:32:11,2016-12-31 16:08:34
C00530,1,2,2016-09-06 21:36:37,2016-12-07 23:32:30
C00531,1,6,2016-08-07 03:11:49,2016-08-09 23:27:59
C00532,1,6,2016-07-08 16:24:17,2016-07-29 22:56:17
C00533,1,4,2016-07-04 15:13:37,2016-07-07 04:31:10
C00534,2,146,2016-07-07 00:17:15,2016-12-30 17:36:24
C00535,1,53,2016-07-03 22:53:58,2016-12-22 00:44:53
C00536,1,4,2016-07-07 02:22:37,2016-07-25 21:24:34
C00537,1,2,2016-10-13 04:58:06,2016-10-30 18:13:38
C00538,1,4,2016-07-09 23:32:28,2016-10-04 22:17:16
C00539,1,5,2016-07-09 21:21:19,2016-12-28 20:19:32
C00540,2,207,2016-07-05 00:16:02,2016-12-29 00:31:11
C00541,1,1,2016-07-15 01:52:52,2016-07-15 01:52:52
C00542,1,32,2016-07-06 06:11:56,2016-12-06 17:20:18
C00543,1,97,2016-07-02 23:11:56,2016-12-29 23:45:06
C00544,1,3,2016-07-15 14:42:44,2016-10-31 22:38:15
C00545,1,77,2016-07-06 02:57:00,2016-12-30 01:06:34
C00546,1,42,2016-07-05 17:07:54,2016-12-31 13:08:03
C00547,1,18,2016-07-06 05:04:21,2016-12-07 00:21:18
C00548,1,1,2016-09-05 21:57:31,2016-09-05 21:57:31
C00549,1,16,2016-07-19 19:34:20,2016-11-21 22:26:13
C00550,1,11,2016-07-16 22:09:48,2016-10-19 19:21:38
C00551,1,1,2016-11-09 18:04:21,2016-11-09 18:04:21
C00552,1,1,2016-08-18 02:17:16,2016-08-18 02:17:16
C00553,2,4,2016-08-31 19:40:20,2016-12-30 21:22:06
C00554,1,2,2016-11-06 17:06:49,2016-12-16 18:57:19
C00555,1,8,2016-07-17 17:57:35,2016-12-16 22:38:25
C00556,1,12,2016-07-06 13:38:18,2016-12-25 20:12:50
C00557,1,105,2016-07-03 16:49:41,2016-12-28 18:17:49
C00558,1,7,2016-07-13 21:24:09,2016-11-03 20:35:13
C00559,1,19,2016-07-18 22:54:09,2016-12-03 16:55:15
C00560,1,72,2016-07-03 16:24:00,2016-12-25 23:44:51
C00561,1,4,2016-09-12 18:53:08,2016-12-20 11:59:48
C00562,1,1,2016-11-25 21:14:00,2016-11-25 21:14:00
C00563,1,7,2016-07-16 17:33:05,2016-12-14 17:09:42
C00564,1,13,2016-07-06 23:04:36,2016-12-09 18:30:10
C00565,1,3,2016-08-11 21:47:03,2016-11-12 15:03:58
C00566,1,1,2016-08-09 20:30:30,2016-08-09 20:30:30
C00567,1,17,2016-07-04 22:24:56,2016-12-04 13:22:48
C00568,1,3,2016-07-25 07:16:00,2016-10-01 16:11:58
C00569,1,12,2016-08-16 16:24:21,2016-12-16 04:03:23
C00570,1,2,2016-07-10 17:24:16,2016-08-24 17:50:25
C00571,1,253,2016-07-05 17:22:13,2016-12-31 23:53:54
C00572,1,5,2016-07-16 20:10:10,2016-12-18 22:53:16
C00573,1,5,2016-07-06 19:16:40,2016-10-14 17:21:17
C00574,1,1,2016-12-14 19:17:48,2016-12-14 19:17:48
C00575,1,3,2016-09-07 20:23:58,2016-11-24 22:40:26
C00576,1,14,2016-07-17 13:39:45,2016-12-01 23:15:04
C00577,1,23,2016-07-05 14:41:34,2016-12-04 20:27:22
C00578,1,9,2016-07-13 01:01:13,2016-12-27 00:22:05
C00579,1,7,2016-07-26 19:47:42,2016-09-23 15:53:10
C00580,1,8,2016-07-07 16:53:24,2016-10-24 12:24:29
C00581,1,1,2016-08-30 15:27:42,2016-08-30 15:27:42
C00582,1,2,2016-07-17 01:31:29,2016-08-13 19:09:23
C00583,1,117,2016-07-07 05:28:41,2016-12-31 21:54:39
C00584,1,34,2016-07-03 22:25:29,2016-12-29 01:04:37
C00585,1,1,2016-07-31 00:50:50,2016-07-31 00:50:50
C00586,1,2,2016-11-04 01:38:03,2016-11-04 01:55:40
C00587,1,7,2016-07-11 19:28:15,2016-11-18 19:00:31
C00588,1,1,2016-08-03 19:09:08,2016-08-03 19:09:08
C00589,1,2,2016-07-08 20:56:32,2016-08-28 00:13:42
C00590,1,7,2016-07-26 01:28:39,2016-12-06 16:28:46
C00591,1,2,2016-07-19 01:51:14,2016-12-25 14:31:32
C00592,1,10,2016-08-09 17:26:44,2016-11-06 12:37:05
C00593,1,1,2016-08-07 14:58:19,2016-08-07 14:58:19
C00594,1,34,2016-07-03 01:52:44,2016-12-28 16:39:03
C00595,1,4,2016-07-12 23:12:44,2016-12-18 18:59:33
C00596,1,6,2016-08-17 05:07:50,2016-09-28 16:44:15
C00597,1,1,2016-12-12 16:59:26,2016-12-12 16:59:26
C00598,1,10,2016-09-07 04:24:37,2016-12-15 15:51:45
C00599,2,35,2016-07-05 17:42:46,2016-12-13 18:19:25
C00600,1,1,2016-11-04 22:29:23,2016-11-04 22:29:23
C00601,1,1,2016-07-06 05:47:34,2016-07-06 05:47:34
C00602,1,3,2016-08-13 23:35:10,2016-10-12 01:35:26
C00603,1,1,2016-10-06 15:16:41,2016-10-06 15:16:41
C00604,1,2,2016-07-24 19:04:40,2016-08-11 05:47:51
C00605,1,3,2016-10-28 20:24:24,2016-11-09 19:48:59
C00606,1,25,2016-07-09 04:23:12,2016-12-26 04:53:02
C00607,1,1,2016-12-11 18:44:11,2016-12-11 18:44:11
C00608,1,1,2016-12-12 14:16:36,2016-12-12 14:16:36
C00609,1,3,2016-07-15 21:22:39,2016-10-15 14:12:32
C00610,1,1,2016-07-20 15:26:12,2016-07-20 15:26:12
C00611,1,4,2016-07-07 21:00:33,2016-09-08 01:32:03
C00612,1,1,2016-07-19 01:10:23,2016-07-19 01:10:23
C00613,1,7,2016-09-12 18:21:57,2016-12-24 15:58:33
C00614,2,431,2016-07-02 02:34:25,2016-12-30 22:58:09
C00615,1,1,2016-09-15 14:52:47,2016-09-15 14:52:47
C00616,1,1,2016-12-01 13:28:08,2016-12-01 13:28:08
C00617,1,1,2016-09-17 02:38:15,2016-09-17 02:38:15
C00618,1,3,2016-08-12 20:05:14,2016-11-30 15:21:41
C00619,1,1,2016-11-13 16:08:38,2016-11-13 16:08:38
C00620,1,8,2016-07-10 17:47:48,2016-11-28 00:03:05
C00621,2,921,2016-07-04 11:41:10,2016-12-31 20:53:55
C00622,1,1,2016-07-08 18:01:50,2016-07-08 18:01:50
C00623,1,2,2016-07-10 16:15:18,2016-07-29 22:53:01
C00624,1,1,2016-12-29 14:25:55,2016-12-29 14:25:55
C00625,1,2,2016-07-30 20:07:17,2016-10-26 16:50:32
C00626,1,14,2016-07-12 21:12:19,2016-12-22 19:28:40
C00627,1,1,2016-09-11 09:05:23,2016-09-11 09:05:23
C00628,1,2,2016-09-28 19:13:47,2016-10-26 08:19:52
C00629,1,23,2016-07-12 22:03:53,2016-12-11 23:49:08
C00630,1,7,2016-09-17 19:26:09,2016-12-23 18:03:13
C00631,1,7,2016-07-06 22:11:36,2016-11-09 14:42:03
C00632,1,1,2016-07-20 19:03:17,2016-07-20 19:03:17
C00633,1,3,2016-07-11 23:53:21,2016-07-25 22:40:13
C00634,1,4,2016-07-27 21:36:51,2016-10-25 21:20:12
C00635,1,10,2016-07-04 20:36:28,2016-12-10 13:37:32
C00636,1,1,2016-07-26 15:34:58,2016-07-26 15:34:58
C00637,1,13,2016-07-08 02:07:23,2016-11-25 14:42:52
C00638,1,3,2016-07-25 16:55:46,2016-09-09 03:06:13
C00639,1,6,2016-07-10 23:33:46,2016-09-23 15:22:02
C00640,1,12,2016-07-10 16:17:05,2016-12-10 20:20:49
C00641,2,2,2016-07-18 16:47:37,2016-10-02 16:17:27
C00642,2,425,2016-07-02 20:37:58,2016-12-30 19:40:26
C00643,1,3,2016-07-26 00:34:30,2016-08-27 14:31:37
C00644,1,2,2016-08-30 23:15:37,2016-09-24 21:07:53
C00645,1,1,2016-11-03 20:25:26,2016-11-03 20:25:26
C00646,1,1,2016-07-22 14:30:32,2016-07-22 14:30:32
C00647,1,3,2016-10-03 01:31:34,2016-10-05 15:31:26
C00648,1,4,2016-07-29 16:55:32,2016-10-06 18:30:48
C00649,1,10,2016-07-08 18:43:36,2016-11-03 14:28:01
C00650,1,15,2016-07-03 18:13:16,2016-12-14 22:39:31
C00651,1,1,2016-07-07 02:34:31,2016-07-07 02:34:31
C00652,1,1,2016-12-23 23:14:45,2016-12-23 23:14:45
C00653,1,7,2016-07-04 22:35:25,2016-10-03 02:31:10
C00654,1,1,2016-07-11 23:46:04,2016-07-11 23:46:04
C00655,1,5,2016-07-25 20:46:10,2016-09-21 08:13:27
C00656,1,1,2016-08-18 18:58:11,2016-08-18 18:58:11
C00657,1,24,2016-07-09 02:12:12,2016-12-30 02:19:19
C00658,1,1,2016-07-07 22:09:59,2016-07-07 22:09:59
C00659,1,26,2016-07-03 23:16:51,2016-12-20 14:54:37
C00660,1,16,2016-07-06 00:18:03,2016-12-28 20:31:44
C00661,1,1,2016-08-22 19:14:51,2016-08-22 19:14:51
C00662,1,3,2016-07-10 14:29:08,2016-08-29 23:57:58
C00663,1,4,2016-07-11 03:19:24,2016-12-05 18:55:09
C00664,1,1,2016-09-02 04:37:03,2016-09-02 04:37:03
C00665,1,2,2016-07-20 22:30:34,2016-07-30 04:21:49
C00666,1,9,2016-09-07 07:34:04,2016-12-29 18:32:34
C00667,1,6,2016-07-04 12:19:48,2016-11-30 19:48:03
C00668,1,1,2016-12-18 06:14:55,2016-12-18 06:14:55
C00669,1,1,2016-11-01 16:36:20,2016-11-01 16:36:20
C00670,1,2,2016-07-24 00:15:07,2016-09-19 01:57:10
C00671,1,1,2016-08-15 17:11:34,2016-08-15 17:11:34
C00672,1,9,2016-07-12 22:30:33,2016-12-27 11:55:44
C00673,1,1,2016-10-16 00:34:18,2016-10-16 00:34:18
C00674,1,9,2016-07-03 18:21:08,2016-11-28 20:19:19
C00675,1,1,2016-07-17 19:57:53,2016-07-17 19:57:53
C00676,1,3,2016-08-01 05:15:14,2016-10-09 21:04:45
C00677,1,10,2016-07-30 19:43:32,2016-12-04 23:45:23
C00678,1,4,2016-10-06 02:31:28,2016-10-15 07:38:45
C00679,1,5,2016-07-26 15:46:42,2016-12-12 15:59:16
C00680,1,2,2016-10-24 02:27:19,2016-11-22 03:14:42
C00681,1,39,2016-07-10 21:47:33,2016-12-23 17:45:40
C00682,1,3,2016-07-22 16:51:40,2016-11-16 20:35:22
C00683,1,49,2016-07-05 15:16:58,2016-12-27 22:21:36
C00684,1,12,2016-08-07 01:43:23,2016-08-07 02:50:24
C00685,1,8,2016-07-10 06:25:20,2016-11-13 19:41:05
C00686,1,1,2016-07-14 15:11:54,2016-07-14 15:11:54
C00687,1,1,2016-11-22 19:41:07,2016-11-22 19:41:07
C00688,1,5,2016-09-17 22:34:07,2016-12-27 13:44:56
C00689,1,1,2016-07-18 05:07:38,2016-07-18 05:07:38
C00690,1,1,2016-11-09 03:13:42,2016-11-09 03:13:42
C00691,1,2,2016-08-29 19:53:30,2016-08-29 19:54:01
C00692,1,11,2016-07-11 17:56:41,2016-09-14 18:00:33
C00693,1,33,2016-07-16 14:30:50,2016-12-30 03:14:55
C00694,1,2,2016-10-31 14:16:21,2016-12-12 19:14:54
C00695,1,1,2016-08-03 15:47:24,2016-08-03 15:47:24
C00696,1,4,2016-09-26 23:51:38,2016-11-21 23:53:52
C00697,1,10,2016-07-15 02:22:28,2016-12-30 01:28:40
C00698,1,1,2016-08-01 13:17:35,2016-08-01 13:17:35
C00699,1,1,2016-09-09 16:07:09,2016-09-09 16:07:09
C00700,1,6,2016-08-02 01:06:35,2016-12-28 22:17:49
C00701,1,10,2016-07-05 18:21:08,2016-12-10 22:56:35
C00702,1,10,2016-07-20 17:08:41,2016-11-11 18:26:30
C00703,1,1,2016-07-10 14:55:28,2016-07-10 14:55:28
C00704,1,56,2016-07-02 23:20:23,2016-12-27 17:30:49
C00705,1,2,2016-10-09 01:03:18,2016-10-11 01:47:41
C00706,1,2,2016-07-18 12:22:19,2016-09-08 15:18:49
C00707,1,1,2016-10-11 15:17:53,2016-10-11 15:17:53
C00708,1,1,2016-07-24 13:58:28,2016-07-24 13:58:28
C00709,1,1,2016-09-07 22:47:33,2016-09-07 22:47:33
C00710,1,1,2016-08-26 03:01:41,2016-08-26 03:01:41
C00711,1,1,2016-12-17 05:25:22,2016-12-17 05:25:22
C00712,1,25,2016-07-03 22:54:09,2016-12-25 01:09:31
C00713,1,7,2016-07-13 00:45:57,2016-12-20 13:37:09
C00714,1,2,2016-12-22 01:56:02,2016-12-28 17:23:41
C00715,1,2,2016-07-23 17:30:39,2016-12-13 14:51:46
C00716,1,18,2016-07-09 21:49:50,2016-12-30 16:22:54
C00717,1,5,2016-09-08 01:58:38,2016-10-29 22:04:54
C00718,1,3,2016-08-30 19:34:18,2016-12-07 16:52:17
C00719,1,15,2016-09-06 01:47:23,2016-12-04 17:56:28
C00720,1,4,2016-11-07 02:53:02,2016-12-12 18:34:27
C00721,1,13,2016-07-30 20:12:50,2016-09-30 23:41:50
C00722,1,22,2016-07-27 20:06:25,2016-12-30 17:09:26
C00723,2,20,2016-07-03 12:41:56,2016-12-09 11:37:25
C00724,1,5,2016-07-03 17:19:54,2016-11-10 23:56:50
C00725,1,16,2016-07-14 01:00:10,2016-12-15 18:30:05
C00726,1,78,2016-07-05 03:12:16,2016-12-30 15:24:46
C00727,1,9,2016-07-05 17:04:22,2016-12-23 20:30:05
C00728,2,510,2016-07-04 04:23:33,2016-12-31 23:18:36
C00729,1,1,2016-08-11 18:19:45,2016-08-11 18:19:45
C00730,1,25,2016-07-15 11:27:39,2016-12-28 18:01:13
C00731,1,40,2016-07-08 23:20:48,2016-12-30 16:48:20
C00732,1,10,2016-07-02 03:45:04,2016-11-29 19:13:36
C00733,1,5,2016-07-08 19:52:10,2016-10-23 19:04:15
C00734,1,18,2016-07-22 02:10:50,2016-12-15 21:01:12
C00735,1,2,2016-07-27 19:51:30,2016-11-03 16:43:04
C00736,1,14,2016-07-25 01:10:35,2016-11-23 04:12:18
C00737,1,1,2016-07-21 00:19:41,2016-07-21 00:19:41
C00738,1,2,2016-11-06 21:25:04,2016-11-06 21:43:10
C00739,1,18,2016-07-03 20:13:36,2016-12-01 22:03:40
C00740,1,2,2016-09-19 16:13:10,2016-12-14 15:01:00
C00741,1,68,2016-07-07 14:43:48,2016-12-28 21:24:52
C00742,1,1,2016-07-12 20:40:29,2016-07-12 20:40:29
C00743,1,4,2016-09-23 23:05:02,2016-12-02 15:52:25
C00744,1,4,2016-08-21 04:37:56,2016-11-07 23:04:34
C00745,1,1,2016-08-17 01:56:42,2016-08-17 01:56:42
C00746,1,1,2016-09-30 13:44:26,2016-09-30 13:44:26
C00747,1,2,2016-08-07 20:26:06,2016-10-09 21:20:40
C00748,1,4,2016-08-04 22:27:40,2016-12-24 22:19:57
C00749,1,122,2016-07-04 16:17:13,2016-12-31 00:34:35
C00750,2,4410,2016-07-02 00:56:13,2016-12-28 23:49:37
C00751,1,4,2016-10-10 01:00:35,2016-12-21 18:19:07
C00752,1,14,2016-07-05 18:44:31,2016-12-17 22:57:35
C00753,1,1,2016-12-18 02:44:06,2016-12-18 02:44:06
C00754,2,27,2016-07-06 18:40:18,2016-12-29 22:46:47
C00755,1,1,2016-07-18 03:00:31,2016-07-18 03:00:31
C00756,1,13,2016-07-08 18:19:24,2016-12-20 15:18:09
C00757,1,4,2016-12-05 21:33:56,2016-12-24 19:35:19
C00758,1,4,2016-07-15 02:12:19,2016-11-21 20:08:18
C00759,1,2,2016-09-27 18:50:31,2016-09-27 20:22:01
C00760,1,4,2016-11-30 22:45:04,2016-12-18 17:28:30
C00761,1,2,2016-07-12 22:49:02,2016-07-20 01:41:52
C00762,1,2,2016-08-01 23:59:58,2016-09-07 21:32:08
C00763,1,6,2016-08-19 20:44:42,2016-12-17 15:57:57
C00764,1,1,2016-08-23 18:23:15,2016-08-23 18:23:15
C00765,1,18,2016-07-11 23:14:57,2016-08-22 20:47:48
C00766,1,2,2016-08-19 02:55:28,2016-10-15 17:45:34
C00767,1,3,2016-07-08 17:56:22,2016-10-13 14:34:46
C00768,2,1523,2016-07-04 01:18:44,2016-12-31 21:47:23
C00769,1,31,2016-07-10 17:32:57,2016-12-29 23:34:51
C00770,1,1,2016-09-27 00:02:27,2016-09-27 00:02:27
C00771,1,3,2016-07-15 19:23:42,2016-09-10 01:39:37
C00772,1,2,2016-09-20 19:03:02,2016-10-20 00:56:15
C00773,2,539,2016-07-02 09:58:19,2016-12-30 21:55:29
C00774,1,36,2016-07-04 15:25:24,2016-12-24 22:42:30
C00775,1,2,2016-10-04 19:46:06,2016-12-01 18:31:27
C00776,1,15,2016-07-10 16:53:17,2016-12-29 13:16:49
C00777,1,270,2016-07-05 01:01:25,2016-12-31 18:26:23
C00778,1,1,2016-11-23 20:57:41,2016-11-23 20:57:41
C00779,1,198,2016-07-02 22:01:55,2016-12-28 19:06:06
C00780,1,19,2016-07-05 01:08:27,2016-12-23 00:43:41
C00781,1,5,2016-09-30 21:45:43,2016-11-20 05:09:07
C00782,1,237,2016-07-04 19:14:18,2016-12-31 19:55:41
C00783,1,14,2016-08-02 20:30:55,2016-12-15 20:21:31
C00784,1,10,2016-07-15 12:45:30,2016-12-08 15:20:56
C00785,1,14,2016-07-11 19:58:20,2016-12-22 13:27:29
C00786,1,2,2016-07-24 16:22:37,2016-07-24 16:43:09
C00787,1,10,2016-07-09 16:07:52,2016-10-18 17:29:38
C00788,1,5,2016-07-05 22:16:29,2016-12-07 19:02:30
C00789,1,3,2016-08-15 21:41:49,2016-09-25 12:06:21
C00790,1,2,2016-07-16 00:36:27,2016-07-21 23:47:28
C00791,1,5,2016-07-23 16:11:17,2016-11-16 16:35:33
C00792,1,8,2016-07-23 18:30:51,2016-10-24 17:35:55
C00793,1,1,2016-12-01 17:21:28,2016-12-01 17:21:28
C00794,1,1,2016-11-02 19:37:44,2016-11-02 19:37:44
C00795,1,3,2016-08-03 23:16:02,2016-11-09 14:57:20
C00796,1,64,2016-07-09 19:37:55,2016-12-30 22:49:28
C00797,1,10,2016-07-08 22:44:35,2016-12-20 20:26:25
C00798,1,1,2016-07-17 03:15:39,2016-07-17 03:15:39
C00799,1,1,2016-07-24 14:39:29,2016-07-24 14:39:29
C00800,1,20,2016-07-10 01:39:56,2016-12-19 20:54:33
C00801,1,28,2016-07-05 05:19:22,2016-12-24 02:22:05
C00802,1,3,2016-07-26 16:17:08,2016-09-16 23:17:13
C00803,1,19,2016-07-03 02:58:55,2016-12-23 12:35:22
C00804,1,24,2016-07-11 04:10:50,2016-12-28 11:55:09
C00805,1,21,2016-07-11 19:09:13,2016-12-30 20:37:08
C00806,1,1,2016-07-06 14:32:49,2016-07-06 14:32:49
C00807,1,2,2016-07-09 12:32:45,2016-07-22 12:16:38
C00808,1,1,2016-08-21 03:53:53,2016-08-21 03:53:53
C00809,1,4,2016-08-11 19:06:37,2016-10-07 23:19:50
C00810,1,52,2016-07-06 14:20:02,2016-12-20 02:07:40
C00811,1,1,2016-12-10 19:55:25,2016-12-10 19:55:25
C00812,1,2,2016-08-08 12:34:27,2016-09-26 22:38:17
C00813,1,14,2016-07-07 18:14:19,2016-12-29 16:38:27
C00814,1,8,2016-08-26 20:19:53,2016-12-05 06:36:03
C00815,1,16,2016-07-07 04:28:57,2016-12-18 18:16:25
C00816,1,3,2016-07-24 14:49:55,2016-11-21 09:10:30
C00817,1,14,2016-07-23 21:39:17,2016-12-27 15:13:30
C00818,1,10,2016-08-21 17:41:35,2016-12-27 12:53:13
C00819,1,4,2016-08-22 18:15:59,2016-09-12 08:19:52
C00820,1,465,2016-07-05 11:42:29,2016-12-31 22:50:19
C00821,1,2,2016-09-18 22:10:25,2016-10-01 02:55:35
C00822,1,2,2016-10-02 00:49:08,2016-10-18 22:37:08
C00823,1,94,2016-07-02 15:10:57,2016-12-20 13:42:58
C00824,1,12,2016-08-01 02:22:05,2016-12-16 22:21:56
C00825,1,1,2016-07-26 18:34:18,2016-07-26 18:34:18
C00826,1,12,2016-07-04 00:13:29,2016-12-02 17:57:14
C00827,1,1,2016-07-28 01:34:28,2016-07-28 01:34:28
C00828,1,1,2016-07-09 12:46:25,2016-07-09 12:46:25
C00829,1,1,2016-12-03 18:32:34,2016-12-03 18:32:34
C00830,1,2,2016-09-05 19:43:48,2016-09-13 23:00:36
C00831,1,1,2016-07-15 22:37:23,2016-07-15 22:37:23
C00832,1,11,2016-07-18 05:29:47,2016-12-16 02:39:26
C00833,1,10,2016-07-18 21:34:09,2016-11-27 13:05:56
C00834,2,59,2016-07-04 00:54:45,2016-12-04 13:30:05
C00835,1,4,2016-07-05 15:00:09,2016-12-07 13:54:35
C00836,1,18,2016-07-04 18:18:13,2016-12-31 03:41:51
C00837,1,3,2016-07-11 16:44:37,2016-08-26 07:31:57
C00838,1,6,2016-07-30 20:17:57,2016-12-16 14:22:29
C00839,1,2,2016-07-27 16:38:28,2016-10-03 18:06:47
C00840,1,1,2016-07-07 15:35:46,2016-07-07 15:35:46
C00841,1,3,2016-08-17 18:19:33,2016-12-21 18:08:33
C00842,2,101,2016-07-07 23:43:42,2016-12-31 22:25:33
C00843,1,2,2016-12-13 19:29:46,2016-12-13 19:41:38
C00844,1,51,2016-07-02 02:54:32,2016-12-25 15:16:52
C00845,1,5,2016-07-08 18:51:39,2016-09-24 16:18:46
C00846,1,2,2016-07-24 22:37:21,2016-07-26 00:54:23
C00847,1,2,2016-07-12 18:25:54,2016-08-03 20:36:26
C00848,1,1,2016-07-27 08:29:34,2016-07-27 08:29:34
C00849,1,79,2016-07-03 05:24:45,2016-12-22 18:21:57
C00850,1,3,2016-07-24 22:17:48,2016-12-25 19:39:38
C00851,1,11,2016-07-09 15:56:37,2016-12-30 02:27:42
C00852,1,3,2016-09-11 15:27:54,2016-11-01 00:30:02
C00853,1,15,2016-07-10 20:44:41,2016-12-27 14:49:36
C00854,2,7945,2016-07-03 00:35:59,2016-12-31 23:58:51
C00855,1,26,2016-07-05 03:16:49,2016-12-28 19:45:41
C00856,1,23,2016-07-04 18:19:20,2016-12-22 17:12:02
C00857,1,6,2016-07-09 23:10:26,2016-12-15 20:54:05
C00858,1,3,2016-08-02 04:51:42,2016-12-27 15:58:00
C00859,1,24,2016-07-10 21:12:00,2016-12-31 01:00:59
C00860,1,4,2016-07-09 19:46:35,2016-12-11 00:44:59
C00861,1,4,2016-08-15 21:23:41,2016-10-06 19:48:27
C00862,1,1,2016-11-20 20:42:50,2016-11-20 20:42:50
C00863,1,12,2016-07-13 22:14:18,2016-12-01 18:57:02
C00864,1,7,2016-07-07 01:25:26,2016-12-19 11:41:41
C00865,1,6,2016-07-03 18:59:10,2016-10-02 16:08:04
C00866,1,18,2016-07-20 23:38:52,2016-12-03 00:46:59
C00867,1,3,2016-09-24 23:33:18,2016-09-24 23:44:00
C00868,1,2,2016-09-12 05:42:11,2016-09-18 01:35:06
C00869,1,2,2016-07-22 13:23:53,2016-11-26 20:00:11
C00870,1,1,2016-07-20 15:08:01,2016-07-20 15:08:01
C00871,1,30,2016-07-06 16:08:39,2016-11-23 13:10:34
C00872,1,4,2016-11-24 15:48:35,2016-12-27 14:18:41
C00873,1,14,2016-07-04 14:57:39,2016-12-16 02:10:35
C00874,1,1,2016-08-25 15:36:05,2016-08-25 15:36:05
C00875,2,9,2016-07-16 04:50:06,2016-12-29 17:00:28
C00876,1,4,2016-09-16 19:17:46,2016-11-25 18:08:12
C00877,1,22,2016-07-07 14:47:22,2016-12-10 14:19:38
C00878,1,1,2016-07-21 01:21:19,2016-07-21 01:21:19
C00879,2,11,2016-07-23 18:33:13,2016-12-29 00:27:22
C00880,1,1,2016-10-02 15:32:36,2016-10-02 15:32:36
C00881,1,2,2016-10-07 01:19:35,2016-10-07 01:25:11
C00882,1,14,2016-08-09 02:34:54,2016-12-23 16:01:13
C00883,1,1,2016-10-22 00:05:21,2016-10-22 00:05:21
C00884,1,3,2016-07-27 16:18:26,2016-12-25 14:27:11
C00885,1,23,2016-07-22 15:24:27,2016-12-19 01:34:19
C00886,1,18,2016-07-12 23:06:09,2016-12-28 13:30:04
C00887,1,72,2016-07-04 23:44:13,2016-12-28 05:34:13
C00888,1,1,2016-09-01 01:39:40,2016-09-01 01:39:40
C00889,2,2578,2016-07-05 00:21:16,2016-12-31 23:02:04
C00890,1,2,2016-07-22 16:37:17,2016-09-25 11:41:20
C00891,1,13,2016-07-26 01:25:42,2016-12-06 22:16:32
C00892,1,102,2016-07-03 18:42:46,2016-12-25 23:41:34
C00893,1,5,2016-07-26 15:38:25,2016-10-12 19:52:17
C00894,1,1,2016-09-06 01:12:15,2016-09-06 01:12:15
C00895,1,26,2016-07-04 03:51:05,2016-12-26 18:30:28
C00896,1,3,2016-07-26 19:43:37,2016-10-25 17:04:06
C00897,1,3,2016-07-03 22:49:36,2016-11-14 22:31:09
C00898,1,13,2016-07-08 19:13:27,2016-10-14 18:33:59
C00899,1,2,2016-10-06 04:06:44,2016-11-28 18:38:01
C00900,1,1,2016-10-09 12:44:43,2016-10-09 12:44:43
C00901,1,8,2016-07-11 07:56:50,2016-12-13 16:52:28
C00902,1,1,2016-07-11 01:06:54,2016-07-11 01:06:54
C00903,1,1,2016-11-01 16:22:43,2016-11-01 16:22:43
C00904,1,2,2016-07-09 00:00:43,2016-11-16 10:25:34
C00905,1,4,2016-07-09 01:43:40,2016-12-20 23:42:50
C00906,1,3,2016-07-08 17:18:11,2016-12-05 20:31:18
C00907,1,4,2016-08-25 15:38:31,2016-09-14 02:22:42
C00908,1,6,2016-07-15 17:42:54,2016-11-19 18:38:06
C00909,1,7,2016-07-06 15:51:43,2016-11-28 14:26:45
C00910,1,1,2016-10-09 22:23:24,2016-10-09 22:23:24
C00911,1,25,2016-07-03 17:11:20,2016-12-16 18:45:36
C00912,1,11,2016-07-10 15:14:22,2016-09-12 19:21:13
C00913,1,5,2016-08-04 18:49:17,2016-10-12 00:09:37
C00914,1,49,2016-07-09 12:23:30,2016-12-30 11:18:28
C00915,2,13,2016-07-03 03:03:23,2016-12-28 17:08:57
C00916,1,1,2016-10-04 00:12:35,2016-10-04 00:12:35
C00917,1,34,2016-08-05 20:50:53,2016-12-24 05:44:34
C00918,1,1,2016-08-06 15:18:37,2016-08-06 15:18:37
C00919,1,2,2016-07-23 19:14:06,2016-07-27 04:27:17
C00920,1,1,2016-12-10 20:02:13,2016-12-10 20:02:13
C00921,1,1,2016-12-05 17:47:52,2016-12-05 17:47:52
C00922,1,16,2016-07-09 15:19:15,2016-10-20 18:14:08
C00923,1,1,2016-08-17 16:44:03,2016-08-17 16:44:03
C00924,1,27,2016-07-03 15:16:50,2016-12-08 20:47:27
C00925,1,6,2016-07-06 11:56:51,2016-08-08 17:46:56
C00926,1,1,2016-09-10 18:49:24,2016-09-10 18:49:24
C00927,1,7,2016-07-15 23:03:17,2016-12-05 17:16:05
C00928,1,7,2016-07-26 20:08:18,2016-12-04 04:40:30
C00929,1,2,2016-07-08 15:17:55,2016-11-05 14:21:44
C00930,1,3,2016-09-13 22:04:00,2016-12-28 16:08:09
C00931,1,1,2016-10-01 16:27:48,2016-10-01 16:27:48
C00932,1,5,2016-07-11 21:15:13,2016-10-27 19:50:15
C00933,1,5,2016-09-03 23:37:38,2016-12-04 01:01:15
C00934,1,3,2016-12-08 21:21:17,2016-12-08 23:21:07
C00935,1,2,2016-09-24 17:24:34,2016-12-25 02:14:15
C00936,1,1,2016-07-13 21:15:12,2016-07-13 21:15:12
C00937,1,1,2016-08-31 19:27:03,2016-08-31 19:27:03
C00938,1,41,2016-07-03 21:00:33,2016-12-06 03:11:25
C00939,2,8,2016-08-11 23:31:55,2016-12-12 02:52:37
C00940,1,7,2016-07-08 21:17:13,2016-10-05 22:18:40
C00941,1,47,2016-07-03 16:13:24,2016-12-30 22:13:48
C00942,2,981,2016-07-05 01:58:58,2016-12-31 20:12:09
C00943,1,9,2016-08-29 19:30:34,2016-12-09 16:52:38
C00944,1,11,2016-09-11 14:01:14,2016-10-25 01:31:45
C00945,1,1,2016-07-17 23:06:44,2016-07-17 23:06:44
C00946,1,1,2016-09-11 15:50:58,2016-09-11 15:50:58
C00947,1,1,2016-07-14 19:16:13,2016-07-14 19:16:13
C00948,1,1,2016-10-19 22:42:58,2016-10-19 22:42:58
C00949,1,10,2016-08-05 20:43:16,2016-11-07 15:17:53
C00950,1,1,2016-11-07 00:37:48,2016-11-07 00:37:48
C00951,1,6,2016-07-10 04:04:53,2016-12-15 16:51:04
C00952,1,597,2016-07-05 03:09:38,2016-12-31 21:03:36
C00953,1,1,2016-09-03 17:13:53,2016-09-03 17:13:53
C00954,1,10,2016-07-18 22:43:27,2016-10-10 18:26:34
C00955,1,1,2016-07-21 15:12:00,2016-07-21 15:12:00
C00956,1,395,2016-07-06 00:33:40,2016-12-31 19:02:58
C00957,1,12,2016-07-23 00:41:28,2016-10-20 15:08:23
C00958,1,6,2016-07-24 01:37:15,2016-11-11 14:03:42
C00959,1,1,2016-08-03 23:18:24,2016-08-03 23:18:24
C00960,1,2,2016-08-12 20:26:01,2016-11-09 18:15:34
C00961,1,23,2016-07-06 14:12:42,2016-12-25 20:01:29
C00962,2,39,2016-07-05 00:00:32,2016-12-25 21:47:14
C00963,1,9,2016-07-25 00:22:08,2016-12-14 20:21:07
C00964,1,1,2016-08-12 08:19:02,2016-08-12 08:19:02
C00965,1,1,2016-08-06 18:24:32,2016-08-06 18:24:32
C00966,1,3,2016-08-09 19:54:23,2016-11-07 19:49:10
C00967,1,6,2016-07-06 14:12:59,2016-10-14 21:38:27
C00968,1,2,2016-08-17 06:35:15,2016-08-21 05:07:13
C00969,2,121,2016-07-02 03:43:16,2016-12-30 23:41:28
C00970,1,1,2016-08-13 16:37:40,2016-08-13 16:37:40
C00971,1,7,2016-07-26 17:27:08,2016-11-16 20:35:24
C00972,1,4,2016-08-26 15:53:10,2016-09-02 20:51:22
C00973,1,2,2016-07-06 04:27:50,2016-07-07 18:43:10
C00974,1,5,2016-07-11 03:50:57,2016-07-31 23:31:26
C00975,1,1,2016-10-16 19:55:40,2016-10-16 19:55:40
C00976,1,1,2016-07-20 13:19:49,2016-07-20 13:19:49
C00977,1,1,2016-09-10 21:07:49,2016-09-10 21:07:49
C00978,1,121,2016-07-03 04:44:28,2016-12-28 21:48:13
C00979,1,2,2016-08-16 07:52:22,2016-08-16 07:58:28
C00980,1,1,2016-09-18 18:03:06,2016-09-18 18:03:06
C00981,1,2,2016-07-21 20:35:17,2016-07-21 20:58:09
C00982,1,5,2016-07-10 20:01:34,2016-08-07 02:09:27
C00983,1,17,2016-07-03 22:35:50,2016-12-27 14:52:17
C00984,1,3,2016-08-10 19:41:55,2016-11-09 20:37:39
C00985,1,3,2016-07-27 01:18:31,2016-10-23 23:54:02
C00986,1,129,2016-07-04 18:38:14,2016-12-31 17:54:13
C00987,1,3,2016-08-31 02:01:26,2016-11-02 08:01:38
C00988,1,12,2016-08-24 23:14:34,2016-12-22 13:32:08
C00989,1,6,2016-07-06 23:12:36,2016-11-28 17:45:19
C00990,1,2,2016-07-05 16:36:05,2016-07-18 20:13:08
C00991,1,1,2016-09-21 13:32:54,2016-09-21 13:32:54
C00992,1,10,2016-07-13 02:37:19,2016-11-05 18:18:47
C00993,1,14,2016-08-19 20:30:26,2016-12-14 20:24:27
C00994,1,1,2016-07-05 04:55:10,2016-07-05 04:55:10
C00995,1,12,2016-07-06 18:00:28,2016-12-28 01:06:33
C00996,1,1,2016-09-23 19:48:20,2016-09-23 19:48:20
C00997,1,13,2016-07-14 15:30:34,2016-12-20 11:06:29
C00998,1,32,2016-07-04 17:22:41,2016-12-26 20:27:28
C00999,1,11,2016-07-16 13:33:22,2016-10-07 16:35:17
C01000,1,2,2016-07-12 03:04:07,2016-07-23 02:07:45
C01001,1,6,2016-07-22 18:31:26,2016-12-07 12:06:16
C01002,1,202,2016-07-02 22:33:31,2016-12-29 05:01:34
C01003,1,1,2016-08-11 16:57:16,2016-08-11 16:57:16
C01004,1,17,2016-07-15 13:07:11,2016-12-23 23:51:06
C01005,1,11,2016-07-08 19:00:22,2016-12-15 23:30:15
C01006,1,9,2016-07-07 16:07:02,2016-12-16 19:48:51
C01007,1,12,2016-07-27 21:14:35,2016-12-02 20:35:38
C01008,1,14,2016-07-10 18:12:02,2016-11-04 19:51:25
C01009,1,1,2016-08-29 01:33:16,2016-08-29 01:33:16
C01010,1,197,2016-07-02 17:03:31,2016-12-28 18:09:46
C01011,1,6,2016-07-05 13:22:24,2016-09-26 17:55:51
C01012,1,7,2016-08-02 19:50:59,2016-11-05 22:16:46
C01013,1,3,2016-10-16 21:01:26,2016-12-29 23:35:17
C01014,1,5,2016-07-06 22:08:07,2016-12-12 22:54:53
C01015,1,1,2016-07-22 19:43:11,2016-07-22 19:43:11
C01016,1,57,2016-07-06 22:38:41,2016-12-31 03:02:55
C01017,1,6,2016-07-19 00:01:45,2016-11-17 20:02:12
C01018,1,8,2016-07-08 14:58:20,2016-12-24 21:45:49
C01019,1,2,2016-07-16 21:10:32,2016-07-17 20:01:57
C01020,1,2,2016-07-14 16:11:07,2016-09-08 18:16:08
C01021,1,3,2016-08-14 20:37:08,2016-10-04 22:36:11
C01022,1,2,2016-10-23 14:23:11,2016-11-24 01:20:52
C01023,1,1,2016-07-22 20:59:02,2016-07-22 20:59:02
C01024,1,1,2016-09-08 12:39:06,2016-09-08 12:39:06
C01025,1,2,2016-07-20 13:58:44,2016-08-08 13:18:37
C01026,1,12,2016-07-05 17:51:42,2016-12-19 13:20:30
C01027,1,8,2016-07-15 22:49:36,2016-09-04 17:44:36
C01028,1,4,2016-07-18 21:52:11,2016-12-21 19:50:42
C01029,1,2,2016-11-05 12:44:57,2016-11-23 21:30:07
C01030,1,18,2016-07-09 18:03:40,2016-12-09 15:31:24
C01031,1,111,2016-07-05 00:44:24,2016-12-31 18:08:42
C01032,1,3,2016-07-04 20:08:35,2016-08-07 02:16:01
C01033,1,7,2016-07-20 20:11:55,2016-12-27 15:14:18
C01034,1,19,2016-07-08 22:00:53,2016-10-15 15:09:00
C01035,1,13,2016-07-08 19:40:52,2016-12-13 20:48:21
C01036,1,5,2016-07-03 05:16:16,2016-11-27 19:59:04
C01037,1,2,2016-09-04 14:35:41,2016-11-29 04:48:25
C01038,1,3,2016-11-04 14:15:49,2016-12-24 21:55:31
C01039,1,1,2016-11-03 01:16:49,2016-11-03 01:16:49
C01040,2,652,2016-07-06 00:32:38,2016-12-31 23:15:45
C01041,1,112,2016-07-07 19:30:49,2016-12-31 01:11:32
C01042,1,1,2016-10-20 23:30:54,2016-10-20 23:30:54
C01043,1,1,2016-10-15 01:48:28,2016-10-15 01:48:28
C01044,1,1,2016-07-30 20:51:48,2016-07-30 20:51:48
C01045,1,2,2016-07-21 17:44:30,2016-07-21 20:00:36
C01046,1,1,2016-08-08 16:27:23,2016-08-08 16:27:23
C01047,1,17,2016-07-05 19:10:16,2016-12-01 04:38:55
C01048,1,77,2016-07-02 01:29:54,2016-12-25 18:08:27
C01049,1,3,2016-07-29 04:56:34,2016-09-10 18:07:52
C01050,1,8,2016-07-06 02:26:00,2016-12-15 21:06:22
C01051,1,11,2016-09-16 17:50:42,2016-12-22 18:55:45
C01052,1,1,2016-12-24 17:07:27,2016-12-24 17:07:27
C01053,1,35,2016-07-06 17:27:08,2016-12-22 22:43:38
C01054,1,1,2016-10-05 18:09:22,2016-10-05 18:09:22
C01055,1,1,2016-09-29 05:22:25,2016-09-29 05:22:25
C01056,1,3,2016-07-06 16:13:03,2016-10-24 16:38:22
C01057,2,12,2016-09-05 15:41:56,2016-12-03 01:06:29
C01058,1,1,2016-07-06 04:17:19,2016-07-06 04:17:19
C01059,1,8,2016-07-10 01:29:10,2016-08-05 13:18:03
C01060,1,1,2016-07-09 00:54:56,2016-07-09 00:54:56
C01061,1,2,2016-07-02 17:24:07,2016-07-13 18:52:23
C01062,1,1,2016-07-14 08:01:19,2016-07-14 08:01:19
C01063,2,59,2016-07-05 01:16:03,2016-12-31 01:56:10
C01064,1,7,2016-08-04 19:07:27,2016-12-16 20:35:35
C01065,1,5,2016-07-12 02:35:38,2016-12-22 23:02:19
C01066,1,22,2016-07-11 01:17:13,2016-12-29 17:36:46
C01067,1,6,2016-07-21 23:05:07,2016-12-08 02:05:41
C01068,1,32,2016-07-13 21:40:08,2016-08-24 13:57:10
C01069,1,5,2016-07-28 17:45:00,2016-08-31 18:53:06
C01070,1,12,2016-07-09 17:18:39,2016-12-10 03:26:01
C01071,1,4,2016-07-23 21:59:28,2016-12-07 04:34:05
C01072,1,4,2016-07-11 19:30:56,2016-11-23 23:31:13
C01073,1,1,2016-09-02 18:59:14,2016-09-02 18:59:14
C01074,1,1,2016-11-11 02:41:05,2016-11-11 02:41:05
C01075,1,1,2016-11-01 00:09:58,2016-11-01 00:09:58
C01076,1,1,2016-07-20 21:56:43,2016-07-20 21:56:43
C01077,1,12,2016-07-11 20:16:45,2016-11-19 02:26:42
C01078,1,5,2016-07-19 23:40:39,2016-11-27 19:32:34
C01079,1,5,2016-07-25 00:33:54,2016-12-25 01:49:40
C01080,1,2,2016-12-22 19:03:33,2016-12-22 19:13:59
C01081,1,1,2016-12-09 13:48:51,2016-12-09 13:48:51
C01082,1,9,2016-07-23 11:56:17,2016-11-28 11:54:51
C01083,1,3,2016-10-01 23:37:51,2016-10-11 16:00:01
C01084,1,1,2016-12-26 23:16:08,2016-12-26 23:16:08
C01085,1,5,2016-07-24 23:53:18,2016-12-06 19:10:47
C01086,1,1,2016-10-22 01:22:31,2016-10-22 01:22:31
C01087,1,1,2016-08-02 19:36:14,2016-08-02 19:36:14
C01088,1,4,2016-12-10 15:08:25,2016-12-23 22:58:30
C01089,1,1,2016-08-25 22:46:33,2016-08-25 22:46:33
C01090,1,17,2016-07-14 22:39:28,2016-12-20 22:31:12
C01091,1,7,2016-07-21 07:05:37,2016-10-24 22:33:50
C01092,1,1,2016-12-22 17:12:56,2016-12-22 17:12:56
C01093,1,3,2016-08-24 20:28:45,2016-08-25 07:22:00
C01094,1,1,2016-07-20 19:43:49,2016-07-20 19:43:49
C01095,1,1,2016-07-24 15:08:41,2016-07-24 15:08:41
C01096,1,1,2016-07-03 16:08:00,2016-07-03 16:08:00
C01097,1,1,2016-10-27 19:36:15,2016-10-27 19:36:15
C01098,1,1,2016-11-16 12:23:20,2016-11-16 12:23:20
C01099,1,45,2016-07-07 21:58:52,2016-12-21 17:38:03
C01100,1,1,2016-08-20 17:09:33,2016-08-20 17:09:33
C01101,1,5,2016-09-17 00:08:05,2016-12-17 17:03:58
C01102,2,10,2016-07-17 03:38:22,2016-12-23 00:07:32
C01103,1,1,2016-12-01 21:05:16,2016-12-01 21:05:16
C01104,2,664,2016-07-06 01:15:38,2016-12-31 19:05:22
C01105,1,23,2016-07-07 23:05:00,2016-12-31 21:13:16
C01106,1,5,2016-08-09 01:52:15,2016-10-07 15:00:41
C01107,1,2,2016-09-28 04:06:06,2016-12-26 01:59:20
C01108,1,5,2016-08-09 00:17:03,2016-12-26 07:54:13
C01109,2,3929,2016-07-02 00:33:07,2016-12-28 23:55:22
C01110,1,50,2016-07-02 17:16:12,2016-12-15 21:15:00
C01111,1,4,2016-08-07 21:21:37,2016-08-18 21:36:06
C01112,1,2,2016-07-16 02:53:13,2016-07-27 19:48:23
C01113,1,2,2016-10-14 16:56:53,2016-12-19 19:16:24
C01114,1,1,2016-10-08 11:58:17,2016-10-08 11:58:17
C01115,1,25,2016-07-23 03:46:25,2016-12-29 02:30:09
C01116,2,1014,2016-07-06 12:00:30,2016-12-31 22:25:17
C01117,1,5,2016-07-28 05:08:33,2016-07-28 15:13:19
C01118,1,19,2016-07-11 01:31:45,2016-12-30 18:42:54
C01119,2,3560,2016-07-03 00:04:01,2016-12-31 22:28:30
C01120,1,3,2016-10-19 14:24:32,2016-11-30 15:09:01
C01121,1,17,2016-07-18 17:09:40,2016-12-27 14:33:49
C01122,1,4,2016-07-03 23:13:10,2016-08-04 10:12:47
C01123,1,6,2016-07-09 14:59:40,2016-12-02 17:42:05
C01124,1,1,2016-11-25 00:56:18,2016-11-25 00:56:18
C01125,1,3,2016-11-30 09:06:32,2016-12-22 22:24:33
C01126,1,16,2016-07-03 15:06:33,2016-09-02 15:30:12
C01127,1,1,2016-11-08 07:29:37,2016-11-08 07:29:37
C01128,2,41,2016-07-10 15:49:52,2016-12-31 03:17:57
C01129,1,6,2016-07-14 18:36:24,2016-11-04 20:28:16
C01130,1,1,2016-08-01 00:31:53,2016-08-01 00:31:53
C01131,1,28,2016-07-09 21:24:04,2016-12-26 15:31:40
C01132,1,1,2016-12-31 17:19:11,2016-12-31 17:19:11
C01133,1,3,2016-07-24 15:37:33,2016-12-21 21:28:14
C01134,1,5,2016-08-24 04:31:03,2016-11-19 01:58:00
C01135,1,13,2016-07-08 17:05:46,2016-12-23 15:03:39
C01136,1,1,2016-10-15 22:20:10,2016-10-15 22:20:10
C01137,1,30,2016-07-09 15:38:08,2016-12-28 23:03:21
C01138,2,1116,2016-07-03 03:50:04,2016-12-31 21:18:38
C01139,1,1,2016-08-20 22:57:14,2016-08-20 22:57:14
C01140,1,5,2016-07-15 21:43:28,2016-10-05 02:16:34
C01141,1,6,2016-07-26 01:07:13,2016-10-23 00:43:20
C01142,1,15,2016-07-19 20:45:19,2016-12-17 13:16:24
C01143,1,3,2016-07-05 14:26:28,2016-12-16 17:49:57
C01144,1,7,2016-07-09 18:15:04,2016-12-02 03:18:13
C01145,1,5,2016-07-06 15:11:32,2016-12-21 21:28:46
C01146,1,1,2016-08-04 22:09:53,2016-08-04 22:09:53
C01147,1,7,2016-07-08 19:21:15,2016-12-30 02:32:36
C01148,1,15,2016-07-13 02:04:33,2016-12-13 16:33:16
C01149,1,3,2016-07-18 17:23:22,2016-08-24 04:06:46
C01150,1,4,2016-11-30 02:34:09,2016-12-13 01:43:46
C01151,1,1,2016-11-04 16:09:26,2016-11-04 16:09:26
C01152,1,11,2016-07-05 01:06:14,2016-11-14 01:54:17
C01153,1,2,2016-07-08 20:37:00,2016-08-18 01:34:41
C01154,1,339,2016-07-02 01:51:51,2016-12-27 03:34:11
C01155,2,5334,2016-07-06 01:19:18,2016-12-31 23:25:01
C01156,1,1,2016-07-20 20:46:36,2016-07-20 20:46:36
C01157,1,2,2016-07-21 23:18:07,2016-12-03 11:29:08
C01158,1,3,2016-08-04 21:48:53,2016-08-28 18:36:16
C01159,1,1,2016-12-23 02:08:00,2016-12-23 02:08:00
C01160,1,2,2016-08-02 22:38:37,2016-10-12 19:25:27
C01161,1,24,2016-07-11 18:55:13,2016-12-14 12:32:14
C01162,1,82,2016-07-10 23:59:36,2016-12-31 20:12:38
C01163,2,7,2016-07-04 19:31:46,2016-12-08 01:53:11
C01164,1,13,2016-09-27 21:16:34,2016-12-27 21:04:49
C01165,1,2,2016-07-28 15:44:12,2016-11-11 15:42:19
C01166,1,12,2016-07-07 22:35:15,2016-12-18 13:52:37
C01167,1,1,2016-09-12 20:00:02,2016-09-12 20:00:02
C01168,1,5,2016-08-15 02:27:56,2016-12-19 01:09:41
C01169,1,73,2016-07-08 19:39:26,2016-12-30 14:28:20
C01170,1,2,2016-11-12 22:51:21,2016-11-23 02:42:39
C01171,1,2,2016-07-15 22:38:23,2016-08-16 22:43:22
C01172,1,16,2016-07-17 14:53:41,2016-12-17 18:50:10
C01173,1,2,2016-07-15 07:22:15,2016-10-04 19:36:21
C01174,1,2,2016-07-20 00:44:20,2016-09-26 21:08:10
C01175,1,1,2016-07-08 16:24:42,2016-07-08 16:24:42
C01176,1,7,2016-07-11 22:53:59,2016-12-26 13:10:07
C01177,1,2,2016-08-18 01:50:38,2016-10-23 22:29:20
C01178,1,7,2016-08-03 23:22:33,2016-12-30 17:05:24
C01179,1,42,2016-07-03 17:54:34,2016-12-21 12:02:44
C01180,1,15,2016-07-20 13:40:08,2016-12-26 14:51:15
C01181,1,3,2016-09-10 18:07:12,2016-12-06 02:13:09
C01182,1,236,2016-07-05 13:46:48,2016-12-31 21:18:49
C01183,1,4,2016-07-24 22:10:40,2016-12-02 04:18:32
C01184,1,2,2016-07-19 03:33:32,2016-10-07 03:49:15
C01185,1,49,2016-07-15 04:32:18,2016-12-31 18:43:33
C01186,1,5,2016-07-11 00:57:48,2016-08-27 17:29:44
C01187,1,2,2016-12-23 11:57:16,2016-12-24 17:21:56
C01188,1,227,2016-07-05 14:21:46,2016-12-31 16:09:37
C01189,1,1,2016-11-04 19:29:11,2016-11-04 19:29:11
C01190,1,1,2016-10-31 23:15:18,2016-10-31 23:15:18
C01191,1,4,2016-11-05 00:13:34,2016-11-05 00:35:48
C01192,1,1,2016-09-02 15:39:25,2016-09-02 15:39:25
C01193,1,8,2016-07-22 17:06:52,2016-11-29 15:03:34
C01194,1,8,2016-09-10 00:33:09,2016-12-26 13:35:50
C01195,1,6,2016-10-03 17:18:02,2016-11-28 14:15:36
C01196,1,14,2016-07-21 19:37:42,2016-12-19 16:51:55
C01197,1,2,2016-07-09 18:29:53,2016-11-04 18:56:09
C01198,1,1,2016-11-11 22:32:16,2016-11-11 22:32:16
C01199,1,3,2016-12-13 03:11:34,2016-12-13 03:28:01
C01200,1,1,2016-07-26 22:33:48,2016-07-26 22:33:48
C01201,1,2,2016-07-07 19:16:51,2016-07-10 00:48:52
C01202,1,1,2016-10-08 00:05:01,2016-10-08 00:05:01
C01203,1,1,2016-07-15 22:25:15,2016-07-15 22:25:15
C01204,1,36,2016-07-14 17:15:05,2016-12-12 20:24:46
C01205,1,5,2016-09-22 15:21:30,2016-12-05 14:08:11
C01206,1,5,2016-09-09 17:50:46,2016-12-23 17:00:24
C01207,1,5,2016-07-23 02:27:16,2016-10-14 16:32:26
C01208,1,23,2016-07-12 04:06:59,2016-12-24 12:06:04
C01209,1,3,2016-07-06 21:28:01,2016-08-05 20:33:11
C01210,1,5,2016-07-12 01:59:39,2016-11-19 15:19:34
C01211,1,2,2016-08-13 12:44:49,2016-08-17 13:40:24
C01212,1,4,2016-07-19 21:40:34,2016-07-27 15:10:09
C01213,1,1,2016-11-20 16:29:47,2016-11-20 16:29:47
C01214,1,1,2016-11-07 21:16:08,2016-11-07 21:16:08
C01215,1,2,2016-11-23 13:52:54,2016-11-23 14:07:16
C01216,1,1,2016-09-25 20:39:12,2016-09-25 20:39:12
C01217,1,7,2016-07-26 12:29:41,2016-09-23 18:18:24
C01218,2,24,2016-08-16 22:15:09,2016-12-31 14:35:07
C01219,1,5,2016-08-01 21:58:00,2016-12-26 17:28:07
C01220,1,1,2016-07-10 18:12:00,2016-07-10 18:12:00
C01221,1,5,2016-08-30 17:14:02,2016-09-17 15:15:23
C01222,1,102,2016-07-03 03:10:34,2016-12-29 02:36:36
C01223,1,3,2016-07-24 04:29:55,2016-12-07 22:43:40
C01224,1,1,2016-08-03 20:57:51,2016-08-03 20:57:51
C01225,1,25,2016-07-07 22:46:30,2016-12-24 22:03:31
C01226,1,13,2016-07-15 16:55:51,2016-11-26 14:23:24
C01227,1,3,2016-08-10 03:21:26,2016-12-17 16:45:15
C01228,1,1,2016-09-03 19:51:30,2016-09-03 19:51:30
C01229,1,3,2016-09-14 18:47:27,2016-12-14 15:09:04
C01230,1,8,2016-07-04 21:42:44,2016-12-18 23:55:37
C01231,1,14,2016-07-20 00:01:17,2016-12-22 21:11:50
C01232,1,1,2016-08-05 20:33:40,2016-08-05 20:33:40
C01233,1,7,2016-09-15 20:00:46,2016-12-21 01:09:36
C01234,1,2,2016-12-02 12:48:35,2016-12-02 12:55:04
C01235,1,1,2016-10-30 15:52:52,2016-10-30 15:52:52
C01236,1,20,2016-07-05 06:50:22,2016-12-21 17:44:17
C01237,1,2,2016-07-09 15:15:32,2016-07-16 01:24:57
C01238,1,13,2016-07-16 21:14:53,2016-11-14 04:13:04
C01239,1,6,2016-11-05 16:29:10,2016-12-10 11:24:56
C01240,1,1,2016-12-08 17:39:35,2016-12-08 17:39:35
C01241,1,24,2016-07-10 00:51:19,2016-12-31 11:02:30
C01242,1,20,2016-07-07 05:27:16,2016-12-21 00:19:09
C01243,1,1,2016-10-09 20:22:38,2016-10-09 20:22:38
C01244,1,10,2016-07-22 00:56:51,2016-12-15 21:12:24
C01245,1,1,2016-07-07 19:52:10,2016-07-07 19:52:10
C01246,1,1,2016-09-12 03:09:11,2016-09-12 03:09:11
C01247,1,1,2016-10-22 11:21:29,2016-10-22 11:21:29
C01248,1,9,2016-07-02 18:17:56,2016-10-21 22:13:04
C01249,1,3,2016-08-20 16:42:17,2016-11-10 14:26:21
C01250,1,9,2016-07-26 01:08:47,2016-11-25 17:57:14
C01251,1,23,2016-07-16 13:18:11,2016-12-07 01:51:19
C01252,1,5,2016-07-02 16:20:27,2016-09-02 20:30:02
C01253,1,1,2016-07-05 03:53:32,2016-07-05 03:53:32
C01254,1,191,2016-07-02 13:08:43,2016-12-24 20:13:18
C01255,1,4,2016-07-07 00:08:53,2016-12-11 21:50:31
C01256,1,3,2016-10-20 20:21:58,2016-10-20 20:46:30
C01257,1,7,2016-08-11 19:09:38,2016-10-03 20:44:06
C01258,1,9,2016-07-06 16:56:38,2016-12-04 19:31:40
C01259,1,8,2016-07-06 18:03:07,2016-11-27 20:58:39
C01260,1,1,2016-12-17 00:52:31,2016-12-17 00:52:31
C01261,1,5,2016-09-24 00:08:01,2016-11-14 10:32:56
C01262,1,1,2016-12-11 14:13:05,2016-12-11 14:13:05
C01263,1,2,2016-09-24 19:49:42,2016-09-24 20:01:38
C01264,1,5,2016-07-10 04:51:44,2016-10-04 16:44:59
C01265,1,1,2016-09-04 01:32:49,2016-09-04 01:32:49
C01266,1,5,2016-07-12 01:48:14,2016-12-08 13:39:05
C01267,1,1,2016-12-22 15:01:54,2016-12-22 15:01:54
C01268,1,1,2016-08-05 20:24:08,2016-08-05 20:24:08
C01269,1,22,2016-07-07 17:05:15,2016-12-28 20:18:39
C01270,1,1,2016-07-22 22:18:33,2016-07-22 22:18:33
C01271,1,7,2016-07-29 19:35:20,2016-11-30 19:28:35
C01272,1,1,2016-10-17 07:31:57,2016-10-17 07:31:57
C01273,1,1,2016-08-23 18:49:53,2016-08-23 18:49:53
C01274,1,6,2016-07-22 18:32:47,2016-11-15 13:42:11
C01275,1,7,2016-07-22 22:44:45,2016-11-17 18:40:15
C01276,1,13,2016-07-18 23:02:26,2016-12-22 19:48:28
C01277,1,3,2016-07-22 21:28:13,2016-07-26 15:26:36
C01278,1,1,2016-08-10 21:44:44,2016-08-10 21:44:44
C01279,1,49,2016-07-17 15:53:10,2016-12-31 21:04:54
C01280,1,73,2016-07-04 02:01:39,2016-12-27 15:06:31
C01281,1,1,2016-07-24 22:43:52,2016-07-24 22:43:52
C01282,1,8,2016-07-31 03:23:24,2016-08-01 13:28:12
C01283,1,2,2016-07-19 02:56:17,2016-10-01 17:14:50
C01284,1,4,2016-12-08 14:45:16,2016-12-12 01:48:42
C01285,1,45,2016-07-08 16:59:25,2016-12-20 14:17:55
C01286,1,4,2016-07-02 17:44:46,2016-11-06 03:41:05
C01287,1,27,2016-07-19 03:09:01,2016-12-24 15:05:10
C01288,1,4,2016-07-12 19:41:05,2016-08-09 20:48:07
C01289,1,31,2016-07-03 04:05:16,2016-12-19 00:28:04
C01290,1,14,2016-07-31 20:33:00,2016-12-07 17:29:29
C01291,1,2,2016-09-01 17:43:24,2016-12-12 20:49:09
C01292,1,5,2016-09-11 20:22:05,2016-12-20 21:03:50
C01293,1,1,2016-08-14 00:07:58,2016-08-14 00:07:58
C01294,1,3,2016-12-14 17:25:33,2016-12-31 19:13:04
C01295,1,3,2016-08-04 17:53:40,2016-08-29 20:30:46
C01296,1,2,2016-07-03 00:33:55,2016-07-03 01:14:52
C01297,1,1,2016-07-24 19:43:26,2016-07-24 19:43:26
C01298,1,1,2016-12-07 10:21:04,2016-12-07 10:21:04
C01299,1,1,2016-12-28 15:09:37,2016-12-28 15:09:37
C01300,2,9,2016-07-09 00:20:21,2016-12-11 02:34:54
C01301,1,32,2016-07-04 02:57:02,2016-12-30 18:42:03
C01302,1,2,2016-07-07 17:21:34,2016-07-09 05:00:28
C01303,1,1,2016-12-18 17:05:20,2016-12-18 17:05:20
C01304,1,11,2016-07-05 18:09:05,2016-12-29 21:01:25
C01305,1,3,2016-07-24 12:02:45,2016-07-30 19:48:48
C01306,1,15,2016-07-27 04:39:15,2016-12-30 21:51:13
C01307,1,1,2016-09-26 12:11:35,2016-09-26 12:11:35
C01308,1,16,2016-07-02 15:10:04,2016-12-26 01:35:20
C01309,1,2,2016-10-20 03:28:40,2016-10-20 04:45:16
C01310,1,6,2016-07-03 19:57:05,2016-09-01 01:01:45
C01311,1,49,2016-07-04 22:06:59,2016-12-31 18:25:19
C01312,1,2,2016-11-04 04:55:46,2016-12-12 23:28:17
C01313,1,4,2016-09-12 23:42:15,2016-12-12 21:26:57
C01314,1,1,2016-10-19 21:22:30,2016-10-19 21:22:30
C01315,1,2,2016-09-11 06:23:12,2016-10-15 13:25:52
C01316,1,1,2016-08-07 04:05:01,2016-08-07 04:05:01
C01317,1,65,2016-07-08 03:15:49,2016-12-29 19:07:03
C01318,1,1,2016-08-12 03:54:33,2016-08-12 03:54:33
C01319,1,1,2016-12-26 14:36:20,2016-12-26 14:36:20
C01320,2,6,2016-08-29 21:25:05,2016-12-10 23:08:06
C01321,1,1,2016-09-26 20:59:49,2016-09-26 20:59:49
C01322,1,5,2016-07-14 02:37:14,2016-09-13 22:17:20
C01323,1,6,2016-07-06 03:47:14,2016-12-19 17:09:30
C01324,1,2,2016-11-01 19:47:27,2016-11-24 16:21:29
C01325,1,2,2016-07-17 00:08:54,2016-07-30 15:06:10
C01326,2,60,2016-07-06 13:07:33,2016-12-25 02:01:35
C01327,1,2,2016-11-07 05:41:59,2016-12-28 22:21:29
C01328,1,3,2016-07-22 03:43:08,2016-08-02 03:52:42
C01329,1,2,2016-10-08 02:05:43,2016-10-20 04:56:16
C01330,1,5,2016-07-20 15:13:59,2016-12-12 16:12:25
C01331,1,6,2016-09-07 21:04:57,2016-12-01 19:57:29
C01332,1,77,2016-07-05 19:12:01,2016-12-30 03:02:53
C01333,2,1767,2016-07-02 02:46:54,2016-12-29 23:18:34
C01334,1,2,2016-07-20 04:10:26,2016-11-24 22:48:02
C01335,1,11,2016-07-11 21:03:58,2016-12-24 21:23:58
C01336,1,1,2016-07-12 21:39:36,2016-07-12 21:39:36
C01337,2,34,2016-07-02 18:58:24,2016-12-28 12:02:37
C01338,1,1,2016-07-28 00:20:53,2016-07-28 00:20:53
C01339,1,7,2016-08-06 15:05:38,2016-11-24 09:48:17
C01340,1,38,2016-07-06 17:56:13,2016-12-29 00:06:29
C01341,1,1,2016-07-26 18:30:57,2016-07-26 18:30:57
C01342,2,92,2016-07-13 01:43:28,2016-12-27 20:33:48
C01343,1,6,2016-07-06 22:25:05,2016-10-31 21:18:57
C01344,1,10,2016-07-12 19:05:19,2016-12-31 15:57:45
C01345,1,1,2016-10-04 20:01:59,2016-10-04 20:01:59
C01346,1,5,2016-07-16 18:33:19,2016-07-29 01:57:23
C01347,2,227,2016-07-02 10:09:18,2016-12-28 15:34:16
C01348,1,16,2016-07-20 21:34:08,2016-12-27 20:43:39
C01349,2,53,2016-07-03 17:11:48,2016-12-29 21:02:23
C01350,1,6,2016-07-26 01:55:34,2016-12-14 15:30:53
C01351,1,1,2016-12-21 23:54:56,2016-12-21 23:54:56
C01352,1,41,2016-07-10 00:17:21,2016-12-13 10:44:58
C01353,1,9,2016-07-17 18:39:26,2016-12-31 14:35:58
C01354,1,2,2016-11-20 16:29:52,2016-12-03 03:23:56
C01355,1,1,2016-09-07 18:17:09,2016-09-07 18:17:09
C01356,1,1,2016-10-14 23:38:30,2016-10-14 23:38:30
C01357,1,56,2016-07-03 15:22:16,2016-12-24 22:37:34
C01358,1,5,2016-07-09 22:20:29,2016-12-06 18:38:48
C01359,1,20,2016-07-22 14:10:19,2016-12-30 21:44:50
C01360,1,1,2016-11-28 15:37:33,2016-11-28 15:37:33
C01361,1,1,2016-07-03 21:16:16,2016-07-03 21:16:16
C01362,1,1,2016-07-18 00:50:13,2016-07-18 00:50:13
C01363,1,75,2016-07-05 00:40:11,2016-12-31 19:05:10
C01364,1,5,2016-08-22 17:29:17,2016-11-05 05:52:53
C01365,1,28,2016-07-03 17:51:11,2016-11-26 12:14:32
C01366,1,1,2016-10-26 03:07:37,2016-10-26 03:07:37
C01367,1,10,2016-07-14 00:48:41,2016-12-11 17:33:55
C01368,1,6,2016-07-10 22:31:08,2016-08-03 01:16:45
C01369,1,1,2016-09-28 19:15:14,2016-09-28 19:15:14
C01370,1,58,2016-07-06 16:13:14,2016-12-31 14:48:00
C01371,1,4,2016-11-13 02:42:49,2016-11-13 03:03:30
C01372,2,45,2016-07-03 19:51:19,2016-12-27 23:57:43
C01373,1,1,2016-07-19 20:32:04,2016-07-19 20:32:04
C01374,2,321,2016-07-02 15:51:55,2016-12-29 19:17:52
C01375,1,3,2016-07-11 21:06:10,2016-12-19 20:21:42
C01376,1,4,2016-09-11 17:40:47,2016-11-19 22:36:57
C01377,1,1085,2016-07-05 00:22:37,2016-12-31 17:27:08
C01378,1,1,2016-07-28 23:53:25,2016-07-28 23:53:25
C01379,1,1,2016-08-22 23:51:40,2016-08-22 23:51:40
C01380,1,3,2016-09-24 17:16:02,2016-10-05 18:33:09
C01381,1,1,2016-08-02 12:14:22,2016-08-02 12:14:22
C01382,1,2,2016-08-11 03:54:06,2016-11-04 18:43:39
C01383,1,4,2016-07-09 19:26:51,2016-12-30 20:50:18
C01384,1,3,2016-09-09 00:42:12,2016-11-11 02:04:17
C01385,1,2,2016-07-15 18:49:23,2016-10-14 20:42:44
C01386,1,1,2016-11-02 23:11:53,2016-11-02 23:11:53
C01387,1,65,2016-07-03 01:55:09,2016-12-19 21:52:08
C01388,1,12,2016-07-18 21:19:49,2016-11-09 22:25:10
C01389,1,7,2016-07-19 01:35:53,2016-10-14 19:58:57
C01390,1,35,2016-07-02 23:55:24,2016-12-20 03:05:25
C01391,1,57,2016-07-07 19:11:56,2016-12-26 22:03:23
C01392,1,16,2016-07-11 00:12:56,2016-10-14 16:27:37
C01393,1,22,2016-07-21 19:29:05,2016-12-28 16:20:54
C01394,1,25,2016-07-08 21:43:03,2016-12-27 22:42:44
C01395,1,1,2016-12-11 01:01:23,2016-12-11 01:01:23
C01396,1,1,2016-07-25 22:46:06,2016-07-25 22:46:06
C01397,1,5,2016-07-13 22:13:23,2016-11-05 15:07:28
C01398,1,8,2016-07-21 22:04:28,2016-12-30 23:29:06
C01399,1,1,2016-12-30 23:17:53,2016-12-30 23:17:53
C01400,1,20,2016-07-07 21:35:21,2016-12-25 18:02:47
C01401,1,2,2016-07-30 02:22:04,2016-10-08 14:39:00
C01402,1,6,2016-07-08 01:12:06,2016-09-30 01:57:46
C01403,1,22,2016-07-09 18:15:51,2016-10-08 21:26:34
C01404,1,1,2016-08-10 23:53:09,2016-08-10 23:53:09
C01405,1,1,2016-12-30 12:36:00,2016-12-30 12:36:00
C01406,1,11,2016-07-13 15:02:51,2016-12-19 00:55:06
C01407,1,10,2016-07-06 04:10:37,2016-10-17 19:21:04
C01408,1,1,2016-07-21 10:38:26,2016-07-21 10:38:26
C01409,1,8,2016-07-07 17:28:46,2016-12-12 01:22:36
C01410,1,3,2016-07-07 03:59:29,2016-10-18 23:43:15
C01411,1,4,2016-07-12 01:33:36,2016-11-25 13:58:59
C01412,1,4,2016-11-10 22:09:44,2016-12-06 08:55:02
C01413,1,2,2016-09-26 19:19:16,2016-11-16 21:38:25
C01414,1,3,2016-07-20 03:15:20,2016-12-29 16:03:31
C01415,1,1,2016-12-16 10:48:32,2016-12-16 10:48:32
C01416,1,18,2016-07-16 19:52:05,2016-12-27 17:36:54
C01417,1,10,2016-07-23 13:13:00,2016-11-18 23:12:08
C01418,1,13,2016-08-30 01:02:09,2016-10-02 15:14:41
C01419,1,1,2016-11-27 13:30:22,2016-11-27 13:30:22
C01420,1,19,2016-07-05 00:33:46,2016-12-02 03:39:51
C01421,1,31,2016-07-04 17:35:26,2016-12-02 16:10:23
C01422,1,201,2016-07-04 12:06:27,2016-12-31 19:22:12
C01423,1,2,2016-09-17 17:09:59,2016-09-23 15:27:06
C01424,1,14,2016-07-15 21:35:08,2016-11-04 20:14:03
C01425,1,1,2016-08-24 05:09:50,2016-08-24 05:09:50
C01426,1,24,2016-07-08 19:57:48,2016-11-18 16:42:09
C01427,1,1,2016-11-23 16:08:53,2016-11-23 16:08:53
C01428,1,8,2016-07-12 10:58:44,2016-11-20 20:31:54
C01429,1,13,2016-07-16 14:18:07,2016-12-26 11:27:57
C01430,1,7,2016-07-18 04:45:04,2016-12-26 22:19:38
C01431,1,4,2016-07-24 19:02:05,2016-11-24 16:35:13
C01432,1,1,2016-10-09 18:31:56,2016-10-09 18:31:56
C01433,1,13,2016-10-05 20:53:17,2016-12-27 18:36:10
C01434,1,22,2016-07-09 01:35:12,2016-12-18 00:13:21
C01435,1,1,2016-07-16 05:29:31,2016-07-16 05:29:31
C01436,1,5,2016-07-04 03:56:14,2016-08-26 03:15:54
C01437,1,1,2016-08-31 17:00:57,2016-08-31 17:00:57
C01438,1,3,2016-07-10 17:33:36,2016-09-08 16:03:51
C01439,1,55,2016-07-07 03:43:40,2016-12-31 05:06:24
C01440,1,1,2016-08-31 14:04:01,2016-08-31 14:04:01
C01441,1,1,2016-11-30 20:40:53,2016-11-30 20:40:53
C01442,1,29,2016-07-13 19:11:55,2016-12-27 03:42:13
C01443,1,3,2016-10-02 23:29:10,2016-11-25 21:38:16
C01444,1,2,2016-08-02 00:36:48,2016-12-24 16:20:33
C01445,1,7,2016-10-06 03:57:20,2016-12-23 15:47:31
C01446,1,8,2016-08-05 01:51:43,2016-10-05 00:15:47
C01447,1,1,2016-07-20 15:22:21,2016-07-20 15:22:21
C01448,1,1,2016-07-04 20:56:22,2016-07-04 20:56:22
C01449,1,2,2016-10-26 04:24:00,2016-12-18 02:05:41
C01450,1,1,2016-08-29 12:37:55,2016-08-29 12:37:55
C01451,1,3,2016-07-20 03:11:43,2016-11-23 23:24:54
C01452,1,1,2016-07-12 19:32:57,2016-07-12 19:32:57
C01453,1,2,2016-10-29 18:26:14,2016-11-27 21:13:55
C01454,1,1,2016-07-31 17:10:09,2016-07-31 17:10:09
C01455,1,2,2016-10-30 21:46:41,2016-10-30 21:58:33
C01456,1,1,2016-07-30 18:47:10,2016-07-30 18:47:10
C01457,1,2,2016-08-11 03:34:18,2016-08-16 04:43:47
C01458,1,15,2016-07-08 17:26:11,2016-12-04 22:05:16
C01459,1,38,2016-07-08 02:30:59,2016-11-25 13:40:11
C01460,1,14,2016-07-09 20:10:01,2016-12-15 02:20:09
C01461,1,20,2016-07-03 19:32:43,2016-12-26 12:29:22
C01462,1,3,2016-08-10 01:01:03,2016-11-01 18:24:52
C01463,1,1,2016-09-01 20:03:25,2016-09-01 20:03:25
C01464,1,2,2016-07-09 18:05:18,2016-12-23 16:41:48
C01465,1,62,2016-07-12 03:14:25,2016-12-24 15:27:08
C01466,1,14,2016-07-18 17:30:31,2016-12-01 18:54:13
C01467,1,1,2016-07-06 16:40:58,2016-07-06 16:40:58
C01468,1,28,2016-07-17 20:16:33,2016-11-17 22:01:32
C01469,1,20,2016-07-07 01:48:50,2016-12-26 21:49:21
C01470,1,1,2016-07-13 17:15:25,2016-07-13 17:15:25
C01471,1,5,2016-07-04 14:45:26,2016-10-14 20:49:50
C01472,1,3,2016-07-09 20:20:14,2016-11-03 20:59:20
C01473,1,4,2016-07-18 17:52:53,2016-11-10 15:22:17
C01474,1,1,2016-07-27 23:42:44,2016-07-27 23:42:44
C01475,1,1,2016-10-11 18:32:30,2016-10-11 18:32:30
C01476,1,1,2016-11-29 01:50:43,2016-11-29 01:50:43
C01477,1,4,2016-10-02 23:48:30,2016-11-30 02:03:19
C01478,1,1,2016-11-20 13:39:07,2016-11-20 13:39:07
C01479,1,1,2016-09-13 20:29:17,2016-09-13 20:29:17
C01480,1,38,2016-07-05 21:29:21,2016-12-26 15:36:07
C01481,1,9,2016-07-04 11:13:37,2016-10-11 17:41:49
C01482,1,18,2016-07-08 21:33:42,2016-12-30 17:33:01
C01483,1,2,2016-10-04 18:43:20,2016-10-11 11:24:57
C01484,1,1,2016-11-18 12:32:59,2016-11-18 12:32:59
C01485,1,4,2016-07-15 21:08:17,2016-11-27 12:10:40
C01486,1,9,2016-07-03 15:59:30,2016-12-15 16:18:27
C01487,1,19,2016-07-06 01:47:41,2016-12-22 23:12:31
C01488,2,15,2016-07-06 23:20:19,2016-12-24 16:32:56
C01489,1,38,2016-07-16 18:39:09,2016-12-25 19:36:17
C01490,1,1,2016-12-20 13:31:01,2016-12-20 13:31:01
C01491,1,1,2016-08-04 00:05:18,2016-08-04 00:05:18
C01492,1,126,2016-07-03 18:45:42,2016-12-28 23:33:32
C01493,1,16,2016-07-05 02:44:33,2016-11-23 18:15:31
C01494,1,16,2016-07-09 15:27:01,2016-12-24 18:52:05
C01495,1,53,2016-07-08 01:34:20,2016-12-31 23:54:43
C01496,1,2,2016-10-10 15:28:29,2016-10-17 03:29:30
C01497,1,1,2016-10-02 17:14:41,2016-10-02 17:14:41
C01498,1,2,2016-08-16 17:32:20,2016-09-24 03:39:22
C01499,1,1,2016-09-12 16:25:53,2016-09-12 16:25:53
C01500,1,5,2016-07-24 23:59:00,2016-11-04 01:12:01
C01501,1,1,2016-07-07 04:30:45,2016-07-07 04:30:45
C01502,1,35,2016-07-20 01:08:04,2016-12-26 13:45:28
C01503,1,6,2016-11-18 19:45:18,2016-12-19 03:00:11
C01504,1,17,2016-07-06 22:55:54,2016-12-11 17:56:45
C01505,1,1,2016-10-05 18:56:51,2016-10-05 18:56:51
C01506,1,5,2016-10-22 04:11:15,2016-12-16 14:25:43
C01507,1,55,2016-07-06 00:16:01,2016-12-20 17:40:27
C01508,1,3,2016-12-06 17:15:01,2016-12-06 19:00:34
C01509,1,5,2016-07-03 02:11:57,2016-11-14 06:17:43
C01510,1,2,2016-09-23 20:13:13,2016-09-27 00:52:57
C01511,1,9,2016-10-05 17:53:04,2016-12-30 14:21:01
C01512,1,1,2016-07-26 03:48:57,2016-07-26 03:48:57
C01513,1,4,2016-07-20 22:35:00,2016-09-27 00:29:42
C01514,1,1,2016-07-23 21:27:15,2016-07-23 21:27:15
C01515,1,7,2016-07-11 20:54:00,2016-10-31 22:40:09
C01516,1,2,2016-10-10 02:54:53,2016-12-27 17:15:48
C01517,1,16,2016-07-11 01:48:50,2016-12-24 00:31:23
C01518,1,1,2016-09-13 18:46:48,2016-09-13 18:46:48
C01519,1,11,2016-07-13 18:54:18,2016-12-20 23:31:43
C01520,1,1,2016-09-23 15:01:00,2016-09-23 15:01:00
C01521,2,411,2016-07-02 02:48:00,2016-12-28 23:01:08
C01522,1,3,2016-09-01 01:20:23,2016-12-12 13:29:24
C01523,1,2,2016-07-26 19:37:32,2016-10-04 17:28:10
C01524,1,6,2016-07-22 22:51:53,2016-12-22 19:05:34
C01525,2,326,2016-07-02 00:33:24,2016-12-28 15:07:17
C01526,1,5,2016-09-27 14:41:33,2016-10-17 18:05:18
C01527,1,1,2016-10-10 23:04:37,2016-10-10 23:04:37
C01528,1,7,2016-07-21 14:46:40,2016-11-12 16:01:58
C01529,1,49,2016-07-04 19:38:44,2016-12-31 23:28:54
C01530,1,2,2016-11-04 16:59:34,2016-12-23 18:49:05
C01531,1,3,2016-08-03 03:06:22,2016-10-04 16:04:20
C01532,1,2,2016-10-06 01:11:10,2016-12-21 01:12:59
C01533,1,4,2016-07-06 03:30:48,2016-10-17 00:44:15
C01534,1,18,2016-07-11 01:58:41,2016-12-28 01:12:15
C01535,1,1,2016-10-12 22:32:49,2016-10-12 22:32:49
C01536,1,1,2016-09-29 03:03:37,2016-09-29 03:03:37
C01537,1,1,2016-07-21 19:22:19,2016-07-21 19:22:19
C01538,1,7,2016-07-11 12:57:58,2016-11-09 16:56:44
C01539,1,14,2016-08-29 17:28:37,2016-10-30 14:08:04
C01540,1,12,2016-08-22 06:33:13,2016-10-23 17:44:39
C01541,1,2,2016-10-05 22:38:15,2016-10-15 18:43:55
C01542,1,4,2016-07-28 18:06:41,2016-11-15 22:23:44
C01543,1,6,2016-07-07 18:19:59,2016-08-28 20:04:04
C01544,1,35,2016-07-08 03:50:29,2016-12-30 17:29:53
C01545,1,22,2016-07-08 00:27:49,2016-12-28 23:44:12
C01546,1,3,2016-07-07 17:44:36,2016-07-18 18:42:53
C01547,1,7,2016-07-09 17:07:51,2016-12-30 20:47:24
C01548,1,3,2016-07-09 19:54:37,2016-11-02 14:00:30
C01549,2,28,2016-07-08 03:00:11,2016-12-12 01:29:39
C01550,1,9,2016-07-16 00:43:51,2016-12-26 18:44:03
C01551,1,4,2016-07-28 23:00:11,2016-12-22 02:07:52
C01552,1,6,2016-08-13 20:12:44,2016-12-08 18:48:12
C01553,1,52,2016-07-04 16:13:29,2016-12-29 19:49:09
C01554,1,5,2016-09-10 16:39:59,2016-12-31 21:43:54
C01555,1,20,2016-07-15 18:02:04,2016-12-11 21:50:57
C01556,1,1,2016-12-24 12:28:24,2016-12-24 12:28:24
C01557,1,1,2016-11-22 20:28:11,2016-11-22 20:28:11
C01558,1,5,2016-10-03 19:26:53,2016-10-05 13:14:05
C01559,1,37,2016-07-03 14:20:11,2016-12-26 16:35:03
C01560,1,1,2016-10-01 04:59:18,2016-10-01 04:59:18
C01561,1,1,2016-09-08 16:30:26,2016-09-08 16:30:26
C01562,1,30,2016-07-06 20:06:10,2016-12-26 22:12:30
C01563,1,73,2016-07-02 03:00:29,2016-11-14 23:39:05
C01564,1,1,2016-07-14 00:24:04,2016-07-14 00:24:04
C01565,1,4,2016-07-16 13:00:33,2016-10-28 22:47:35
C01566,1,2,2016-07-09 14:27:14,2016-07-24 19:59:52
C01567,1,1,2016-10-13 01:26:38,2016-10-13 01:26:38
C01568,1,1,2016-07-12 11:57:51,2016-07-12 11:57:51
C01569,1,17,2016-07-05 01:17:20,2016-12-08 03:12:44
C01570,1,2,2016-07-22 23:07:38,2016-11-04 22:12:58
C01571,1,6,2016-07-06 15:17:44,2016-11-01 14:50:30
C01572,1,2,2016-08-25 13:31:32,2016-09-27 19:01:30
C01573,1,1,2016-11-26 21:17:39,2016-11-26 21:17:39
C01574,1,2,2016-07-03 17:04:39,2016-08-21 16:19:48
C01575,1,28,2016-07-04 23:50:47,2016-12-27 00:06:32
C01576,1,1,2016-10-22 19:04:10,2016-10-22 19:04:10
C01577,1,2,2016-11-16 01:18:21,2016-11-16 01:49:14
C01578,1,13,2016-07-11 17:48:12,2016-08-20 12:21:15
C01579,1,2,2016-07-03 04:37:34,2016-11-18 01:41:15
C01580,1,3,2016-08-24 02:31:54,2016-10-16 20:39:20
C01581,1,2,2016-07-08 23:25:50,2016-07-08 23:45:20
C01582,1,3,2016-07-11 21:10:00,2016-12-22 02:09:28
C01583,1,1,2016-10-06 22:14:30,2016-10-06 22:14:30
C01584,1,2,2016-08-21 19:28:00,2016-12-21 22:24:38
C01585,1,2,2016-07-09 21:40:20,2016-08-15 21:19:17
C01586,1,2,2016-09-13 22:43:37,2016-10-28 23:16:43
C01587,1,3,2016-07-17 19:25:09,2016-10-26 17:55:25
C01588,1,7,2016-07-25 23:09:35,2016-12-10 16:04:38
C01589,1,4,2016-07-04 01:56:09,2016-12-21 18:32:29
C01590,1,9,2016-07-03 19:33:05,2016-12-15 18:38:00
C01591,2,6,2016-08-30 00:30:04,2016-12-10 18:58:45
C01592,1,2,2016-11-21 15:11:16,2016-11-21 16:21:33
C01593,1,3,2016-09-24 18:23:54,2016-12-19 11:52:27
C01594,1,41,2016-07-07 19:08:28,2016-12-19 12:58:40
C01595,1,12,2016-07-04 01:13:23,2016-12-18 20:38:39
C01596,2,212,2016-07-03 04:40:06,2016-12-30 20:15:04
C01597,1,3,2016-08-13 23:07:49,2016-10-15 20:23:07
C01598,1,1,2016-07-16 18:50:50,2016-07-16 18:50:50
C01599,1,158,2016-07-05 16:32:51,2016-12-26 15:21:13
C01600,1,4,2016-07-28 22:02:46,2016-12-14 15:12:38
C01601,1,4,2016-07-17 00:20:09,2016-11-21 20:55:57
C01602,1,1,2016-11-27 23:08:38,2016-11-27 23:08:38
C01603,1,26,2016-07-03 15:01:25,2016-12-15 00:10:16
C01604,1,8,2016-07-08 03:22:21,2016-12-28 20:22:54
C01605,1,31,2016-07-08 21:39:24,2016-12-31 14:30:25
C01606,1,1,2016-07-26 15:11:27,2016-07-26 15:11:27
C01607,1,1,2016-11-09 16:13:50,2016-11-09 16:13:50
C01608,1,5,2016-08-15 02:20:04,2016-11-26 16:09:19
C01609,1,9,2016-07-09 00:44:30,2016-12-25 13:05:20
C01610,1,1,2016-09-27 09:59:44,2016-09-27 09:59:44
C01611,1,1,2016-07-20 03:24:48,2016-07-20 03:24:48
C01612,1,4,2016-07-29 15:00:40,2016-11-13 01:53:07
C01613,1,8,2016-07-26 00:40:34,2016-11-28 01:46:56
C01614,1,47,2016-07-13 17:43:46,2016-12-22 12:50:42
C01615,1,37,2016-07-06 12:31:49,2016-12-13 15:15:32
C01616,1,4,2016-07-29 13:10:41,2016-12-04 17:18:48
C01617,1,26,2016-07-22 13:02:44,2016-12-23 14:59:49
C01618,2,912,2016-07-03 00:34:07,2016-12-31 19:03:55
C01619,1,47,2016-07-09 04:29:44,2016-12-23 12:19:21
C01620,1,4,2016-07-07 12:29:52,2016-12-29 03:08:15
C01621,1,8,2016-07-19 02:36:42,2016-12-27 23:22:38
C01622,1,1,2016-08-23 20:42:04,2016-08-23 20:42:04
C01623,1,2,2016-11-02 16:20:40,2016-12-23 02:06:10
C01624,1,3,2016-07-12 13:19:33,2016-11-16 16:46:22
C01625,1,1,2016-10-26 14:30:45,2016-10-26 14:30:45
C01626,1,1,2016-12-17 17:20:55,2016-12-17 17:20:55
C01627,1,9,2016-07-06 17:21:37,2016-12-14 18:44:10
C01628,1,27,2016-07-14 00:17:25,2016-12-31 06:13:38
C01629,1,1,2016-11-08 02:34:47,2016-11-08 02:34:47
C01630,1,1,2016-07-10 14:52:31,2016-07-10 14:52:31
C01631,1,1,2016-10-17 13:38:17,2016-10-17 13:38:17
C01632,1,1,2016-10-14 17:33:06,2016-10-14 17:33:06
C01633,1,3,2016-09-03 02:17:25,2016-09-08 14:55:45
C01634,1,4,2016-07-05 14:46:45,2016-10-05 12:56:20
C01635,1,105,2016-07-05 15:38:10,2016-12-30 23:45:21
C01636,1,2,2016-12-18 23:51:52,2016-12-29 02:17:13
C01637,1,2,2016-08-11 13:44:33,2016-08-26 22:40:28
C01638,1,5,2016-07-03 20:25:22,2016-09-12 09:16:56
C01639,1,4,2016-07-22 18:46:11,2016-12-14 17:36:46
C01640,1,1,2016-12-17 01:15:13,2016-12-17 01:15:13
C01641,1,9,2016-07-26 16:27:26,2016-12-10 23:01:58
C01642,1,1,2016-12-02 04:35:07,2016-12-02 04:35:07
C01643,1,2,2016-08-28 18:11:15,2016-09-30 15:48:10
C01644,1,1,2016-12-25 16:19:53,2016-12-25 16:19:53
C01645,1,1,2016-09-12 19:29:13,2016-09-12 19:29:13
C01646,1,2,2016-07-08 16:09:27,2016-12-15 22:33:46
C01647,1,14,2016-07-13 23:22:23,2016-12-21 22:57:15
C01648,1,6,2016-09-24 23:28:01,2016-12-26 22:24:12
C01649,1,5,2016-08-23 00:47:57,2016-09-19 01:09:22
C01650,1,4,2016-09-16 02:01:50,2016-12-17 22:47:24
C01651,1,4,2016-07-31 12:47:26,2016-09-29 15:04:14
C01652,1,7,2016-09-07 18:46:29,2016-11-11 16:57:43
C01653,1,34,2016-07-04 12:42:13,2016-12-30 19:28:29
C01654,1,64,2016-07-05 17:48:58,2016-12-27 18:46:05
C01655,1,2,2016-11-30 20:46:28,2016-11-30 20:58:24
C01656,1,26,2016-07-05 23:59:45,2016-12-31 04:20:22
C01657,1,17,2016-07-03 18:46:01,2016-12-20 00:20:38
C01658,1,1,2016-07-18 16:51:49,2016-07-18 16:51:49
C01659,1,36,2016-07-04 04:07:50,2016-12-11 13:26:56
C01660,1,4,2016-07-16 16:14:30,2016-12-03 03:46:09
C01661,1,12,2016-07-02 22:58:50,2016-12-15 18:31:23
C01662,1,8,2016-08-01 00:42:49,2016-10-21 19:16:33
C01663,1,1,2016-07-23 12:34:20,2016-07-23 12:34:20
C01664,1,6,2016-07-16 17:56:57,2016-12-21 19:17:32
C01665,1,7,2016-07-04 10:49:34,2016-12-31 22:36:31
C01666,1,2,2016-07-13 20:08:29,2016-11-24 23:37:30
C01667,1,3,2016-07-25 16:12:31,2016-07-30 02:26:09
C01668,1,1,2016-07-13 21:17:09,2016-07-13 21:17:09
C01669,1,1,2016-07-26 18:45:00,2016-07-26 18:45:00
C01670,1,2,2016-12-14 00:54:11,2016-12-14 00:55:52
C01671,1,43,2016-07-04 00:16:40,2016-12-28 00:27:36
C01672,1,8,2016-07-23 00:13:29,2016-12-26 22:55:56
C01673,1,27,2016-07-06 07:00:24,2016-12-17 13:23:34
C01674,1,2,2016-07-12 01:32:02,2016-07-12 02:09:29
C01675,1,1,2016-12-05 23:08:12,2016-12-05 23:08:12
C01676,1,3,2016-07-29 02:41:14,2016-12-27 05:28:27
C01677,1,1,2016-11-20 23:57:36,2016-11-20 23:57:36
C01678,1,65,2016-07-05 21:03:39,2016-12-31 09:36:32
C01679,1,1,2016-10-11 19:02:57,2016-10-11 19:02:57
C01680,1,1,2016-08-08 00:47:06,2016-08-08 00:47:06
C01681,1,29,2016-07-14 13:30:10,2016-12-31 19:39:17
C01682,2,224,2016-07-04 23:14:32,2016-12-31 15:49:36
C01683,1,1,2016-07-28 17:36:21,2016-07-28 17:36:21
C01684,1,49,2016-07-17 12:05:59,2016-12-26 13:14:52
C01685,1,15,2016-07-18 01:49:37,2016-12-14 22:56:15
C01686,1,1,2016-08-01 15:41:34,2016-08-01 15:41:34
C01687,1,1,2016-08-28 19:36:31,2016-08-28 19:36:31
C01688,1,33,2016-07-14 18:52:47,2016-12-24 02:04:06
C01689,1,39,2016-07-10 00:51:57,2016-12-18 12:52:25
C01690,1,17,2016-07-09 11:56:13,2016-12-22 11:05:59
C01691,1,1,2016-08-22 16:56:51,2016-08-22 16:56:51
C01692,1,56,2016-07-16 19:58:33,2016-12-22 16:29:58
C01693,1,4,2016-10-01 17:52:42,2016-10-01 19:00:16
C01694,1,87,2016-07-03 16:17:42,2016-12-25 16:59:57
C01695,2,81,2016-07-03 15:48:25,2016-12-31 01:55:28
C01696,1,1,2016-08-02 19:57:52,2016-08-02 19:57:52
C01697,1,5,2016-11-28 23:12:51,2016-12-27 16:55:36
C01698,1,2,2016-07-25 16:57:51,2016-10-13 01:15:16
C01699,1,1,2016-07-15 03:00:55,2016-07-15 03:00:55
C01700,1,12,2016-07-10 22:46:58,2016-09-04 19:41:55
C01701,1,7,2016-07-06 01:31:05,2016-10-21 20:17:27
C01702,1,15,2016-07-15 12:13:04,2016-12-30 11:12:17
C01703,1,2,2016-07-24 17:16:12,2016-12-13 17:28:12
C01704,1,1,2016-07-16 03:17:25,2016-07-16 03:17:25
C01705,1,4,2016-07-12 21:55:35,2016-08-11 05:03:16
C01706,1,37,2016-07-02 20:43:57,2016-12-14 14:29:07
C01707,1,3,2016-08-17 04:24:25,2016-10-29 16:39:33
C01708,1,1,2016-11-03 15:38:21,2016-11-03 15:38:21
C01709,1,8,2016-07-10 01:15:45,2016-12-17 15:10:35
C01710,1,33,2016-07-04 20:52:18,2016-12-26 18:08:42
C01711,1,14,2016-07-11 02:12:25,2016-12-08 13:49:57
C01712,1,6,2016-07-11 21:25:25,2016-12-18 20:51:24
C01713,1,3,2016-09-13 21:31:29,2016-09-18 03:36:46
C01714,1,1,2016-07-19 01:01:22,2016-07-19 01:01:22
C01715,1,6,2016-08-11 17:14:59,2016-12-11 21:18:30
C01716,1,12,2016-08-10 14:09:39,2016-12-20 11:33:37
C01717,1,1,2016-07-15 16:02:40,2016-07-15 16:02:40
C01718,1,4,2016-07-08 02:50:15,2016-07-27 23:09:22
C01719,1,180,2016-07-04 12:54:39,2016-12-31 13:42:03
C01720,2,11,2016-08-20 02:31:56,2016-12-18 13:36:20
C01721,2,1027,2016-07-06 02:12:37,2016-12-31 22:44:25
C01722,1,2,2016-10-11 23:15:31,2016-11-01 05:24:44
C01723,1,35,2016-07-09 02:13:35,2016-12-28 20:26:14
C01724,1,1,2016-11-11 14:17:07,2016-11-11 14:17:07
C01725,1,5,2016-10-25 20:42:47,2016-12-14 19:05:06
C01726,1,34,2016-07-07 13:18:45,2016-12-27 17:05:10
C01727,2,106,2016-07-09 01:16:51,2016-12-31 22:19:19
C01728,1,3,2016-07-25 17:03:48,2016-07-25 18:34:00
C01729,1,1,2016-10-11 20:22:50,2016-10-11 20:22:50
C01730,1,33,2016-07-10 17:03:53,2016-12-27 11:09:57
C01731,1,8,2016-07-25 03:18:10,2016-09-18 15:23:15
C01732,1,2,2016-08-18 18:36:27,2016-08-25 04:16:57
C01733,1,16,2016-07-08 23:59:05,2016-11-26 13:38:21
C01734,1,10,2016-08-26 17:48:17,2016-12-24 13:58:02
C01735,1,7,2016-07-02 20:00:17,2016-12-04 11:13:06
C01736,1,1,2016-10-24 17:45:36,2016-10-24 17:45:36
C01737,1,2,2016-09-15 12:42:57,2016-09-16 20:49:47
C01738,1,5,2016-08-02 20:42:03,2016-09-04 18:17:40
C01739,1,1,2016-08-26 02:16:52,2016-08-26 02:16:52
C01740,1,9,2016-07-05 14:20:47,2016-12-16 16:15:52
C01741,1,1,2016-12-09 20:38:34,2016-12-09 20:38:34
C01742,2,3,2016-08-24 18:17:03,2016-10-01 17:59:10
C01743,1,12,2016-07-17 17:47:47,2016-12-23 13:27:55
C01744,2,339,2016-07-04 21:05:17,2016-12-31 23:45:41
C01745,1,1,2016-10-11 03:11:30,2016-10-11 03:11:30
C01746,1,2,2016-07-20 19:37:26,2016-07-20 19:42:25
C01747,1,3,2016-07-13 15:59:32,2016-12-10 15:14:06
C01748,1,2,2016-07-10 21:27:05,2016-07-13 19:47:44
C01749,2,9,2016-08-09 21:38:29,2016-12-17 16:32:53
C01750,1,2,2016-07-16 20:04:06,2016-12-29 17:20:36
C01751,1,24,2016-07-18 18:17:44,2016-12-31 14:46:28
C01752,1,2,2016-08-24 21:01:03,2016-08-24 21:01:23
C01753,1,1,2016-09-17 01:51:58,2016-09-17 01:51:58
C01754,1,1,2016-10-22 22:31:25,2016-10-22 22:31:25
C01755,2,549,2016-07-04 00:31:22,2016-12-31 23:54:36
C01756,1,12,2016-07-12 16:17:28,2016-08-12 22:33:12
C01757,1,71,2016-07-07 20:24:55,2016-12-30 11:13:20
C01758,1,8,2016-07-07 22:44:47,2016-11-17 21:21:27
C01759,1,6,2016-07-28 20:06:34,2016-12-24 03:00:59
C01760,1,6,2016-07-09 19:49:43,2016-11-12 22:46:39
C01761,1,1,2016-07-04 14:33:07,2016-07-04 14:33:07
C01762,1,4,2016-08-05 04:29:49,2016-09-03 10:46:17
C01763,1,11,2016-07-10 18:37:26,2016-12-04 15:56:51
C01764,1,1,2016-08-20 22:42:23,2016-08-20 22:42:23
C01765,1,7,2016-07-26 15:14:47,2016-12-31 22:55:59
C01766,1,1,2016-09-16 22:28:10,2016-09-16 22:28:10
C01767,1,81,2016-08-07 15:03:15,2016-11-24 14:23:22
C01768,1,5,2016-07-16 23:27:02,2016-11-07 00:39:02
C01769,1,3,2016-08-19 17:40:12,2016-08-20 16:18:37
C01770,1,5,2016-07-16 15:59:06,2016-12-26 22:21:22
C01771,1,14,2016-08-09 14:19:21,2016-12-30 15:13:14
C01772,1,27,2016-07-06 02:41:11,2016-12-29 15:20:41
C01773,1,33,2016-07-06 02:20:01,2016-12-27 23:31:51
C01774,1,1,2016-07-29 18:42:16,2016-07-29 18:42:16
C01775,1,5,2016-08-16 02:10:25,2016-12-28 04:44:22
C01776,1,31,2016-07-03 01:10:51,2016-12-23 12:17:25
C01777,1,3,2016-07-09 16:22:49,2016-12-02 00:13:36
C01778,1,1,2016-10-06 01:05:23,2016-10-06 01:05:23
C01779,1,3,2016-08-28 14:17:31,2016-10-01 03:13:49
C01780,1,12,2016-07-11 20:00:54,2016-12-28 16:38:12
C01781,1,2,2016-12-07 15:05:01,2016-12-18 02:13:06
C01782,2,123,2016-07-02 21:50:31,2016-12-29 21:18:57
C01783,1,21,2016-09-17 20:27:02,2016-12-09 11:41:15
C01784,1,1,2016-08-06 22:02:58,2016-08-06 22:02:58
C01785,1,4,2016-08-23 23:12:19,2016-11-29 19:29:00
C01786,1,2,2016-08-07 02:23:15,2016-09-24 19:32:43
C01787,1,1,2016-07-13 14:43:02,2016-07-13 14:43:02
C01788,1,3,2016-09-25 16:05:10,2016-12-23 03:39:33
C01789,1,52,2016-07-06 17:55:18,2016-12-27 07:16:19
C01790,1,8,2016-07-19 15:56:01,2016-12-30 20:01:36
C01791,1,1,2016-07-11 18:35:10,2016-07-11 18:35:10
C01792,1,4,2016-07-13 23:24:16,2016-10-24 20:50:02
C01793,1,1,2016-11-16 02:45:22,2016-11-16 02:45:22
C01794,1,4,2016-07-25 16:02:38,2016-10-02 13:59:38
C01795,1,7,2016-08-10 23:42:05,2016-12-22 13:26:09
C01796,1,4,2016-08-27 18:49:20,2016-11-26 23:36:08
C01797,1,7,2016-07-10 21:43:18,2016-12-06 17:33:32
C01798,1,2,2016-11-16 03:38:48,2016-12-07 14:14:58
C01799,2,20,2016-07-21 02:20:40,2016-12-20 19:46:43
C01800,1,1,2016-12-24 19:59:59,2016-12-24 19:59:59
C01801,1,23,2016-07-10 00:09:50,2016-12-15 21:14:15
C01802,1,1,2016-07-26 19:01:00,2016-07-26 19:01:00
C01803,1,9,2016-07-07 16:59:10,2016-12-27 12:50:06
C01804,1,2,2016-10-30 02:38:03,2016-12-06 15:16:35
C01805,1,13,2016-07-14 18:21:56,2016-12-30 23:48:54
C01806,1,2,2016-11-20 03:00:39,2016-11-20 03:08:12
C01807,1,3,2016-07-18 21:17:25,2016-07-28 21:29:43
C01808,1,1,2016-07-26 06:16:12,2016-07-26 06:16:12
C01809,1,10,2016-07-13 15:22:22,2016-12-27 14:16:57
C01810,1,81,2016-07-16 01:36:34,2016-12-19 14:35:21
C01811,1,1,2016-10-05 22:12:10,2016-10-05 22:12:10
C01812,1,86,2016-07-06 20:26:04,2016-12-30 16:50:30
C01813,1,4,2016-09-10 14:16:07,2016-12-21 23:55:06
C01814,1,5,2016-07-22 19:59:52,2016-12-27 00:06:57
C01815,1,6,2016-07-19 15:04:12,2016-10-29 13:27:16
C01816,1,29,2016-07-07 20:53:24,2016-12-24 16:46:12
C01817,1,4,2016-09-15 17:08:26,2016-11-19 16:22:24
C01818,1,36,2016-07-03 01:05:44,2016-12-31 10:56:36
C01819,1,4,2016-08-28 20:32:27,2016-11-13 12:41:27
C01820,1,2,2016-07-08 18:17:13,2016-07-16 20:06:42
C01821,1,1,2016-09-15 13:03:52,2016-09-15 13:03:52
C01822,1,10,2016-10-19 16:33:59,2016-12-25 14:48:50
C01823,1,31,2016-07-09 15:36:41,2016-12-17 12:15:52
C01824,1,1,2016-12-15 00:40:19,2016-12-15 00:40:19
C01825,1,4,2016-08-21 03:34:10,2016-12-28 18:41:59
C01826,1,34,2016-07-04 21:18:08,2016-12-29 22:43:54
C01827,1,4,2016-07-13 18:27:26,2016-10-29 18:07:03
C01828,2,333,2016-07-02 01:24:33,2016-12-27 22:38:09
C01829,1,1,2016-09-05 22:50:47,2016-09-05 22:50:47
C01830,1,2,2016-07-10 21:40:40,2016-10-20 23:51:06
C01831,1,1,2016-07-21 20:00:25,2016-07-21 20:00:25
C01832,1,2,2016-08-26 22:25:28,2016-10-05 15:54:26
C01833,1,1,2016-08-12 21:49:22,2016-08-12 21:49:22
C01834,1,1,2016-07-20 03:43:34,2016-07-20 03:43:34
C01835,1,1,2016-12-16 01:15:42,2016-12-16 01:15:42
C01836,1,2,2016-07-22 15:24:44,2016-11-10 09:59:26
C01837,1,2,2016-07-24 14:29:22,2016-08-07 18:26:10
C01838,1,7,2016-08-12 20:54:47,2016-12-31 22:27:32
C01839,1,1,2016-10-05 01:53:32,2016-10-05 01:53:32
C01840,1,1,2016-07-06 14:19:35,2016-07-06 14:19:35
C01841,1,3,2016-10-18 13:16:50,2016-11-25 17:43:57
C01842,1,4,2016-08-16 11:33:23,2016-12-22 23:16:55
C01843,1,5,2016-07-15 19:45:26,2016-10-18 15:20:38
C01844,1,3,2016-10-01 21:03:49,2016-12-10 15:43:09
C01845,1,1,2016-07-24 02:40:16,2016-07-24 02:40:16
C01846,1,27,2016-07-06 15:44:25,2016-12-19 23:07:55
C01847,1,4,2016-10-10 21:36:41,2016-12-27 19:34:03
C01848,1,3,2016-08-10 21:51:45,2016-12-07 21:20:43
C01849,1,7,2016-07-04 14:54:28,2016-11-13 16:39:44
C01850,1,2,2016-07-20 04:16:17,2016-10-11 11:44:46
C01851,1,7,2016-07-18 21:58:27,2016-11-29 21:58:31
C01852,1,17,2016-07-13 21:45:30,2016-12-01 22:00:46
C01853,1,3,2016-08-16 19:39:36,2016-12-23 02:58:42
C01854,1,3,2016-08-15 01:53:16,2016-11-03 02:20:33
C01855,2,253,2016-07-02 21:04:34,2016-12-30 23:25:58
C01856,1,13,2016-07-06 00:32:47,2016-11-21 20:23:11
C01857,1,17,2016-07-12 13:43:08,2016-12-13 13:34:16
C01858,1,1,2016-11-02 00:27:54,2016-11-02 00:27:54
C01859,1,22,2016-07-03 21:27:20,2016-12-28 16:37:21
C01860,1,51,2016-07-03 01:00:07,2016-12-27 16:11:28
C01861,1,5,2016-08-22 18:13:25,2016-08-22 20:45:52
C01862,1,4,2016-07-19 03:00:02,2016-11-10 22:39:55
C01863,1,6,2016-07-08 21:36:46,2016-12-07 18:26:06
C01864,1,83,2016-07-03 01:58:40,2016-12-24 04:42:40
C01865,1,2,2016-11-10 11:57:51,2016-11-11 01:33:23
C01866,1,1,2016-08-06 00:10:30,2016-08-06 00:10:30
C01867,1,11,2016-07-14 19:00:24,2016-12-23 16:13:24
C01868,1,2,2016-07-30 19:00:29,2016-12-12 22:54:10
C01869,1,54,2016-07-03 18:12:57,2016-12-29 12:02:47
C01870,2,6,2016-07-24 22:17:18,2016-10-07 19:35:00
C01871,1,76,2016-07-06 01:35:36,2016-12-30 01:43:58
C01872,1,2,2016-07-26 22:57:12,2016-09-13 21:23:50
C01873,1,2,2016-09-08 16:08:34,2016-09-08 16:17:14
C01874,1,2,2016-07-20 13:49:46,2016-10-07 23:13:21
C01875,1,43,2016-07-05 00:44:59,2016-11-29 21:00:48
C01876,1,5,2016-07-17 16:19:11,2016-12-31 18:04:08
C01877,1,12,2016-07-10 19:24:16,2016-12-11 13:05:02
C01878,1,2,2016-07-22 00:23:48,2016-07-27 14:27:06
C01879,1,6,2016-07-31 17:30:21,2016-12-20 20:22:42
C01880,1,7,2016-09-22 19:00:40,2016-12-22 17:23:37
C01881,1,11,2016-07-09 16:58:59,2016-12-31 16:02:47
C01882,1,3,2016-09-02 20:30:24,2016-12-16 22:57:17
C01883,1,2,2016-09-12 12:32:43,2016-09-22 21:42:50
C01884,1,25,2016-07-15 20:05:30,2016-12-22 15:40:14
C01885,1,3,2016-07-13 17:59:46,2016-10-15 09:41:11
C01886,1,1,2016-09-11 17:08:26,2016-09-11 17:08:26
C01887,1,7,2016-07-08 00:35:19,2016-10-08 17:04:13
C01888,1,6,2016-07-23 20:51:01,2016-12-29 18:40:41
C01889,1,1,2016-08-20 05:03:47,2016-08-20 05:03:47
C01890,1,87,2016-07-09 23:13:20,2016-12-31 17:10:49
C01891,1,1,2016-12-07 21:41:17,2016-12-07 21:41:17
C01892,1,59,2016-07-03 16:41:19,2016-12-24 18:35:35
C01893,1,4,2016-10-18 12:36:54,2016-11-14 19:06:54
C01894,1,2,2016-10-19 18:45:31,2016-11-05 17:27:28
C01895,1,62,2016-07-12 17:38:58,2016-12-30 16:04:00
C01896,1,15,2016-08-08 13:36:07,2016-12-30 21:36:36
C01897,1,37,2016-07-03 22:49:16,2016-12-29 01:21:02
C01898,1,17,2016-07-08 22:54:12,2016-12-29 14:40:22
C01899,1,1,2016-09-01 19:39:33,2016-09-01 19:39:33
C01900,1,1,2016-11-17 14:47:56,2016-11-17 14:47:56
C01901,1,3,2016-07-17 04:19:36,2016-11-26 03:39:14
C01902,1,21,2016-07-04 22:40:18,2016-11-28 17:26:29
C01903,1,2,2016-09-16 19:02:58,2016-09-16 22:46:08
C01904,1,3,2016-07-19 14:03:28,2016-11-15 17:52:35
C01905,1,7,2016-07-18 17:50:35,2016-11-28 14:28:06
C01906,1,1,2016-08-17 21:35:53,2016-08-17 21:35:53
C01907,1,1,2016-08-06 22:56:01,2016-08-06 22:56:01
C01908,1,4,2016-07-13 15:58:24,2016-11-17 18:06:57
C01909,2,2038,2016-07-02 00:34:43,2016-12-29 21:52:28
C01910,1,4,2016-09-13 07:11:48,2016-09-13 17:44:29
C01911,1,1,2016-08-28 20:58:52,2016-08-28 20:58:52
C01912,1,1,2016-07-26 20:10:51,2016-07-26 20:10:51
C01913,1,3,2016-10-05 01:57:12,2016-10-18 03:54:07
C01914,1,1,2016-10-28 16:59:50,2016-10-28 16:59:50
C01915,1,1,2016-07-28 20:36:33,2016-07-28 20:36:33
C01916,1,1,2016-12-08 03:58:44,2016-12-08 03:58:44
C01917,1,1,2016-09-11 16:31:24,2016-09-11 16:31:24
C01918,1,2,2016-07-18 23:43:26,2016-11-30 00:28:43
C01919,1,10,2016-07-18 05:44:23,2016-12-31 19:51:07
C01920,1,3,2016-08-14 17:30:54,2016-11-07 05:38:24
C01921,1,1,2016-12-27 20:51:58,2016-12-27 20:51:58
C01922,2,120,2016-07-04 04:30:04,2016-12-31 15:54:10
C01923,1,3,2016-07-07 12:14:15,2016-07-25 23:35:11
C01924,1,10,2016-07-11 14:51:23,2016-12-08 03:40:48
C01925,1,9,2016-07-07 18:39:40,2016-11-23 19:24:39
C01926,1,24,2016-07-04 00:16:31,2016-12-01 17:47:30
C01927,1,4,2016-09-05 23:44:48,2016-10-16 21:46:04
C01928,1,1,2016-09-14 20:16:14,2016-09-14 20:16:14
C01929,1,5,2016-09-07 07:54:43,2016-12-07 22:23:21
C01930,1,7,2016-10-12 00:33:24,2016-11-17 00:53:00
C01931,1,1,2016-07-07 16:46:56,2016-07-07 16:46:56
C01932,2,4,2016-07-14 02:53:28,2016-09-28 16:29:50
C01933,2,18,2016-07-17 04:16:25,2016-10-07 15:44:12
C01934,1,1,2016-10-29 04:48:10,2016-10-29 04:48:10
C01935,1,32,2016-07-14 19:48:31,2016-12-29 04:36:38
C01936,2,99,2016-07-08 19:12:58,2016-12-27 12:45:59
C01937,1,1,2016-11-08 03:12:46,2016-11-08 03:12:46
C01938,1,2,2016-07-06 00:36:44,2016-11-12 20:10:52
C01939,1,2,2016-07-26 01:39:24,2016-12-12 01:57:10
C01940,1,6,2016-07-20 19:26:29,2016-12-15 13:32:20
C01941,1,44,2016-07-04 03:38:50,2016-12-31 04:58:14
C01942,1,31,2016-07-02 18:22:32,2016-12-16 01:21:05
C01943,1,5,2016-08-03 19:29:04,2016-12-19 17:10:58
C01944,1,1,2016-07-20 19:40:22,2016-07-20 19:40:22
C01945,1,2,2016-11-03 03:24:21,2016-12-01 01:12:37
C01946,1,1,2016-07-15 16:42:11,2016-07-15 16:42:11
C01947,1,15,2016-07-10 23:06:57,2016-12-29 18:01:44
C01948,1,1,2016-11-09 22:07:51,2016-11-09 22:07:51
C01949,1,8,2016-07-04 17:03:22,2016-11-28 16:19:51
C01950,1,1,2016-09-22 22:32:12,2016-09-22 22:32:12
C01951,1,1,2016-11-28 17:03:38,2016-11-28 17:03:38
C01952,1,6,2016-07-23 21:11:54,2016-11-05 20:40:45
C01953,2,271,2016-07-02 00:50:17,2016-12-30 12:41:27
C01954,1,146,2016-07-02 03:00:30,2016-12-27 22:13:21
C01955,1,1,2016-10-05 22:11:01,2016-10-05 22:11:01
C01956,1,3,2016-10-06 18:35:09,2016-12-04 12:50:46
C01957,1,5,2016-11-02 15:58:32,2016-12-15 13:54:42
C01958,1,6,2016-07-20 20:01:55,2016-10-26 02:49:26
C01959,1,8,2016-07-02 06:29:24,2016-11-29 15:06:05
C01960,1,1,2016-12-09 17:36:08,2016-12-09 17:36:08
C01961,1,4,2016-07-23 16:19:09,2016-11-15 20:42:17
C01962,1,1,2016-09-15 00:28:31,2016-09-15 00:28:31
C01963,1,32,2016-07-14 02:01:49,2016-12-31 19:17:17
C01964,1,6,2016-09-09 17:13:15,2016-11-13 14:20:10
C01965,1,45,2016-07-03 19:01:32,2016-12-26 23:41:34
C01966,1,904,2016-07-04 16:52:57,2016-12-31 19:51:58
C01967,1,2,2016-11-04 20:17:23,2016-11-25 06:22:25
C01968,1,10,2016-09-06 15:00:51,2016-09-08 07:42:49
C01969,1,2,2016-07-15 18:32:15,2016-12-20 00:17:22
C01970,1,3,2016-07-25 02:27:13,2016-12-19 17:24:35
C01971,1,2,2016-11-06 17:53:40,2016-11-23 01:07:49
C01972,1,4,2016-07-04 21:57:48,2016-09-24 22:55:51
C01973,1,5,2016-07-10 23:43:09,2016-12-09 17:43:03
C01974,1,7,2016-07-02 13:38:55,2016-12-19 16:31:32
C01975,1,26,2016-08-27 16:33:17,2016-12-31 21:06:22
C01976,1,3,2016-10-02 20:29:04,2016-10-13 21:36:36
C01977,1,81,2016-07-03 02:39:50,2016-12-26 00:53:46
C01978,1,1,2016-08-10 19:32:59,2016-08-10 19:32:59
C01979,1,4,2016-07-02 23:31:09,2016-12-29 22:15:01
C01980,1,2,2016-09-15 23:31:37,2016-10-23 18:22:48
C01981,1,19,2016-07-04 21:04:46,2016-12-30 18:12:37
C01982,2,2774,2016-07-05 01:07:32,2016-12-31 23:01:23
C01983,1,324,2016-07-06 03:13:56,2016-12-31 16:26:01
C01984,1,1,2016-07-05 16:40:03,2016-07-05 16:40:03
C01985,1,1,2016-09-18 02:34:15,2016-09-18 02:34:15
C01986,1,10,2016-07-09 01:14:25,2016-12-25 22:34:33
C01987,1,10,2016-07-04 19:13:17,2016-12-13 21:54:25
C01988,1,25,2016-07-02 19:08:39,2016-12-06 03:19:53
C01989,1,5,2016-10-16 11:29:07,2016-10-26 04:29:27
C01990,1,48,2016-07-06 00:40:30,2016-12-31 17:48:51
C01991,1,10,2016-09-06 00:32:08,2016-11-13 22:32:14
C01992,1,5,2016-08-20 21:07:11,2016-10-31 21:33:23
C01993,1,6,2016-07-27 16:25:23,2016-12-16 01:06:54
C01994,1,17,2016-07-09 01:03:32,2016-12-24 16:25:41
C01995,1,10,2016-07-04 00:43:34,2016-09-15 16:13:23
C01996,2,1221,2016-07-05 04:04:57,2016-12-31 21:57:33
C01997,1,3,2016-07-18 14:55:18,2016-12-10 01:05:12
C01998,1,14,2016-07-12 17:54:12,2016-12-21 01:19:54
C01999,2,46,2016-07-11 17:52:49,2016-12-30 21:29:47
C02000,2,2604,2016-07-04 01:02:50,2016-12-31 22:10:50
C02001,1,1,2016-07-13 20:47:08,2016-07-13 20:47:08
C02002,1,1,2016-08-03 17:54:45,2016-08-03 17:54:45
C02003,1,40,2016-07-07 23:51:57,2016-12-26 22:33:06
C02004,1,4,2016-10-03 16:15:29,2016-10-31 14:54:24
C02005,1,2,2016-12-05 15:44:11,2016-12-06 23:28:07
C02006,1,68,2016-07-06 14:03:56,2016-12-31 22:12:21
C02007,1,2,2016-09-17 21:26:38,2016-10-03 15:48:22
C02008,1,16,2016-07-06 05:17:40,2016-12-16 21:09:29
C02009,1,2,2016-08-14 17:08:58,2016-10-17 21:52:55
C02010,1,1,2016-09-30 17:40:43,2016-09-30 17:40:43
C02011,1,1,2016-10-30 13:46:37,2016-10-30 13:46:37
C02012,1,2,2016-07-26 12:34:40,2016-07-29 19:07:06
C02013,1,1,2016-07-18 03:00:46,2016-07-18 03:00:46
C02014,2,51,2016-07-04 13:17:44,2016-12-21 11:51:16
C02015,1,69,2016-07-03 16:05:18,2016-12-26 17:40:45
C02016,1,2,2016-10-03 21:54:55,2016-11-17 18:00:29
C02017,1,2,2016-07-16 04:13:44,2016-12-23 16:17:46
C02018,2,134,2016-07-04 12:56:12,2016-12-31 06:31:56
C02019,1,66,2016-07-07 20:00:10,2016-12-30 17:34:46
C02020,1,2,2016-07-04 02:57:41,2016-07-12 01:44:42
C02021,1,1,2016-09-04 21:31:29,2016-09-04 21:31:29
C02022,1,3,2016-10-19 18:29:41,2016-12-03 17:54:21
C02023,1,11,2016-07-08 16:47:41,2016-12-31 21:21:30
C02024,1,33,2016-07-03 16:07:25,2016-12-26 22:49:41
C02025,2,25,2016-07-17 01:43:46,2016-12-30 17:36:25
C02026,1,1,2016-09-27 17:01:11,2016-09-27 17:01:11
C02027,1,1,2016-07-17 15:21:22,2016-07-17 15:21:22
C02028,1,7,2016-08-26 00:45:15,2016-10-11 23:41:07
C02029,1,1,2016-07-29 13:38:32,2016-07-29 13:38:32
C02030,1,7,2016-07-03 13:37:27,2016-10-31 15:25:59
C02031,1,10,2016-08-01 21:02:00,2016-12-11 13:14:38
C02032,1,3,2016-07-11 21:45:23,2016-10-06 22:42:03
C02033,1,20,2016-07-08 20:58:20,2016-12-30 20:44:17
C02034,1,4,2016-07-27 01:50:40,2016-10-26 20:39:14
C02035,1,4,2016-09-03 19:52:13,2016-10-14 03:01:07
C02036,1,3,2016-07-25 03:43:59,2016-12-05 20:00:34
C02037,1,2,2016-07-05 19:52:06,2016-10-02 23:58:58
C02038,1,8,2016-07-05 18:39:50,2016-08-17 10:51:05
C02039,1,2,2016-08-16 18:27:15,2016-10-01 17:09:18
C02040,1,4,2016-07-07 22:18:12,2016-12-31 18:19:46
C02041,1,1,2016-08-23 20:45:30,2016-08-23 20:45:30
C02042,1,14,2016-07-09 16:04:30,2016-12-14 11:29:20
C02043,1,12,2016-08-25 22:20:17,2016-12-28 13:16:23
C02044,2,59,2016-07-03 16:08:45,2016-12-24 18:41:59
C02045,1,14,2016-07-08 18:26:50,2016-12-10 14:22:24
C02046,1,20,2016-08-07 18:08:39,2016-12-30 16:19:49
C02047,1,2,2016-09-30 19:36:19,2016-10-02 20:07:49
C02048,1,8,2016-07-25 23:29:07,2016-10-31 12:38:17
C02049,1,21,2016-07-10 05:05:35,2016-11-27 04:37:24
C02050,1,2,2016-07-06 12:51:00,2016-12-19 10:52:52
C02051,1,1,2016-10-28 18:47:28,2016-10-28 18:47:28
C02052,1,3,2016-08-17 14:34:19,2016-11-21 04:06:20
C02053,1,1,2016-07-03 21:06:58,2016-07-03 21:06:58
C02054,1,21,2016-07-14 22:14:55,2016-12-27 00:34:40
C02055,1,12,2016-07-03 21:28:08,2016-12-19 20:26:13
C02056,1,3,2016-07-22 13:57:55,2016-12-18 17:02:08
C02057,1,18,2016-07-19 04:54:28,2016-12-22 14:42:29
C02058,1,1,2016-10-23 13:19:36,2016-10-23 13:19:36
C02059,1,1,2016-09-25 18:55:45,2016-09-25 18:55:45
C02060,1,1,2016-10-29 15:21:22,2016-10-29 15:21:22
C02061,2,2,2016-10-29 16:14:09,2016-12-05 15:18:54
C02062,1,3,2016-09-28 05:00:00,2016-11-22 04:05:44
C02063,1,9,2016-09-02 19:36:52,2016-12-03 14:10:08
C02064,1,29,2016-07-29 01:41:32,2016-12-24 21:40:34
C02065,1,63,2016-07-03 17:33:14,2016-12-28 08:46:49
C02066,1,1,2016-07-15 18:47:11,2016-07-15 18:47:11
C02067,1,3,2016-08-08 17:56:47,2016-11-16 19:32:13
C02068,1,16,2016-07-10 00:33:12,2016-12-26 22:42:01
C02069,1,45,2016-07-07 20:38:45,2016-12-31 21:59:23
C02070,1,34,2016-07-03 16:44:33,2016-12-27 23:09:37
C02071,1,7,2016-07-03 15:08:35,2016-12-02 18:50:35
C02072,1,2,2016-12-29 14:32:42,2016-12-29 20:04:39
C02073,1,9,2016-07-09 19:51:21,2016-10-06 11:34:04
C02074,1,13,2016-08-21 22:25:54,2016-12-22 00:56:47
C02075,1,9,2016-07-08 20:40:28,2016-08-28 01:52:07
C02076,1,32,2016-07-03 00:54:20,2016-12-22 12:32:34
C02077,1,5,2016-07-11 17:09:45,2016-12-13 15:47:12
C02078,1,1,2016-08-11 23:54:36,2016-08-11 23:54:36
C02079,1,88,2016-07-03 21:40:12,2016-12-28 16:54:08
C02080,1,1,2016-10-07 01:07:41,2016-10-07 01:07:41
C02081,1,1,2016-10-05 13:47:13,2016-10-05 13:47:13
C02082,1,6,2016-07-19 11:25:03,2016-11-19 02:08:45
C02083,2,4,2016-11-30 12:11:15,2016-12-27 23:44:20
C02084,2,374,2016-07-05 04:42:58,2016-12-31 13:34:29
C02085,1,3,2016-07-26 20:43:06,2016-11-27 13:44:33
C02086,1,6,2016-07-23 18:05:18,2016-12-12 16:52:15
C02087,1,11,2016-07-08 22:52:30,2016-12-28 22:31:37
C02088,1,2,2016-07-16 14:37:10,2016-07-17 22:30:41
C02089,1,11,2016-07-12 22:40:12,2016-12-27 17:03:15
C02090,1,7,2016-07-13 06:47:54,2016-12-01 09:02:47
C02091,1,8,2016-08-06 13:51:38,2016-08-07 21:59:33
C02092,1,2,2016-07-13 00:48:08,2016-08-22 21:09:07
C02093,1,2,2016-08-07 23:25:05,2016-09-09 17:16:37
C02094,1,102,2016-07-02 19:39:57,2016-12-24 22:11:37
C02095,1,34,2016-07-16 17:56:58,2016-12-25 21:08:25
C02096,1,5,2016-07-20 04:11:37,2016-09-29 20:59:22
C02097,1,5,2016-07-04 17:23:05,2016-07-05 19:02:27
C02098,1,1,2016-07-21 20:44:00,2016-07-21 20:44:00
C02099,1,1,2016-12-21 22:16:25,2016-12-21 22:16:25
C02100,1,1,2016-11-10 15:28:03,2016-11-10 15:28:03
C02101,1,23,2016-07-09 19:02:11,2016-12-17 22:43:22
C02102,1,41,2016-07-03 12:53:42,2016-12-19 22:00:46
C02103,1,1,2016-08-24 17:44:47,2016-08-24 17:44:47
C02104,1,1,2016-09-26 15:48:25,2016-09-26 15:48:25
C02105,2,3,2016-07-16 20:28:17,2016-12-08 23:01:30
C02106,1,1,2016-07-21 12:55:01,2016-07-21 12:55:01
C02107,1,3,2016-08-22 17:32:29,2016-10-17 18:46:49
C02108,1,1,2016-07-12 05:44:36,2016-07-12 05:44:36
C02109,1,1,2016-10-08 19:01:00,2016-10-08 19:01:00
C02110,1,14,2016-07-13 22:27:09,2016-12-23 20:12:55
C02111,1,8,2016-07-10 03:08:53,2016-11-28 15:57:16
C02112,1,28,2016-07-02 23:16:18,2016-12-17 18:09:29
C02113,1,5,2016-09-06 21:16:46,2016-11-08 16:53:51
C02114,1,8,2016-07-03 20:10:16,2016-12-29 20:22:52
C02115,1,3,2016-07-17 19:45:07,2016-12-29 22:01:13
C02116,1,8,2016-10-23 23:58:09,2016-12-17 03:50:50
C02117,1,1,2016-07-14 15:08:50,2016-07-14 15:08:50
C02118,1,17,2016-07-15 14:44:23,2016-12-21 16:25:03
C02119,1,1,2016-07-05 12:50:18,2016-07-05 12:50:18
C02120,1,2,2016-12-14 22:46:46,2016-12-30 10:04:33
C02121,1,1,2016-07-23 02:58:43,2016-07-23 02:58:43
C02122,1,2,2016-07-17 01:47:56,2016-10-06 17:31:17
C02123,1,9,2016-07-15 01:35:31,2016-12-17 00:06:48
C02124,1,1,2016-09-12 20:04:41,2016-09-12 20:04:41
C02125,1,6,2016-07-17 01:12:08,2016-11-04 22:09:14
C02126,1,27,2016-07-15 01:04:33,2016-12-26 21:14:33
C02127,1,11,2016-07-03 19:07:38,2016-12-07 13:44:28
C02128,1,3,2016-07-13 20:10:59,2016-11-15 16:24:45
C02129,1,3,2016-08-18 16:59:33,2016-08-21 01:02:34
C02130,1,5,2016-07-20 20:25:12,2016-07-20 20:54:14
C02131,1,26,2016-07-08 23:25:01,2016-12-15 02:31:55
C02132,1,18,2016-07-03 02:17:02,2016-12-02 21:54:55
C02133,1,377,2016-07-03 11:12:58,2016-12-31 23:53:43
C02134,2,285,2016-07-02 03:14:52,2016-12-29 19:25:38
C02135,1,1,2016-10-02 20:09:48,2016-10-02 20:09:48
C02136,1,6,2016-07-14 18:52:20,2016-12-15 14:19:00
C02137,1,1,2016-12-25 22:13:42,2016-12-25 22:13:42
C02138,1,119,2016-07-04 17:04:56,2016-12-28 00:41:19
C02139,1,5,2016-07-23 03:55:32,2016-11-29 03:09:30
C02140,1,5,2016-07-12 20:06:57,2016-09-11 16:28:21
C02141,1,3,2016-07-24 18:55:37,2016-12-17 14:27:26
C02142,1,2,2016-08-21 03:14:43,2016-10-21 21:17:07
C02143,1,2,2016-07-17 04:06:19,2016-07-17 04:11:01
C02144,1,2,2016-11-11 01:39:53,2016-12-30 15:43:13
C02145,2,38,2016-07-04 20:59:36,2016-12-23 21:26:38
C02146,1,2,2016-09-06 11:29:21,2016-10-09 09:16:56
C02147,2,1110,2016-07-06 01:01:41,2016-12-31 23:21:57
C02148,1,28,2016-07-11 14:45:03,2016-12-08 00:29:29
C02149,1,1,2016-07-03 20:40:02,2016-07-03 20:40:02
C02150,1,3,2016-09-04 19:23:21,2016-10-23 02:25:25
C02151,1,3,2016-07-31 02:24:05,2016-10-26 22:59:30
C02152,1,30,2016-07-07 20:19:28,2016-12-29 22:58:50
C02153,1,6,2016-07-23 01:34:06,2016-11-18 17:58:47
C02154,1,2,2016-07-08 17:08:57,2016-12-23 22:27:33
C02155,1,1,2016-11-13 14:17:11,2016-11-13 14:17:11
C02156,1,4,2016-08-28 22:14:47,2016-10-07 15:39:37
C02157,1,1,2016-12-22 18:37:12,2016-12-22 18:37:12
C02158,1,2,2016-07-20 02:04:28,2016-11-30 19:38:37
C02159,1,2,2016-12-19 03:36:23,2016-12-25 04:35:14
C02160,1,7,2016-07-16 03:20:29,2016-10-26 09:07:30
C02161,1,1,2016-09-08 19:14:33,2016-09-08 19:14:33
C02162,1,10,2016-07-24 20:41:31,2016-11-08 22:21:05
C02163,1,7,2016-08-21 23:03:57,2016-12-12 00:18:12
C02164,1,6,2016-07-11 23:08:46,2016-11-19 02:02:36
C02165,1,26,2016-07-03 17:39:36,2016-12-13 01:00:13
C02166,1,2,2016-12-23 21:06:06,2016-12-24 16:04:06
C02167,2,123,2016-07-05 05:07:21,2016-12-31 16:56:42
C02168,1,9,2016-07-10 07:19:47,2016-12-29 03:18:05
C02169,1,11,2016-08-10 17:31:24,2016-12-20 01:41:49
C02170,1,16,2016-07-05 17:58:25,2016-12-31 03:05:05
C02171,1,109,2016-07-03 17:15:52,2016-12-29 15:22:35
C02172,1,2,2016-08-30 16:42:31,2016-08-30 16:58:55
C02173,1,1,2016-07-14 16:44:42,2016-07-14 16:44:42
C02174,1,3,2016-07-06 01:20:04,2016-11-24 19:37:51
C02175,1,3,2016-09-05 23:26:34,2016-12-04 18:52:54
C02176,1,1,2016-07-10 23:20:14,2016-07-10 23:20:14
C02177,1,44,2016-07-07 15:56:09,2016-12-28 00:08:08
C02178,1,1,2016-08-12 18:43:26,2016-08-12 18:43:26
C02179,1,5,2016-08-02 19:31:08,2016-12-12 03:31:05
C02180,1,59,2016-07-13 06:28:07,2016-12-29 18:10:42
C02181,2,157,2016-07-06 01:00:20,2016-12-31 20:54:01
C02182,1,44,2016-07-05 20:14:23,2016-12-28 22:13:08
C02183,1,11,2016-09-04 15:20:16,2016-11-11 14:00:33
C02184,1,1,2016-08-19 18:01:32,2016-08-19 18:01:32
C02185,1,1,2016-11-11 12:51:11,2016-11-11 12:51:11
C02186,1,2,2016-10-05 22:28:21,2016-10-07 17:57:32
C02187,1,69,2016-07-08 15:03:36,2016-12-24 16:49:59
C02188,1,19,2016-07-09 12:59:53,2016-12-16 02:45:54
C02189,2,99,2016-07-05 14:16:22,2016-12-29 17:34:36
C02190,1,52,2016-07-05 16:24:11,2016-12-23 15:07:23
C02191,1,11,2016-07-08 14:07:06,2016-11-04 01:25:48
C02192,1,5,2016-07-10 18:21:58,2016-12-18 16:11:31
C02193,1,61,2016-07-06 00:57:18,2016-12-31 22:38:59
C02194,1,12,2016-07-14 03:07:12,2016-12-25 00:14:51
C02195,1,1,2016-09-06 03:18:46,2016-09-06 03:18:46
C02196,1,4,2016-07-03 18:38:03,2016-11-14 01:45:49
C02197,1,15,2016-07-06 01:44:41,2016-12-13 19:31:39
C02198,1,61,2016-07-03 00:27:50,2016-12-26 12:39:00
C02199,1,13,2016-07-23 23:51:49,2016-12-13 16:00:05
C02200,1,111,2016-07-03 13:47:39,2016-12-23 23:51:33
C02201,1,7,2016-07-14 21:02:36,2016-12-23 14:31:15
C02202,1,8,2016-07-29 16:07:09,2016-11-02 23:57:31
C02203,1,2,2016-07-23 14:29:46,2016-08-03 23:10:07
C02204,1,14,2016-08-08 15:46:22,2016-12-04 22:56:21
C02205,1,19,2016-07-10 15:33:49,2016-12-25 15:19:59
C02206,1,8,2016-09-12 18:30:32,2016-11-22 15:45:26
C02207,1,9,2016-07-04 19:11:39,2016-12-09 14:15:14
C02208,1,1,2016-07-26 01:30:53,2016-07-26 01:30:53
C02209,1,4,2016-07-09 22:53:18,2016-09-14 02:18:43
C02210,1,2,2016-11-05 23:39:14,2016-11-10 00:17:26
C02211,1,5,2016-07-23 14:38:12,2016-09-23 00:34:55
C02212,1,9,2016-07-26 15:01:58,2016-12-24 19:22:24
C02213,1,3,2016-07-31 20:13:28,2016-09-16 14:12:01
C02214,2,530,2016-07-05 13:34:13,2016-12-31 21:36:07
C02215,1,2,2016-07-23 21:57:11,2016-07-23 22:11:19
C02216,2,4,2016-10-03 11:19:28,2016-10-03 17:48:21
C02217,1,15,2016-07-03 21:48:29,2016-12-23 23:13:40
C02218,1,4,2016-07-10 00:55:57,2016-12-26 11:40:34
C02219,2,62,2016-07-04 05:53:49,2016-12-31 22:04:43
C02220,1,2,2016-10-14 21:56:09,2016-11-29 23:37:51
C02221,1,1,2016-07-25 01:12:17,2016-07-25 01:12:17
C02222,1,31,2016-07-08 23:40:50,2016-12-25 18:16:19
C02223,1,15,2016-07-10 14:28:45,2016-11-27 16:38:29
C02224,1,3,2016-10-06 21:44:38,2016-12-23 13:23:51
C02225,1,2,2016-12-03 18:19:49,2016-12-18 02:21:01
C02226,1,45,2016-07-05 20:48:36,2016-12-27 20:14:24
C02227,1,2,2016-09-27 02:10:59,2016-09-28 00:46:05
C02228,1,5,2016-09-19 03:46:38,2016-12-15 16:01:52
C02229,1,1,2016-09-06 15:36:42,2016-09-06 15:36:42
C02230,1,2,2016-07-23 22:08:04,2016-07-23 22:09:17
C02231,2,695,2016-07-02 00:43:11,2016-12-28 02:21:11
C02232,1,3,2016-07-19 16:48:13,2016-07-19 17:06:32
C02233,1,1,2016-07-17 21:03:07,2016-07-17 21:03:07
C02234,2,3,2016-10-14 21:22:03,2016-11-22 15:01:09
C02235,1,4,2016-09-19 17:11:16,2016-12-18 19:14:50
C02236,1,9,2016-07-16 04:35:20,2016-12-22 02:09:15
C02237,1,4,2016-07-18 07:50:59,2016-12-12 20:45:57
C02238,1,1,2016-07-22 04:12:34,2016-07-22 04:12:34
C02239,1,12,2016-07-08 20:05:35,2016-12-27 17:45:23
C02240,1,17,2016-08-13 18:32:48,2016-12-30 19:16:12
C02241,1,1,2016-12-14 23:51:08,2016-12-14 23:51:08
C02242,1,1,2016-07-18 23:03:31,2016-07-18 23:03:31
C02243,1,1,2016-10-18 23:40:12,2016-10-18 23:40:12
C02244,1,1,2016-07-20 12:47:49,2016-07-20 12:47:49
C02245,2,653,2016-07-04 14:55:43,2016-12-31 19:27:47
C02246,1,1,2016-08-10 21:28:24,2016-08-10 21:28:24
C02247,1,31,2016-07-03 22:17:06,2016-12-26 17:50:00
C02248,1,1,2016-07-10 15:58:15,2016-07-10 15:58:15
C02249,1,41,2016-07-05 16:36:26,2016-12-25 13:22:26
C02250,2,1651,2016-07-02 01:40:05,2016-12-29 21:30:28
C02251,1,9,2016-07-24 21:20:41,2016-11-21 03:34:11
C02252,1,3,2016-11-11 02:11:54,2016-12-10 12:14:09
C02253,1,12,2016-07-28 21:38:32,2016-12-23 04:46:52
C02254,1,66,2016-07-17 23:29:16,2016-12-29 17:23:39
C02255,1,4,2016-07-19 20:01:31,2016-10-20 17:24:42
C02256,1,1,2016-12-23 02:38:14,2016-12-23 02:38:14
C02257,1,1,2016-10-06 00:39:02,2016-10-06 00:39:02
C02258,1,1,2016-10-06 16:37:36,2016-10-06 16:37:36
C02259,1,3,2016-11-01 17:31:36,2016-11-22 01:54:54
C02260,1,1,2016-12-06 14:27:02,2016-12-06 14:27:02
C02261,1,8,2016-07-23 03:47:38,2016-12-01 18:37:10
C02262,1,5,2016-07-15 22:49:42,2016-07-19 20:41:30
C02263,1,2,2016-07-30 02:34:10,2016-10-20 01:31:10
C02264,1,5,2016-07-25 14:47:56,2016-07-28 01:34:32
C02265,1,41,2016-07-07 14:13:14,2016-12-30 11:20:06
C02266,2,34,2016-07-07 19:49:27,2016-12-16 19:49:41
C02267,1,1,2016-11-03 17:58:49,2016-11-03 17:58:49
C02268,1,1,2016-10-04 02:54:16,2016-10-04 02:54:16
C02269,1,6,2016-07-18 19:08:11,2016-10-21 23:57:41
C02270,1,1,2016-12-30 14:15:57,2016-12-30 14:15:57
C02271,1,1,2016-10-08 03:03:46,2016-10-08 03:03:46
C02272,2,9,2016-07-17 23:20:16,2016-12-15 21:06:55
C02273,1,1,2016-07-17 14:39:03,2016-07-17 14:39:03
C02274,1,1,2016-09-25 21:33:32,2016-09-25 21:33:32
C02275,1,2,2016-07-15 18:19:51,2016-07-17 05:21:50
C02276,1,1,2016-07-14 20:23:18,2016-07-14 20:23:18
C02277,1,4,2016-07-13 08:12:30,2016-12-27 04:26:48
C02278,1,13,2016-07-16 19:56:51,2016-12-25 21:41:41
C02279,1,22,2016-07-12 18:43:30,2016-11-27 18:20:20
C02280,1,14,2016-07-03 05:33:31,2016-11-28 18:34:27
C02281,1,4,2016-07-26 22:30:36,2016-09-30 21:23:40
C02282,1,2,2016-08-23 16:30:43,2016-12-11 02:57:56
C02283,1,6,2016-07-22 14:32:03,2016-12-25 01:02:04
C02284,1,1,2016-08-30 23:31:22,2016-08-30 23:31:22
C02285,2,588,2016-07-03 10:34:40,2016-12-31 22:21:51
C02286,1,12,2016-08-25 16:27:51,2016-12-16 19:18:56
C02287,1,28,2016-09-05 16:07:47,2016-12-12 18:17:38
C02288,1,14,2016-07-13 15:24:26,2016-12-22 18:06:23
C02289,1,1,2016-12-21 00:12:07,2016-12-21 00:12:07
C02290,1,3,2016-07-21 19:48:11,2016-12-10 15:49:21
C02291,1,1,2016-07-07 15:24:30,2016-07-07 15:24:30
C02292,1,10,2016-07-29 19:29:32,2016-12-29 15:02:58
C02293,1,14,2016-07-17 19:37:51,2016-12-27 13:58:57
C02294,1,3,2016-07-03 07:44:22,2016-09-03 23:47:38
C02295,1,8,2016-07-17 17:45:18,2016-12-09 21:37:12
C02296,1,1,2016-11-05 21:02:14,2016-11-05 21:02:14
C02297,1,3,2016-08-11 13:42:05,2016-10-07 17:17:06
C02298,1,3,2016-07-18 04:26:42,2016-08-02 15:17:21
C02299,1,1,2016-08-13 20:26:07,2016-08-13 20:26:07
C02300,1,3,2016-07-25 20:05:27,2016-08-31 20:11:57
C02301,1,1,2016-10-17 07:38:39,2016-10-17 07:38:39
C02302,1,1,2016-12-22 17:07:30,2016-12-22 17:07:30
C02303,1,2,2016-07-13 18:25:56,2016-09-03 17:06:10
C02304,1,1,2016-08-30 03:14:55,2016-08-30 03:14:55
C02305,1,9,2016-07-07 20:05:51,2016-12-20 02:53:24
C02306,1,4,2016-07-18 22:45:16,2016-12-15 18:09:48
C02307,1,1,2016-07-26 23:16:29,2016-07-26 23:16:29
C02308,1,2,2016-07-30 17:30:14,2016-08-03 17:08:21
C02309,2,603,2016-07-02 15:33:35,2016-12-27 21:32:30
C02310,1,3,2016-08-21 01:33:41,2016-12-14 23:44:56
C02311,1,111,2016-07-07 17:42:22,2016-12-28 14:51:15
C02312,1,2,2016-07-07 00:33:24,2016-07-07 00:54:34
C02313,1,3,2016-08-15 20:43:43,2016-12-28 00:31:12
C02314,1,2,2016-07-22 01:33:44,2016-12-02 23:10:17
C02315,1,17,2016-07-09 18:37:47,2016-12-07 05:56:30
C02316,1,3,2016-08-01 16:04:47,2016-09-13 21:51:48
C02317,1,2,2016-07-18 13:11:15,2016-09-22 20:20:00
C02318,1,2,2016-07-25 19:23:27,2016-09-06 23:54:16
C02319,1,2,2016-07-14 16:27:38,2016-07-14 16:50:29
C02320,2,1108,2016-07-03 23:51:09,2016-12-31 23:17:49
C02321,2,231,2016-07-03 02:05:43,2016-12-28 17:33:38
C02322,1,1,2016-07-17 16:25:12,2016-07-17 16:25:12
C02323,1,2,2016-07-25 13:16:43,2016-07-27 19:36:04
C02324,1,7,2016-07-16 18:21:20,2016-12-05 01:39:47
C02325,1,1,2016-08-18 16:59:56,2016-08-18 16:59:56
C02326,1,1,2016-08-31 00:02:47,2016-08-31 00:02:47
C02327,1,1,2016-07-23 17:12:17,2016-07-23 17:12:17
C02328,1,4,2016-08-01 23:47:03,2016-12-20 01:07:31
C02329,1,1,2016-08-16 09:32:01,2016-08-16 09:32:01
C02330,1,19,2016-07-04 01:46:17,2016-12-19 01:23:08
C02331,1,106,2016-07-02 01:55:03,2016-12-27 17:51:55
C02332,1,5,2016-10-10 20:30:08,2016-12-22 23:14:35
C02333,1,19,2016-07-13 05:56:32,2016-12-31 17:21:52
C02334,1,18,2016-07-11 20:52:10,2016-12-02 22:12:34
C02335,1,1,2016-09-17 01:53:14,2016-09-17 01:53:14
C02336,1,126,2016-07-06 18:57:21,2016-12-31 18:02:54
C02337,1,20,2016-08-06 20:01:44,2016-12-24 19:16:38
C02338,1,3,2016-07-07 23:20:35,2016-10-17 17:43:18
C02339,1,24,2016-07-11 15:57:22,2016-12-18 21:13:42
C02340,2,4,2016-08-19 20:34:24,2016-10-29 19:44:13
C02341,1,37,2016-07-09 14:46:16,2016-12-31 01:56:46
C02342,1,580,2016-07-02 02:01:03,2016-12-29 23:01:56
C02343,1,1,2016-07-09 22:55:21,2016-07-09 22:55:21
C02344,1,1,2016-08-30 22:27:27,2016-08-30 22:27:27
C02345,1,1,2016-07-06 21:43:18,2016-07-06 21:43:18
C02346,1,18,2016-07-02 18:54:52,2016-12-30 18:53:12
C02347,1,8,2016-07-15 21:19:54,2016-12-15 14:12:08
C02348,1,10,2016-09-08 11:16:47,2016-12-19 10:26:43
C02349,1,5,2016-09-06 23:26:04,2016-12-24 21:02:01
C02350,1,2,2016-07-14 21:03:33,2016-09-18 15:19:17
C02351,1,2,2016-08-21 01:33:55,2016-11-18 23:51:10
C02352,1,29,2016-07-06 17:47:47,2016-12-29 15:23:23
C02353,1,12,2016-07-10 02:33:17,2016-12-29 09:10:21
C02354,2,7091,2016-07-02 00:39:20,2016-12-30 23:18:12
C02355,1,4,2016-07-04 04:24:56,2016-10-30 13:46:04
C02356,1,5,2016-07-20 11:35:15,2016-10-21 18:57:08
C02357,1,1,2016-07-18 23:05:54,2016-07-18 23:05:54
C02358,1,15,2016-07-10 20:10:02,2016-12-24 23:38:41
C02359,1,2,2016-09-25 21:00:34,2016-09-29 17:19:25
C02360,1,4,2016-07-06 01:10:45,2016-11-25 16:42:10
C02361,1,1,2016-11-11 01:16:43,2016-11-11 01:16:43
C02362,1,3,2016-08-02 05:27:53,2016-10-30 17:43:35
C02363,1,7,2016-07-07 15:35:00,2016-12-26 19:09:55
C02364,1,3,2016-08-26 19:38:26,2016-12-08 13:27:07
C02365,1,40,2016-07-03 04:18:48,2016-12-31 14:04:10
C02366,1,3,2016-07-20 20:57:06,2016-12-29 21:06:01
C02367,1,2,2016-10-15 13:57:26,2016-10-21 18:10:29
C02368,1,17,2016-08-06 18:56:10,2016-12-01 16:48:17
C02369,1,2,2016-11-06 03:57:28,2016-11-06 04:03:22
C02370,1,5,2016-10-07 01:20:48,2016-12-31 20:20:37
C02371,2,511,2016-07-04 16:12:46,2016-12-31 23:46:19
C02372,1,3,2016-07-25 05:34:58,2016-11-06 18:10:10
C02373,1,11,2016-07-21 05:09:44,2016-11-29 22:00:37
C02374,1,2,2016-07-25 20:52:16,2016-10-19 15:44:03
C02375,1,4,2016-07-26 17:47:08,2016-11-30 12:19:44
C02376,1,18,2016-07-23 22:45:28,2016-12-28 23:47:23
C02377,1,12,2016-07-09 18:54:20,2016-12-23 18:38:14
C02378,1,2,2016-07-26 15:41:02,2016-10-07 09:50:29
C02379,1,2,2016-07-13 19:54:40,2016-11-12 17:00:56
C02380,1,16,2016-07-02 15:41:55,2016-12-28 14:46:02
C02381,1,1,2016-09-19 23:41:08,2016-09-19 23:41:08
C02382,1,14,2016-07-27 18:48:25,2016-12-31 15:08:56
C02383,1,29,2016-07-23 21:06:05,2016-12-30 01:06:49
C02384,1,1,2016-10-14 12:55:44,2016-10-14 12:55:44
C02385,1,2,2016-07-24 19:21:04,2016-07-24 19:32:32
C02386,1,10,2016-08-07 16:25:13,2016-12-31 23:49:09
C02387,1,33,2016-07-08 18:23:52,2016-12-31 20:48:36
C02388,1,24,2016-07-06 16:28:19,2016-12-29 18:17:50
C02389,1,2,2016-07-03 15:25:47,2016-07-03 15:31:03
C02390,1,1,2016-10-10 18:27:21,2016-10-10 18:27:21
C02391,1,1,2016-07-08 01:46:33,2016-07-08 01:46:33
C02392,1,1,2016-07-15 18:06:31,2016-07-15 18:06:31
C02393,2,303,2016-07-04 13:14:55,2016-12-31 15:52:48
C02394,1,7,2016-07-08 17:44:07,2016-09-12 22:43:57
C02395,1,20,2016-07-12 16:17:55,2016-12-29 00:06:48
C02396,1,4,2016-08-19 14:27:15,2016-12-16 23:06:16
C02397,1,1,2016-08-14 01:29:04,2016-08-14 01:29:04
C02398,1,6,2016-07-03 00:34:03,2016-12-26 16:02:08
C02399,1,3,2016-07-13 01:24:26,2016-09-03 02:53:11
C02400,1,20,2016-07-10 15:17:28,2016-12-28 13:08:14
C02401,1,1,2016-07-18 03:38:28,2016-07-18 03:38:28
C02402,1,3,2016-07-26 22:32:24,2016-12-29 23:01:09
C02403,1,1,2016-07-17 20:28:51,2016-07-17 20:28:51
C02404,1,16,2016-08-19 20:27:43,2016-12-21 18:35:08
C02405,1,1,2016-08-30 00:14:14,2016-08-30 00:14:14
C02406,1,8,2016-08-03 18:15:31,2016-12-01 23:40:03
C02407,1,2,2016-07-06 20:09:20,2016-07-06 20:46:52
C02408,1,4,2016-08-17 15:42:28,2016-11-25 02:11:10
C02409,1,2,2016-07-22 14:21:51,2016-07-22 14:44:25
C02410,1,6,2016-07-21 21:36:21,2016-12-31 23:57:24
C02411,1,7,2016-07-21 17:16:25,2016-08-23 16:09:21
C02412,1,8,2016-07-19 17:45:13,2016-12-28 12:39:40
C02413,1,1,2016-07-13 19:33:21,2016-07-13 19:33:21
C02414,1,2,2016-09-07 23:52:23,2016-09-08 16:47:03
C02415,1,10,2016-07-26 17:38:28,2016-11-26 11:21:13
C02416,1,1,2016-12-10 18:11:14,2016-12-10 18:11:14
C02417,1,12,2016-07-17 19:22:30,2016-08-02 16:43:11
C02418,1,3,2016-07-25 17:15:08,2016-10-05 20:23:45
C02419,1,8,2016-07-13 22:55:02,2016-11-17 01:11:58
C02420,1,1,2016-07-06 00:49:39,2016-07-06 00:49:39
C02421,1,4,2016-07-26 19:54:24,2016-07-31 18:44:55
C02422,1,2,2016-08-21 22:36:31,2016-11-24 14:36:55
C02423,1,10,2016-07-11 17:31:58,2016-10-13 17:24:03
C02424,1,20,2016-07-12 21:31:33,2016-12-17 16:12:32
C02425,1,9,2016-07-04 23:34:14,2016-12-19 22:42:42
C02426,1,1,2016-10-22 16:38:49,2016-10-22 16:38:49
C02427,1,4,2016-07-29 17:04:23,2016-09-30 15:44:19
C02428,1,1,2016-12-06 17:42:05,2016-12-06 17:42:05
C02429,1,12,2016-07-31 19:24:55,2016-12-30 16:17:38
C02430,1,4,2016-07-04 19:16:42,2016-08-31 20:04:26
C02431,1,5,2016-07-13 03:39:35,2016-08-23 03:18:58
C02432,1,5,2016-07-19 15:41:22,2016-09-17 16:45:36
C02433,2,9,2016-07-07 00:13:42,2016-12-08 02:14:14
C02434,1,1,2016-07-11 18:20:06,2016-07-11 18:20:06
C02435,1,12,2016-07-22 18:21:56,2016-12-25 01:15:04
C02436,1,1,2016-07-20 01:48:00,2016-07-20 01:48:00
C02437,1,1,2016-07-03 01:15:07,2016-07-03 01:15:07
C02438,1,21,2016-07-09 19:37:13,2016-12-25 19:13:26
C02439,1,9,2016-07-05 19:13:54,2016-12-19 03:07:42
C02440,2,58,2016-07-10 22:32:06,2016-12-22 18:43:48
C02441,1,1,2016-10-10 11:34:37,2016-10-10 11:34:37
C02442,1,1,2016-07-29 23:07:28,2016-07-29 23:07:28
C02443,1,1,2016-08-27 03:15:01,2016-08-27 03:15:01
C02444,1,5,2016-07-08 14:46:20,2016-12-14 16:59:49
C02445,1,33,2016-08-16 20:51:54,2016-12-28 16:37:43
C02446,1,18,2016-07-09 05:58:43,2016-11-30 01:31:57
C02447,1,4,2016-08-02 18:46:11,2016-10-29 03:09:32
C02448,1,1,2016-07-28 19:53:33,2016-07-28 19:53:33
C02449,1,3,2016-11-14 18:31:34,2016-11-14 21:20:45
C02450,1,4,2016-07-17 16:45:56,2016-09-14 19:26:47
C02451,1,8,2016-08-01 20:35:18,2016-12-04 02:52:09
C02452,1,9,2016-08-01 01:06:21,2016-12-07 10:37:44
C02453,1,9,2016-07-14 23:21:21,2016-12-22 15:40:40
C02454,1,8,2016-07-11 18:04:16,2016-12-26 03:16:37
C02455,1,6,2016-07-21 22:41:11,2016-12-13 17:10:58
C02456,1,107,2016-07-02 19:38:48,2016-12-30 23:51:50
C02457,1,17,2016-11-15 03:59:44,2016-12-14 18:43:39
C02458,1,256,2016-07-06 14:24:54,2016-12-30 20:49:26
C02459,1,1,2016-09-02 20:48:09,2016-09-02 20:48:09
C02460,1,34,2016-07-08 22:55:27,2016-12-25 22:54:08
C02461,1,24,2016-08-02 23:39:59,2016-12-29 22:53:26
C02462,1,1,2016-12-13 01:44:58,2016-12-13 01:44:58
C02463,1,8,2016-07-29 17:34:27,2016-11-27 20:41:15
C02464,1,2,2016-09-29 17:29:24,2016-09-29 17:30:36
C02465,1,1,2016-07-23 16:03:24,2016-07-23 16:03:24
C02466,1,1,2016-07-15 15:27:03,2016-07-15 15:27:03
C02467,1,6,2016-09-16 19:16:47,2016-12-16 19:50:56
C02468,1,1,2016-07-12 15:10:29,2016-07-12 15:10:29
C02469,1,1,2016-11-24 18:56:18,2016-11-24 18:56:18
C02470,1,3,2016-08-02 04:26:50,2016-08-13 17:43:05
C02471,1,3,2016-07-27 00:41:10,2016-10-16 01:48:42
C02472,1,16,2016-07-08 22:31:11,2016-12-12 14:48:47
C02473,1,2,2016-10-29 19:39:33,2016-10-29 21:45:11
C02474,2,37,2016-07-08 21:12:02,2016-12-21 16:39:38
C02475,1,21,2016-07-19 22:46:40,2016-12-27 15:07:50
C02476,1,36,2016-07-05 16:16:07,2016-12-23 15:52:39
C02477,1,18,2016-07-04 22:58:21,2016-09-22 21:58:25
C02478,1,1,2016-07-25 21:25:56,2016-07-25 21:25:56
C02479,2,326,2016-07-04 00:25:26,2016-12-31 04:26:03
C02480,1,416,2016-07-02 15:21:07,2016-12-29 23:46:26
C02481,2,34,2016-07-05 16:16:12,2016-12-28 13:34:25
C02482,1,1,2016-08-05 17:26:28,2016-08-05 17:26:28
C02483,1,13,2016-07-06 17:18:17,2016-12-29 00:11:35
C02484,1,9,2016-07-28 18:10:40,2016-11-29 22:13:12
C02485,1,1,2016-07-21 18:12:18,2016-07-21 18:12:18
C02486,1,1,2016-07-22 12:13:26,2016-07-22 12:13:26
C02487,1,24,2016-07-06 18:51:47,2016-12-30 16:50:19
C02488,1,25,2016-07-04 14:43:28,2016-12-16 11:59:55
C02489,1,2,2016-08-05 17:11:57,2016-11-05 22:14:12
C02490,1,3,2016-07-18 19:40:53,2016-12-24 02:56:08
C02491,1,3,2016-08-16 22:54:09,2016-08-21 21:18:52
C02492,1,2,2016-09-13 02:21:44,2016-12-16 21:24:19
C02493,1,3,2016-07-19 18:02:02,2016-12-17 17:34:26
C02494,1,1,2016-09-03 20:02:42,2016-09-03 20:02:42
C02495,1,2,2016-10-04 03:49:19,2016-10-17 23:02:44
C02496,1,1,2016-12-13 18:47:30,2016-12-13 18:47:30
C02497,1,2,2016-11-11 16:28:05,2016-11-11 16:35:25
C02498,1,1,2016-10-10 17:17:08,2016-10-10 17:17:08
C02499,1,76,2016-07-04 13:05:09,2016-12-29 22:19:40
C02500,1,1,2016-07-28 17:40:02,2016-07-28 17:40:02
C02501,1,10,2016-07-21 01:45:08,2016-12-15 17:01:45
C02502,2,2411,2016-07-03 05:08:40,2016-12-31 23:21:36
C02503,1,1,2016-07-15 13:50:57,2016-07-15 13:50:57
C02504,1,12,2016-07-09 15:18:02,2016-12-15 21:26:05
C02505,1,7,2016-07-30 18:10:27,2016-11-21 15:06:59
C02506,1,1,2016-07-21 17:15:13,2016-07-21 17:15:13
C02507,1,3,2016-12-01 18:12:35,2016-12-05 12:37:19
C02508,1,11,2016-07-20 13:58:09,2016-12-07 13:22:20
C02509,1,5,2016-08-13 14:43:17,2016-10-04 03:30:54
C02510,1,2,2016-07-11 17:58:04,2016-09-07 07:13:01
C02511,1,9,2016-07-10 15:54:03,2016-12-09 19:12:53
C02512,1,3,2016-07-05 18:10:53,2016-07-14 15:45:43
C02513,1,129,2016-07-03 20:08:35,2016-12-29 22:14:17
C02514,1,1,2016-09-22 20:56:19,2016-09-22 20:56:19
C02515,2,404,2016-07-02 01:19:41,2016-12-29 13:52:25
C02516,1,33,2016-07-03 01:54:30,2016-12-25 13:23:08
C02517,1,1,2016-12-24 01:49:33,2016-12-24 01:49:33
C02518,1,1,2016-11-29 22:40:05,2016-11-29 22:40:05
C02519,1,1,2016-12-23 23:06:11,2016-12-23 23:06:11
C02520,1,1,2016-12-13 07:06:34,2016-12-13 07:06:34
C02521,1,1,2016-07-13 13:23:07,2016-07-13 13:23:07
C02522,1,1,2016-09-04 20:57:49,2016-09-04 20:57:49
C02523,1,3,2016-07-11 23:06:41,2016-08-16 17:14:33
C02524,1,3,2016-10-07 20:21:32,2016-10-08 14:29:54
C02525,1,57,2016-07-03 04:43:12,2016-12-29 19:22:18
C02526,1,2,2016-07-27 10:10:48,2016-09-04 03:40:05
C02527,1,5,2016-11-20 21:31:04,2016-12-11 15:59:35
C02528,1,1,2016-07-25 21:08:00,2016-07-25 21:08:00
C02529,1,7,2016-07-10 12:35:57,2016-12-07 15:00:19
C02530,1,10,2016-08-10 22:28:30,2016-12-04 21:59:07
C02531,1,7,2016-07-22 17:30:29,2016-11-03 14:46:33
C02532,1,5,2016-09-11 15:49:46,2016-09-11 16:10:02
C02533,2,20,2016-07-04 15:14:42,2016-11-25 23:19:42
C02534,1,3,2016-08-19 15:22:05,2016-08-22 18:45:05
C02535,1,1,2016-08-25 16:32:01,2016-08-25 16:32:01
C02536,1,1,2016-10-18 02:06:01,2016-10-18 02:06:01
C02537,1,3,2016-07-05 22:53:01,2016-08-12 19:45:59
C02538,1,2,2016-12-08 15:14:40,2016-12-08 15:25:39
C02539,1,3,2016-07-19 14:15:01,2016-11-28 12:36:19
C02540,1,3,2016-09-18 20:03:00,2016-10-25 14:45:17
C02541,1,21,2016-07-07 00:59:15,2016-12-30 13:28:58
C02542,1,10,2016-07-13 18:23:30,2016-11-24 14:51:39
C02543,1,2,2016-07-23 15:13:58,2016-07-23 15:16:18
C02544,1,1,2016-09-07 21:09:54,2016-09-07 21:09:54
C02545,2,243,2016-07-04 02:53:39,2016-12-26 20:36:39
C02546,1,11,2016-07-16 19:25:41,2016-12-30 01:12:39
C02547,1,12,2016-07-11 13:46:48,2016-12-27 18:14:55
C02548,1,8,2016-08-01 18:09:14,2016-12-29 20:24:10
C02549,1,6,2016-07-24 21:24:04,2016-09-05 19:55:40
C02550,1,2,2016-09-05 20:29:35,2016-11-03 00:55:05
C02551,1,1,2016-08-26 00:31:53,2016-08-26 00:31:53
C02552,1,13,2016-07-04 20:49:40,2016-12-28 21:22:26
C02553,1,10,2016-07-13 19:04:27,2016-09-16 22:14:35
C02554,1,16,2016-07-15 03:32:22,2016-12-27 18:25:26
C02555,1,4,2016-07-30 16:12:36,2016-09-15 17:16:02
C02556,1,16,2016-07-17 22:47:40,2016-12-27 01:08:05
C02557,1,4,2016-10-09 17:23:12,2016-12-06 22:33:14
C02558,1,1,2016-12-25 14:08:10,2016-12-25 14:08:10
C02559,1,17,2016-07-05 23:01:14,2016-11-27 21:31:53
C02560,1,1,2016-07-09 18:39:30,2016-07-09 18:39:30
C02561,1,2,2016-07-16 23:09:07,2016-09-12 13:00:07
C02562,1,18,2016-07-03 22:54:40,2016-12-18 17:50:40
C02563,1,1,2016-12-01 15:10:59,2016-12-01 15:10:59
C02564,1,2,2016-08-04 18:50:15,2016-10-03 21:46:32
C02565,1,2,2016-07-03 20:03:47,2016-12-05 08:45:42
C02566,1,11,2016-07-02 18:00:30,2016-07-26 18:53:59
C02567,1,16,2016-07-03 14:48:10,2016-12-29 21:25:24
C02568,1,5,2016-07-26 13:07:28,2016-11-25 18:57:58
C02569,1,3,2016-07-04 19:48:12,2016-08-22 23:51:36
C02570,1,2,2016-11-04 21:02:48,2016-12-11 15:28:07
C02571,1,16,2016-07-21 21:01:14,2016-12-28 14:41:39
C02572,1,1,2016-12-18 20:19:57,2016-12-18 20:19:57
C02573,2,2891,2016-07-04 00:39:26,2016-12-31 23:44:23
C02574,1,1,2016-08-06 23:06:38,2016-08-06 23:06:38
C02575,2,213,2016-07-02 12:01:01,2016-12-30 18:14:07
C02576,1,2,2016-07-03 12:45:27,2016-07-06 01:48:43
C02577,1,2,2016-07-30 19:02:44,2016-12-11 00:04:20
C02578,1,7,2016-07-04 22:54:05,2016-12-01 18:45:04
C02579,1,17,2016-07-14 16:00:57,2016-12-31 22:15:53
C02580,1,1,2016-10-03 14:32:06,2016-10-03 14:32:06
C02581,1,6,2016-07-13 23:46:33,2016-12-23 18:51:43
C02582,1,7,2016-07-09 07:39:47,2016-12-15 02:18:34
C02583,1,32,2016-07-05 18:16:46,2016-12-25 01:31:47
C02584,1,14,2016-07-07 03:26:20,2016-11-13 00:21:43
C02585,1,21,2016-07-24 09:44:04,2016-12-12 00:53:28
C02586,1,6,2016-09-08 22:51:33,2016-12-29 00:03:09
C02587,1,6,2016-07-19 13:53:51,2016-12-06 13:27:11
C02588,1,1,2016-07-14 00:04:03,2016-07-14 00:04:03
C02589,1,1,2016-07-15 16:00:31,2016-07-15 16:00:31
C02590,1,7,2016-07-08 21:53:18,2016-12-16 21:10:58
C02591,1,3,2016-07-22 22:24:08,2016-12-20 04:35:48
C02592,1,17,2016-07-16 01:18:14,2016-12-31 15:37:31
C02593,1,2,2016-07-29 06:45:43,2016-11-11 02:48:38
C02594,1,1,2016-07-18 17:58:25,2016-07-18 17:58:25
C02595,2,61,2016-07-10 13:35:25,2016-12-29 20:45:48
C02596,1,1,2016-08-23 23:43:29,2016-08-23 23:43:29
C02597,1,38,2016-07-11 13:02:27,2016-12-31 14:56:36
C02598,1,4,2016-07-07 14:39:07,2016-11-13 15:12:08
C02599,1,2,2016-07-31 14:45:44,2016-08-30 17:10:15
C02600,1,1,2016-10-26 23:45:15,2016-10-26 23:45:15
C02601,1,1,2016-10-26 02:41:54,2016-10-26 02:41:54
C02602,1,1,2016-08-12 14:34:01,2016-08-12 14:34:01
C02603,1,1,2016-10-28 20:04:07,2016-10-28 20:04:07
C02604,1,34,2016-07-03 16:35:25,2016-12-20 22:24:11
C02605,1,1,2016-09-23 18:34:46,2016-09-23 18:34:46
C02606,1,12,2016-08-31 16:50:26,2016-12-30 16:24:45
C02607,1,2,2016-07-13 21:10:49,2016-10-11 18:55:14
C02608,1,142,2016-07-02 03:22:23,2016-12-28 15:00:10
C02609,1,366,2016-07-05 21:38:31,2016-12-31 23:50:52
C02610,1,1,2016-12-15 04:05:22,2016-12-15 04:05:22
C02611,1,4,2016-08-07 15:56:50,2016-12-12 17:38:03
C02612,1,3,2016-07-15 15:04:27,2016-09-18 19:44:11
C02613,1,13,2016-07-11 16:10:05,2016-12-16 21:12:41
C02614,1,16,2016-07-11 00:25:19,2016-11-06 01:54:18
C02615,1,5,2016-07-20 18:07:49,2016-09-11 01:58:13
C02616,1,33,2016-07-04 16:33:27,2016-12-28 11:14:25
C02617,1,1,2016-07-22 05:19:37,2016-07-22 05:19:37
C02618,2,45,2016-07-12 04:28:36,2016-12-25 02:29:49
C02619,2,18,2016-07-20 02:42:58,2016-12-28 17:50:57
C02620,1,1,2016-09-05 18:21:59,2016-09-05 18:21:59
C02621,1,1,2016-12-19 18:26:40,2016-12-19 18:26:40
C02622,1,1,2016-09-17 00:20:02,2016-09-17 00:20:02
C02623,1,4,2016-07-25 15:02:43,2016-10-16 15:28:49
C02624,1,2,2016-09-29 20:41:37,2016-11-24 17:02:56
C02625,1,1,2016-07-27 03:24:41,2016-07-27 03:24:41
C02626,1,10,2016-07-07 23:52:15,2016-11-30 21:52:49
C02627,1,7,2016-07-20 21:55:54,2016-11-12 14:30:57
C02628,2,42,2016-07-08 23:29:34,2016-12-22 15:48:13
C02629,1,4,2016-07-16 16:46:47,2016-12-02 15:03:40
C02630,1,1,2016-12-18 01:51:15,2016-12-18 01:51:15
C02631,1,1,2016-12-11 20:28:22,2016-12-11 20:28:22
C02632,2,15,2016-07-12 02:37:48,2016-12-13 18:23:33
C02633,1,13,2016-10-03 13:37:46,2016-12-25 21:35:16
C02634,1,2,2016-07-23 17:24:48,2016-09-18 06:18:09
C02635,1,7,2016-07-16 13:54:23,2016-12-22 23:26:30
C02636,1,2,2016-07-28 01:41:57,2016-10-21 02:34:28
C02637,1,15,2016-07-16 13:16:57,2016-12-24 11:08:38
C02638,1,1,2016-08-25 22:02:21,2016-08-25 22:02:21
C02639,1,58,2016-07-11 20:14:08,2016-12-29 14:12:02
C02640,1,2,2016-07-18 03:10:09,2016-08-02 17:24:09
C02641,1,22,2016-07-16 17:02:36,2016-12-30 16:45:41
C02642,1,3,2016-08-30 21:22:58,2016-11-09 23:25:52
C02643,1,3,2016-09-21 17:10:33,2016-11-06 01:43:31
C02644,1,1,2016-07-26 19:29:09,2016-07-26 19:29:09
C02645,1,2,2016-08-06 00:22:04,2016-10-12 03:20:19
C02646,1,11,2016-07-02 18:03:42,2016-11-10 18:07:43
C02647,1,1,2016-11-22 09:43:13,2016-11-22 09:43:13
C02648,1,25,2016-07-05 01:19:10,2016-12-30 18:50:43
C02649,1,2,2016-08-28 22:51:16,2016-09-30 18:38:12
C02650,1,1,2016-11-13 19:03:05,2016-11-13 19:03:05
C02651,1,1,2016-08-12 00:18:01,2016-08-12 00:18:01
C02652,1,2,2016-11-08 16:58:27,2016-12-10 07:08:11
C02653,1,49,2016-07-06 02:06:13,2016-12-16 00:56:03
C02654,1,1,2016-12-24 19:02:16,2016-12-24 19:02:16
C02655,1,2,2016-09-02 18:10:14,2016-10-03 13:14:44
C02656,1,29,2016-07-04 13:13:20,2016-12-22 12:50:57
C02657,1,3,2016-07-05 12:01:52,2016-08-07 14:10:50
C02658,1,2,2016-09-26 19:16:12,2016-10-03 15:16:15
C02659,1,1,2016-12-17 03:02:43,2016-12-17 03:02:43
C02660,1,4,2016-07-15 20:51:48,2016-12-16 17:43:51
C02661,1,3,2016-08-16 23:43:15,2016-11-16 17:47:16
C02662,1,16,2016-07-05 14:26:54,2016-12-29 18:39:40
C02663,1,4,2016-09-21 20:19:03,2016-12-28 23:01:51
C02664,1,2,2016-09-23 01:17:39,2016-11-25 20:49:18
C02665,1,3,2016-08-26 16:16:55,2016-09-04 02:17:00
C02666,1,5,2016-07-25 18:43:21,2016-11-28 07:59:18
C02667,1,67,2016-07-08 07:17:41,2016-12-27 21:10:17
C02668,1,2,2016-08-15 15:45:03,2016-09-28 04:01:31
C02669,1,1,2016-08-04 21:41:16,2016-08-04 21:41:16
C02670,1,3,2016-07-28 03:03:54,2016-09-29 16:21:30
C02671,1,3,2016-07-24 17:53:28,2016-10-08 03:44:12
C02672,1,8,2016-09-06 02:29:48,2016-10-08 03:01:59
C02673,2,259,2016-07-03 10:16:50,2016-12-30 13:50:18
C02674,1,1,2016-07-24 14:43:16,2016-07-24 14:43:16
C02675,1,2,2016-09-21 01:11:22,2016-12-16 05:15:15
C02676,1,23,2016-07-05 17:32:15,2016-12-31 18:47:48
C02677,1,2,2016-07-23 14:30:22,2016-11-03 16:51:02
C02678,1,1,2016-11-19 23:42:05,2016-11-19 23:42:05
C02679,1,1,2016-08-19 16:26:36,2016-08-19 16:26:36
C02680,1,1,2016-12-17 17:15:44,2016-12-17 17:15:44
C02681,1,43,2016-07-11 18:17:13,2016-12-28 19:19:40
C02682,1,48,2016-07-10 17:10:41,2016-12-28 13:07:54
C02683,1,9,2016-07-21 16:33:09,2016-12-20 21:30:55
C02684,1,2,2016-07-18 14:51:35,2016-08-04 23:52:54
C02685,1,5,2016-08-21 01:23:21,2016-10-13 19:35:30
C02686,1,15,2016-07-23 13:53:37,2016-12-31 23:36:30
C02687,1,6,2016-07-28 16:22:19,2016-12-14 13:20:49
C02688,1,2,2016-07-21 22:17:37,2016-08-04 17:02:20
C02689,1,10,2016-08-04 01:56:03,2016-12-19 23:24:37
C02690,1,1,2016-09-24 23:13:38,2016-09-24 23:13:38
C02691,1,8,2016-09-01 16:48:10,2016-12-03 01:33:34
C02692,1,11,2016-07-12 19:09:10,2016-12-22 21:43:02
C02693,1,14,2016-07-20 00:30:15,2016-10-26 21:54:41
C02694,1,1,2016-08-19 01:19:04,2016-08-19 01:19:04
C02695,1,33,2016-07-05 21:14:38,2016-12-22 21:14:52
C02696,1,3,2016-08-18 19:59:18,2016-10-14 00:51:13
C02697,1,1,2016-11-06 04:00:53,2016-11-06 04:00:53
C02698,1,1,2016-12-06 19:41:01,2016-12-06 19:41:01
C02699,1,6,2016-07-18 15:29:27,2016-11-02 00:54:44
C02700,1,1,2016-09-16 05:41:13,2016-09-16 05:41:13
C02701,1,4,2016-07-03 13:46:18,2016-09-22 16:49:02
C02702,2,32,2016-07-14 14:45:03,2016-12-26 22:31:01
C02703,1,2,2016-07-22 16:15:10,2016-08-09 17:42:22
C02704,1,3,2016-10-22 15:36:40,2016-12-04 20:16:06
C02705,1,28,2016-07-05 17:39:50,2016-12-23 15:25:44
C02706,1,1,2016-10-11 12:25:33,2016-10-11 12:25:33
C02707,1,2,2016-08-19 02:52:32,2016-08-21 01:08:37
C02708,1,22,2016-07-02 21:44:48,2016-12-24 02:46:34
C02709,1,40,2016-07-04 01:10:50,2016-12-22 00:37:09
C02710,1,1,2016-08-20 17:27:22,2016-08-20 17:27:22
C02711,1,1,2016-07-17 16:53:53,2016-07-17 16:53:53
C02712,1,1,2016-11-26 20:41:44,2016-11-26 20:41:44
C02713,1,2,2016-08-31 21:26:16,2016-09-03 17:26:37
C02714,1,25,2016-07-07 00:47:06,2016-12-21 00:00:15
C02715,1,10,2016-07-11 16:27:47,2016-11-19 03:03:44
C02716,2,5172,2016-07-05 00:52:58,2016-12-31 23:35:59
C02717,1,5,2016-07-04 02:10:48,2016-07-20 16:04:53
C02718,1,52,2016-07-09 18:02:26,2016-12-28 21:44:26
C02719,1,31,2016-07-03 20:48:11,2016-12-19 22:11:56
C02720,2,8,2016-08-08 11:03:37,2016-09-02 11:19:56
C02721,2,5,2016-10-01 17:49:56,2016-10-11 00:26:05
C02722,1,8,2016-07-18 05:49:24,2016-12-31 23:39:27
C02723,1,17,2016-07-30 04:44:31,2016-12-19 01:27:02
C02724,1,8,2016-08-28 22:13:50,2016-12-17 23:00:16
C02725,1,9,2016-07-11 19:26:06,2016-11-28 17:19:21
C02726,1,1,2016-07-16 17:34:15,2016-07-16 17:34:15
C02727,1,16,2016-09-08 21:29:24,2016-12-09 02:59:59
C02728,1,2,2016-10-15 19:00:58,2016-10-15 19:11:26
C02729,1,3,2016-09-07 17:46:54,2016-12-26 19:46:16
C02730,1,5,2016-08-29 00:48:41,2016-12-22 18:03:02
C02731,1,2,2016-09-25 21:21:43,2016-09-28 01:32:57
C02732,1,8,2016-07-14 16:48:17,2016-11-28 05:43:05
C02733,1,1,2016-09-30 21:20:52,2016-09-30 21:20:52
C02734,1,3,2016-07-13 01:03:46,2016-11-07 09:08:00
C02735,1,1,2016-10-23 17:34:02,2016-10-23 17:34:02
C02736,1,1,2016-10-14 20:40:48,2016-10-14 20:40:48
C02737,1,3,2016-07-04 16:57:57,2016-08-23 01:04:20
C02738,1,25,2016-07-08 22:13:20,2016-12-09 16:38:35
C02739,1,5,2016-07-21 01:59:51,2016-12-23 02:05:28
C02740,1,560,2016-07-03 00:16:05,2016-12-31 20:18:18
C02741,1,13,2016-07-13 16:28:32,2016-12-29 20:10:42
C02742,1,10,2016-07-06 19:20:23,2016-12-12 14:28:48
C02743,1,5,2016-09-16 20:03:12,2016-10-24 00:42:36
C02744,1,1,2016-12-22 01:18:19,2016-12-22 01:18:19
C02745,1,14,2016-08-21 01:45:18,2016-12-09 23:11:37
C02746,1,1,2016-09-14 01:24:55,2016-09-14 01:24:55
C02747,1,1,2016-07-11 03:30:38,2016-07-11 03:30:38
C02748,1,10,2016-07-16 18:01:21,2016-12-31 18:45:29
C02749,1,4,2016-07-18 22:16:28,2016-11-03 14:38:38
C02750,2,45,2016-07-13 02:28:11,2016-12-30 11:40:35
C02751,1,3,2016-07-09 17:02:44,2016-07-28 17:08:26
C02752,1,2,2016-08-12 03:28:39,2016-08-30 03:18:06
C02753,1,109,2016-07-06 13:50:53,2016-12-31 22:21:43
C02754,1,7,2016-07-16 06:38:39,2016-12-26 11:28:32
C02755,1,10,2016-07-20 22:11:07,2016-08-24 22:06:10
C02756,1,22,2016-07-06 00:07:19,2016-12-27 23:15:42
C02757,1,2,2016-08-18 00:59:04,2016-08-18 16:11:10
C02758,1,3,2016-09-08 22:03:08,2016-11-30 14:19:47
C02759,1,6,2016-08-02 02:51:08,2016-11-30 20:50:35
C02760,1,2,2016-09-18 17:04:48,2016-09-18 17:15:23
C02761,1,7,2016-07-18 21:33:45,2016-11-05 16:28:52
C02762,1,3,2016-07-13 18:22:08,2016-09-18 18:19:10
C02763,1,1,2016-09-21 16:01:09,2016-09-21 16:01:09
C02764,1,266,2016-07-02 16:45:53,2016-12-29 18:14:21
C02765,1,2,2016-07-03 02:07:54,2016-11-16 01:44:42
C02766,1,6,2016-07-16 13:52:02,2016-11-07 22:49:49
C02767,1,2,2016-07-13 02:04:52,2016-08-09 15:13:23
C02768,1,1,2016-08-02 22:13:00,2016-08-02 22:13:00
C02769,1,1,2016-12-24 04:15:21,2016-12-24 04:15:21
C02770,1,7,2016-08-14 00:40:41,2016-10-01 17:39:49
C02771,1,1,2016-09-14 17:37:35,2016-09-14 17:37:35
C02772,1,15,2016-07-10 04:23:23,2016-12-15 14:14:57
C02773,1,2,2016-07-10 14:17:35,2016-11-04 04:58:37
C02774,1,4,2016-07-20 05:32:40,2016-09-17 19:37:48
C02775,1,20,2016-07-05 17:01:58,2016-12-19 13:30:12
C02776,1,7,2016-07-03 03:50:49,2016-12-14 20:14:56
C02777,1,1,2016-12-22 16:44:18,2016-12-22 16:44:18
C02778,1,2,2016-07-21 14:13:52,2016-07-22 19:58:06
C02779,1,2,2016-07-23 20:16:40,2016-07-23 20:16:47
C02780,2,695,2016-07-02 22:47:54,2016-12-29 20:08:32
C02781,1,2,2016-10-19 15:43:38,2016-10-19 15:59:28
C02782,2,178,2016-07-03 23:20:25,2016-12-31 15:48:39
C02783,1,26,2016-07-07 21:59:54,2016-12-29 13:24:00
C02784,1,79,2016-07-05 23:36:27,2016-12-29 10:59:28
C02785,1,2,2016-07-26 22:07:36,2016-10-05 14:55:35
C02786,1,8,2016-07-10 21:32:33,2016-12-17 21:35:09
C02787,1,6,2016-12-07 15:12:48,2016-12-16 00:26:41
C02788,1,10,2016-07-15 23:12:38,2016-10-22 23:58:24
C02789,1,3,2016-07-12 21:43:43,2016-12-08 16:02:38
C02790,1,1,2016-12-27 17:13:28,2016-12-27 17:13:28
C02791,1,3,2016-07-10 17:37:36,2016-07-14 21:56:03
C02792,1,1,2016-09-16 04:59:25,2016-09-16 04:59:25
C02793,1,57,2016-07-08 21:40:52,2016-12-31 20:13:12
C02794,1,6,2016-07-16 14:21:32,2016-12-02 21:16:16
C02795,1,3,2016-07-08 15:53:39,2016-09-06 21:37:04
C02796,1,1,2016-09-13 21:44:52,2016-09-13 21:44:52
C02797,1,22,2016-07-21 01:52:51,2016-12-21 18:48:59
C02798,1,14,2016-07-27 01:26:37,2016-12-14 21:23:31
C02799,1,5,2016-07-16 16:43:52,2016-12-27 22:22:40
C02800,1,28,2016-07-13 20:54:18,2016-12-08 20:29:43
C02801,1,1,2016-07-28 07:20:29,2016-07-28 07:20:29
C02802,1,1,2016-11-14 00:09:36,2016-11-14 00:09:36
C02803,1,8,2016-07-04 12:22:46,2016-12-25 20:34:32
C02804,1,20,2016-07-12 17:08:31,2016-12-27 14:02:23
C02805,1,1,2016-07-25 15:54:21,2016-07-25 15:54:21
C02806,1,4,2016-07-27 00:07:25,2016-10-22 15:01:11
C02807,1,3,2016-07-17 17:12:52,2016-09-19 05:16:07
C02808,1,6,2016-07-22 19:07:18,2016-12-04 23:10:15
C02809,2,882,2016-07-04 01:47:11,2016-12-31 16:18:39
C02810,1,13,2016-07-26 13:07:00,2016-11-02 12:20:32
C02811,1,42,2016-07-09 00:07:14,2016-12-26 23:19:34
C02812,2,26,2016-07-09 01:43:04,2016-12-31 00:21:49
C02813,1,2,2016-07-23 06:31:11,2016-11-09 23:46:12
C02814,1,63,2016-07-17 00:39:09,2016-12-30 14:36:56
C02815,1,1,2016-07-21 22:14:45,2016-07-21 22:14:45
C02816,1,4,2016-07-27 22:19:06,2016-11-26 19:36:43
C02817,1,2,2016-07-02 14:57:17,2016-07-31 21:17:58
C02818,1,23,2016-07-09 16:25:08,2016-12-16 04:26:01
C02819,1,2,2016-07-10 22:53:18,2016-07-22 07:07:11
C02820,1,1,2016-10-30 01:40:23,2016-10-30 01:40:23
C02821,1,1,2016-12-22 21:55:47,2016-12-22 21:55:47
C02822,1,4,2016-07-18 05:54:00,2016-12-07 19:09:14
C02823,1,9,2016-07-13 20:39:41,2016-10-25 16:57:59
C02824,2,21,2016-07-05 17:18:48,2016-12-28 20:04:13
C02825,1,1,2016-07-29 19:30:05,2016-07-29 19:30:05
C02826,1,23,2016-07-03 19:12:30,2016-12-28 01:02:24
C02827,1,6,2016-07-20 14:25:15,2016-07-22 17:42:32
C02828,2,12,2016-07-05 15:09:09,2016-12-30 14:31:25
C02829,1,1,2016-08-23 18:21:19,2016-08-23 18:21:19
C02830,1,11,2016-07-06 16:11:29,2016-12-29 18:26:17
C02831,1,5,2016-08-21 22:14:38,2016-12-30 16:32:03
C02832,1,6,2016-07-24 02:11:06,2016-12-24 22:29:24
C02833,1,3,2016-07-26 15:46:00,2016-10-04 18:25:49
C02834,1,1,2016-07-27 18:41:34,2016-07-27 18:41:34
C02835,1,4,2016-08-05 13:56:03,2016-08-09 01:21:47
C02836,1,1,2016-12-18 16:48:09,2016-12-18 16:48:09
C02837,1,1,2016-07-24 18:58:50,2016-07-24 18:58:50
C02838,1,44,2016-07-11 16:54:31,2016-12-29 14:18:20
C02839,1,5,2016-09-10 15:37:37,2016-09-10 19:32:22
C02840,1,10,2016-07-09 21:57:09,2016-11-07 04:27:00
C02841,1,4,2016-07-05 22:10:27,2016-10-09 18:55:18
C02842,1,24,2016-07-06 15:35:24,2016-11-27 02:48:32
C02843,1,1,2016-11-17 19:11:45,2016-11-17 19:11:45
C02844,1,2,2016-07-10 21:40:34,2016-11-12 15:13:01
C02845,1,2,2016-07-21 03:07:47,2016-12-02 23:09:02
C02846,1,2,2016-11-09 19:32:06,2016-11-14 04:22:04
C02847,1,1,2016-12-25 15:12:02,2016-12-25 15:12:02
C02848,1,19,2016-07-06 16:19:22,2016-12-10 15:49:00
C02849,1,12,2016-07-05 21:52:55,2016-12-19 17:39:34
C02850,1,2,2016-07-09 20:48:16,2016-08-18 13:45:45
C02851,2,76,2016-07-05 04:15:07,2016-12-22 21:35:47
C02852,1,12,2016-07-20 19:47:16,2016-08-18 18:10:30
C02853,1,9,2016-07-21 02:05:50,2016-12-17 00:38:54
C02854,1,1,2016-09-17 20:49:04,2016-09-17 20:49:04
C02855,1,19,2016-07-03 00:42:56,2016-12-01 00:29:01
C02856,1,3,2016-11-12 18:49:00,2016-12-20 20:54:56
C02857,1,1,2016-08-05 13:48:15,2016-08-05 13:48:15
C02858,1,3,2016-07-04 00:29:48,2016-07-22 22:35:13
C02859,1,2,2016-07-10 21:04:30,2016-11-20 16:52:24
C02860,1,2,2016-07-30 01:58:05,2016-08-15 20:30:44
C02861,1,8,2016-10-16 18:45:13,2016-12-21 17:50:11
C02862,1,13,2016-07-19 17:02:28,2016-12-22 21:48:02
C02863,1,8,2016-07-08 19:43:36,2016-12-16 20:45:03
C02864,1,1,2016-07-11 04:21:46,2016-07-11 04:21:46
C02865,1,1,2016-09-24 01:46:24,2016-09-24 01:46:24
C02866,1,17,2016-07-17 00:22:18,2016-12-18 18:16:55
C02867,1,44,2016-07-03 01:40:28,2016-12-24 17:45:02
C02868,1,32,2016-08-12 01:58:09,2016-12-27 18:44:31
C02869,1,2,2016-07-15 19:02:25,2016-08-26 21:20:26
C02870,1,20,2016-07-07 03:54:35,2016-12-27 20:28:38
C02871,1,6,2016-08-13 23:28:44,2016-10-03 21:29:03
C02872,1,4,2016-09-24 20:38:29,2016-11-09 14:41:17
C02873,1,40,2016-07-03 16:17:36,2016-12-29 22:59:27
C02874,1,1,2016-12-17 22:28:12,2016-12-17 22:28:12
C02875,1,11,2016-09-04 18:35:42,2016-12-15 01:05:04
C02876,1,1,2016-07-27 15:42:46,2016-07-27 15:42:46
C02877,1,7,2016-07-05 21:54:50,2016-11-05 17:31:02
C02878,1,1,2016-12-15 00:40:48,2016-12-15 00:40:48
C02879,1,5,2016-07-08 02:31:37,2016-12-20 19:18:25
C02880,1,9,2016-08-12 00:18:38,2016-11-26 21:32:51
C02881,1,30,2016-07-05 19:38:34,2016-12-30 02:33:22
C02882,1,5,2016-07-13 00:17:37,2016-12-21 18:37:44
C02883,2,357,2016-07-06 00:09:18,2016-12-31 23:54:14
C02884,1,4,2016-07-15 04:05:07,2016-08-25 23:29:29
C02885,1,4,2016-07-22 20:08:37,2016-11-11 20:07:43
C02886,1,11,2016-08-31 20:41:57,2016-12-21 21:22:49
C02887,1,10,2016-07-06 11:05:40,2016-10-08 14:13:36
C02888,1,11,2016-07-28 04:07:05,2016-11-23 20:58:31
C02889,1,16,2016-07-08 07:40:15,2016-12-05 23:06:07
C02890,1,6,2016-07-27 21:35:43,2016-12-02 20:25:48
C02891,1,15,2016-07-04 02:18:44,2016-12-23 21:13:54
C02892,1,1,2016-11-08 02:21:32,2016-11-08 02:21:32
C02893,1,1,2016-10-02 17:00:30,2016-10-02 17:00:30
C02894,1,2,2016-07-10 16:12:12,2016-07-16 07:43:23
C02895,1,5,2016-09-02 15:35:52,2016-11-20 05:11:31
C02896,2,29,2016-12-18 12:50:47,2016-12-29 14:10:34
C02897,1,609,2016-07-03 00:47:47,2016-12-31 18:03:28
C02898,1,1,2016-12-13 04:01:27,2016-12-13 04:01:27
C02899,1,4,2016-07-09 00:28:37,2016-12-10 16:40:58
C02900,1,4,2016-11-14 23:57:19,2016-12-19 22:19:56
C02901,1,1,2016-11-04 18:05:45,2016-11-04 18:05:45
C02902,2,3152,2016-07-02 03:45:49,2016-12-30 21:54:37
C02903,1,1,2016-07-06 13:22:08,2016-07-06 13:22:08
C02904,1,3,2016-09-09 22:12:13,2016-10-07 17:08:27
C02905,1,23,2016-07-07 18:09:03,2016-12-29 14:26:02
C02906,1,3,2016-12-01 12:28:47,2016-12-01 14:59:36
C02907,1,52,2016-07-03 18:51:47,2016-12-25 21:51:25
C02908,1,48,2016-07-09 14:44:08,2016-12-28 07:45:44
C02909,1,3,2016-07-19 21:14:51,2016-10-22 02:58:08
C02910,1,89,2016-07-06 17:45:30,2016-12-30 23:22:41
C02911,1,7,2016-07-23 03:54:56,2016-12-27 00:44:56
C02912,1,3,2016-07-30 02:20:55,2016-12-05 01:11:44
C02913,1,1,2016-07-22 03:16:35,2016-07-22 03:16:35
C02914,2,47,2016-07-03 12:06:03,2016-12-11 17:07:50
C02915,1,3,2016-12-29 15:37:49,2016-12-30 20:40:28
C02916,1,16,2016-07-07 15:51:20,2016-12-15 01:43:40
C02917,1,10,2016-07-06 20:25:08,2016-12-26 20:10:38
C02918,1,4,2016-12-04 22:27:00,2016-12-22 15:29:55
C02919,1,7,2016-07-09 22:35:54,2016-11-04 01:02:51
C02920,1,1,2016-09-30 23:54:49,2016-09-30 23:54:49
C02921,1,264,2016-07-05 03:38:25,2016-12-31 23:05:55
C02922,1,23,2016-07-12 17:44:05,2016-12-23 16:12:56
C02923,1,92,2016-07-02 16:06:18,2016-12-10 23:28:09
C02924,1,21,2016-07-07 13:45:30,2016-12-08 23:11:17
C02925,1,4,2016-08-10 00:00:22,2016-12-19 03:46:25
C02926,1,2,2016-12-15 19:12:51,2016-12-15 20:52:24
C02927,1,2,2016-09-04 15:46:39,2016-11-29 16:28:36
C02928,1,2,2016-07-22 18:12:00,2016-08-12 03:59:07
C02929,1,32,2016-07-12 18:45:40,2016-12-26 22:43:49
C02930,1,26,2016-07-02 18:04:51,2016-12-25 12:04:28
C02931,1,8,2016-07-14 19:02:41,2016-12-10 22:33:59
C02932,1,1,2016-07-17 00:57:24,2016-07-17 00:57:24
C02933,1,5,2016-07-13 12:40:37,2016-08-04 15:11:01
C02934,1,1,2016-12-14 17:45:52,2016-12-14 17:45:52
C02935,1,6,2016-07-28 16:03:21,2016-11-26 04:05:47
C02936,1,8,2016-07-17 15:46:23,2016-12-04 02:21:04
C02937,1,6,2016-07-14 20:05:11,2016-08-20 19:13:12
C02938,1,2,2016-07-24 22:01:08,2016-12-14 15:47:21
C02939,1,4,2016-07-18 16:44:53,2016-11-05 23:28:51
C02940,1,2,2016-07-20 15:20:23,2016-10-22 12:39:37
C02941,1,2,2016-10-08 08:15:51,2016-10-08 08:29:57
C02942,1,2,2016-07-20 21:48:16,2016-10-27 19:50:41
C02943,1,1,2016-11-10 19:45:35,2016-11-10 19:45:35
C02944,1,1,2016-12-03 13:06:13,2016-12-03 13:06:13
C02945,1,116,2016-07-03 19:30:11,2016-12-29 14:04:27
C02946,1,4,2016-07-20 00:39:18,2016-12-31 18:17:26
C02947,1,5,2016-07-19 17:50:42,2016-09-09 16:07:32
C02948,1,1,2016-07-23 04:33:37,2016-07-23 04:33:37
C02949,1,386,2016-07-05 19:34:44,2016-12-31 20:52:28
C02950,1,19,2016-08-26 19:15:49,2016-12-19 19:34:12
C02951,1,1,2016-10-06 16:03:29,2016-10-06 16:03:29
C02952,1,13,2016-07-07 12:58:30,2016-12-24 01:59:36
C02953,1,1,2016-11-28 01:44:09,2016-11-28 01:44:09
C02954,1,6,2016-07-29 19:18:16,2016-11-29 19:15:49
C02955,1,17,2016-09-25 20:17:41,2016-11-26 20:51:45
C02956,1,5,2016-07-19 04:37:11,2016-07-19 18:17:02
C02957,1,1,2016-10-14 20:08:38,2016-10-14 20:08:38
C02958,1,19,2016-07-05 23:51:40,2016-12-17 22:16:22
C02959,1,4,2016-07-08 00:51:32,2016-11-24 15:11:31
C02960,1,1,2016-12-22 01:19:04,2016-12-22 01:19:04
C02961,1,6,2016-07-14 02:56:00,2016-10-20 15:36:54
C02962,1,20,2016-07-03 00:25:24,2016-12-25 13:59:26
C02963,1,6,2016-08-28 02:30:02,2016-09-03 18:06:28
C02964,1,9,2016-10-12 16:36:08,2016-12-21 14:45:42
C02965,1,8,2016-07-14 00:22:37,2016-08-27 11:18:58
C02966,1,4,2016-07-29 14:35:59,2016-11-22 21:29:59
C02967,1,7,2016-07-09 07:01:45,2016-12-31 22:47:57
C02968,1,193,2016-07-03 20:33:06,2016-12-29 21:23:08
C02969,1,31,2016-07-16 19:24:18,2016-12-31 20:49:15
C02970,1,56,2016-07-12 02:03:41,2016-12-24 15:55:40
C02971,1,1,2016-07-14 17:08:22,2016-07-14 17:08:22
C02972,1,18,2016-07-21 03:40:32,2016-09-02 14:42:05
C02973,1,1,2016-11-10 13:34:25,2016-11-10 13:34:25
C02974,1,48,2016-07-16 00:01:00,2016-12-27 03:02:54
C02975,1,24,2016-07-14 20:21:45,2016-12-15 04:52:39
C02976,1,18,2016-07-05 00:00:46,2016-12-26 00:27:46
C02977,1,1,2016-08-01 19:26:22,2016-08-01 19:26:22
C02978,1,41,2016-07-03 15:04:09,2016-12-25 19:24:43
C02979,1,1,2016-10-18 04:08:55,2016-10-18 04:08:55
C02980,1,2,2016-07-21 23:48:13,2016-10-02 15:49:14
C02981,1,4,2016-07-13 13:49:14,2016-10-01 23:55:31
C02982,1,6,2016-07-06 08:28:43,2016-12-22 18:26:29
C02983,1,3,2016-07-14 23:29:12,2016-11-08 03:38:25
C02984,1,1,2016-10-04 19:02:28,2016-10-04 19:02:28
C02985,1,2,2016-07-10 17:11:26,2016-08-25 08:06:49
C02986,1,5,2016-07-04 22:40:29,2016-10-12 19:11:43
C02987,1,4,2016-07-08 19:32:06,2016-12-10 01:20:44
C02988,1,1,2016-11-02 20:23:20,2016-11-02 20:23:20
C02989,1,40,2016-07-03 20:36:13,2016-12-19 20:08:28
C02990,2,17,2016-07-22 16:45:57,2016-12-26 21:19:32
C02991,1,1,2016-08-04 22:29:41,2016-08-04 22:29:41
C02992,1,2,2016-08-12 21:17:27,2016-08-12 23:28:45
C02993,1,2,2016-07-09 21:42:21,2016-07-13 18:00:46
C02994,1,1,2016-11-30 13:21:03,2016-11-30 13:21:03
C02995,1,2,2016-07-16 18:26:18,2016-10-07 21:30:33
C02996,1,2,2016-09-06 23:30:46,2016-09-10 00:46:50
C02997,1,3,2016-08-09 04:29:39,2016-09-18 01:53:11
C02998,1,1,2016-12-01 21:28:54,2016-12-01 21:28:54
C02999,2,441,2016-07-03 13:22:10,2016-12-26 22:54:04
C03000,1,20,2016-07-20 01:02:29,2016-12-31 18:45:36
C03001,1,1,2016-07-20 22:12:43,2016-07-20 22:12:43
C03002,2,85,2016-07-06 23:09:47,2016-12-30 22:18:52
C03003,1,1,2016-07-20 13:49:45,2016-07-20 13:49:45
C03004,1,1,2016-07-25 02:59:43,2016-07-25 02:59:43
C03005,1,75,2016-07-06 15:40:01,2016-12-31 13:26:11
C03006,1,1,2016-12-01 17:24:39,2016-12-01 17:24:39
C03007,1,4,2016-07-26 19:01:11,2016-10-14 20:22:12
C03008,1,5,2016-07-12 23:16:12,2016-12-22 22:12:21
C03009,1,1,2016-08-31 21:30:26,2016-08-31 21:30:26
C03010,1,1,2016-07-24 21:05:42,2016-07-24 21:05:42
C03011,1,4,2016-07-28 21:27:31,2016-11-01 21:08:40
C03012,1,3,2016-07-12 00:04:36,2016-10-13 05:53:38
C03013,1,6,2016-07-23 21:00:55,2016-12-01 18:29:37
C03014,1,4,2016-07-15 16:33:13,2016-11-08 01:00:31
C03015,2,36,2016-07-12 13:36:24,2016-12-31 02:37:31
C03016,1,1,2016-12-17 15:49:05,2016-12-17 15:49:05
C03017,1,4,2016-07-15 17:29:17,2016-12-16 19:08:22
C03018,1,2,2016-07-09 20:06:31,2016-07-24 19:30:05
C03019,2,871,2016-07-05 14:55:33,2016-12-31 16:25:06
C03020,1,1,2016-07-20 21:25:15,2016-07-20 21:25:15
C03021,1,7,2016-07-14 18:22:35,2016-11-25 20:46:02
C03022,1,1,2016-09-27 20:32:26,2016-09-27 20:32:26
C03023,1,2,2016-09-15 12:27:21,2016-09-28 16:10:44
C03024,1,93,2016-07-02 23:18:52,2016-12-30 21:00:56
C03025,1,2,2016-07-07 16:27:28,2016-10-16 21:09:08
C03026,1,11,2016-07-25 02:43:28,2016-12-31 03:37:48
C03027,1,3,2016-11-01 20:50:17,2016-12-05 14:18:02
C03028,1,1,2016-09-21 02:21:38,2016-09-21 02:21:38
C03029,1,1,2016-07-28 00:14:33,2016-07-28 00:14:33
C03030,1,8,2016-09-21 16:31:10,2016-12-07 15:01:49
C03031,1,1,2016-10-05 04:30:20,2016-10-05 04:30:20
C03032,1,2,2016-08-15 18:22:34,2016-08-31 18:36:36
C03033,1,1,2016-11-07 19:28:42,2016-11-07 19:28:42
C03034,1,1,2016-08-16 08:16:21,2016-08-16 08:16:21
C03035,1,6,2016-07-26 09:19:40,2016-12-14 10:41:39
C03036,1,26,2016-07-09 03:05:32,2016-12-26 03:04:01
C03037,1,1,2016-07-20 19:54:51,2016-07-20 19:54:51
C03038,1,3,2016-11-21 18:25:37,2016-11-29 00:14:00
C03039,1,2,2016-11-14 20:00:00,2016-11-14 20:35:56
C03040,2,1130,2016-07-06 00:45:00,2016-12-31 23:29:26
C03041,1,4,2016-10-08 00:11:01,2016-10-08 00:29:24
C03042,1,79,2016-07-02 21:33:32,2016-12-27 19:16:03
C03043,1,39,2016-07-07 18:52:43,2016-12-31 12:17:57
C03044,1,1,2016-09-26 15:41:33,2016-09-26 15:41:33
C03045,1,1,2016-10-26 18:44:41,2016-10-26 18:44:41
C03046,1,4,2016-11-03 21:06:56,2016-11-06 19:55:58
C03047,2,1790,2016-07-02 01:30:10,2016-12-28 20:49:18
C03048,1,9,2016-07-15 20:57:55,2016-12-22 22:34:44
C03049,1,3,2016-07-22 12:45:33,2016-07-27 23:19:24
C03050,1,13,2016-07-10 19:28:15,2016-12-25 19:34:25
C03051,1,1,2016-12-28 13:54:52,2016-12-28 13:54:52
C03052,1,11,2016-08-06 21:13:41,2016-12-25 17:07:09
C03053,1,14,2016-07-18 01:37:24,2016-12-13 01:29:07
C03054,1,1,2016-08-07 17:22:03,2016-08-07 17:22:03
C03055,1,1,2016-10-27 21:03:17,2016-10-27 21:03:17
C03056,1,2,2016-08-25 17:22:11,2016-09-02 03:48:41
C03057,1,3,2016-07-26 13:57:08,2016-12-06 17:32:14
C03058,1,5,2016-12-09 00:06:56,2016-12-26 02:00:46
C03059,1,3,2016-07-23 01:34:29,2016-12-19 16:08:04
C03060,1,365,2016-07-03 14:34:12,2016-12-31 23:16:48
C03061,2,23,2016-07-02 23:05:10,2016-12-02 22:52:38
C03062,1,1,2016-07-22 20:20:32,2016-07-22 20:20:32
C03063,1,3,2016-07-12 12:00:12,2016-12-02 02:00:56
C03064,1,1,2016-12-28 21:05:06,2016-12-28 21:05:06
C03065,1,1,2016-07-06 01:07:05,2016-07-06 01:07:05
C03066,1,372,2016-07-03 16:19:20,2016-12-31 18:57:06
C03067,1,27,2016-07-07 04:34:38,2016-12-31 21:19:26
C03068,1,2,2016-12-24 22:32:50,2016-12-24 22:35:57
C03069,1,1,2016-07-04 14:15:42,2016-07-04 14:15:42
C03070,1,16,2016-07-07 15:15:22,2016-12-21 21:27:22
C03071,1,9,2016-07-26 01:33:49,2016-08-29 01:48:26
C03072,1,22,2016-08-09 01:30:49,2016-12-23 20:34:18
C03073,1,1,2016-08-29 18:01:49,2016-08-29 18:01:49
C03074,1,1,2016-09-04 17:07:29,2016-09-04 17:07:29
C03075,1,3,2016-07-16 04:28:40,2016-12-16 20:42:46
C03076,1,1,2016-09-16 22:35:06,2016-09-16 22:35:06
C03077,1,1,2016-07-20 19:45:54,2016-07-20 19:45:54
C03078,1,19,2016-07-05 05:50:40,2016-12-24 02:39:39
C03079,1,57,2016-07-05 00:01:07,2016-12-31 21:36:49
C03080,2,302,2016-07-05 02:18:22,2016-12-30 19:32:57
C03081,1,1,2016-12-10 21:37:15,2016-12-10 21:37:15
C03082,1,18,2016-07-22 20:17:20,2016-11-24 21:38:32
C03083,1,3,2016-12-04 12:49:43,2016-12-12 17:23:40
C03084,1,3,2016-07-13 23:05:53,2016-10-27 19:31:32
C03085,1,74,2016-07-03 00:12:00,2016-12-26 14:58:16
C03086,1,4,2016-07-22 21:00:05,2016-10-15 17:22:30
C03087,1,7,2016-07-06 00:57:54,2016-12-10 21:11:06
C03088,1,1,2016-09-13 20:41:24,2016-09-13 20:41:24
C03089,1,27,2016-07-04 15:11:07,2016-12-31 03:16:04
C03090,1,3,2016-11-15 13:53:52,2016-11-25 17:49:17
C03091,1,5,2016-07-18 23:07:58,2016-12-22 16:58:29
C03092,1,1,2016-07-28 01:38:34,2016-07-28 01:38:34
C03093,1,14,2016-07-12 18:58:07,2016-12-16 12:26:22
C03094,1,3,2016-11-01 02:22:25,2016-11-13 20:26:31
C03095,2,134,2016-07-06 17:25:22,2016-12-26 22:41:16
C03096,1,13,2016-07-12 19:01:44,2016-11-26 02:56:14
C03097,1,1,2016-12-05 21:30:14,2016-12-05 21:30:14
C03098,1,2,2016-08-25 03:21:38,2016-11-04 04:45:25
C03099,1,5,2016-07-12 18:18:26,2016-10-14 17:37:28
C03100,2,23,2016-07-15 19:46:51,2016-12-26 21:34:55
C03101,1,12,2016-07-07 13:57:15,2016-12-24 20:20:30
C03102,1,5,2016-08-10 02:16:25,2016-12-23 01:45:07
C03103,1,1,2016-07-06 20:50:44,2016-07-06 20:50:44
C03104,1,5,2016-11-13 22:59:55,2016-12-15 02:16:55
C03105,1,2,2016-08-02 19:46:47,2016-08-02 19:58:04
C03106,1,1,2016-08-23 10:49:58,2016-08-23 10:49:58
C03107,1,1,2016-09-23 23:40:47,2016-09-23 23:40:47
C03108,1,152,2016-07-03 04:25:13,2016-12-29 14:44:59
C03109,1,5,2016-07-15 18:35:47,2016-11-22 02:55:36
C03110,1,4,2016-10-03 19:30:42,2016-11-26 03:02:33
C03111,1,1,2016-12-24 16:55:15,2016-12-24 16:55:15
C03112,1,36,2016-07-04 15:59:33,2016-12-23 21:42:56
C03113,1,3,2016-10-06 13:33:49,2016-12-07 00:04:17
C03114,1,1,2016-07-23 15:07:53,2016-07-23 15:07:53
C03115,1,1,2016-12-21 14:28:49,2016-12-21 14:28:49
C03116,1,3,2016-08-01 16:41:50,2016-10-06 13:47:17
C03117,1,6,2016-07-23 00:27:22,2016-12-14 22:16:59
C03118,1,4,2016-07-25 15:11:05,2016-11-07 21:36:18
C03119,1,15,2016-07-04 22:19:37,2016-11-23 19:48:09
C03120,1,1,2016-11-24 19:20:49,2016-11-24 19:20:49
C03121,1,2,2016-07-06 21:59:19,2016-11-03 19:25:16
C03122,1,6,2016-09-11 21:09:13,2016-12-16 02:55:49
C03123,1,3,2016-07-09 15:50:27,2016-07-24 03:20:04
C03124,1,1,2016-09-03 17:05:54,2016-09-03 17:05:54
C03125,2,804,2016-07-03 03:19:24,2016-12-31 13:02:29
C03126,1,16,2016-08-30 18:13:49,2016-12-23 18:42:56
C03127,1,2,2016-07-26 14:37:16,2016-11-22 20:00:19
C03128,1,27,2016-07-30 13:13:35,2016-12-14 20:23:54
C03129,1,7,2016-07-21 20:47:04,2016-10-28 18:17:06
C03130,1,1,2016-07-16 00:00:43,2016-07-16 00:00:43
C03131,1,9,2016-07-21 18:27:04,2016-12-18 10:12:52
C03132,1,1,2016-09-30 03:37:09,2016-09-30 03:37:09
C03133,1,13,2016-07-10 21:22:36,2016-12-08 23:53:34
C03134,1,3,2016-09-16 18:27:41,2016-10-20 01:27:56
C03135,1,1,2016-12-31 18:26:34,2016-12-31 18:26:34
C03136,1,81,2016-07-06 00:16:34,2016-12-31 16:29:18
C03137,2,4,2016-11-15 23:15:37,2016-12-27 11:18:32
C03138,1,3,2016-08-16 15:38:19,2016-12-09 16:22:18
C03139,1,1,2016-07-27 16:23:41,2016-07-27 16:23:41
C03140,1,3,2016-08-03 03:00:22,2016-10-04 02:04:09
C03141,1,13,2016-07-04 04:10:59,2016-12-28 09:01:21
C03142,1,5,2016-08-06 18:09:25,2016-12-25 12:18:52
C03143,1,1,2016-09-12 21:47:23,2016-09-12 21:47:23
C03144,1,9,2016-08-22 14:50:48,2016-12-31 18:50:17
C03145,1,1,2016-07-28 20:08:17,2016-07-28 20:08:17
C03146,1,25,2016-07-03 22:48:57,2016-12-29 16:14:53
C03147,1,1,2016-07-22 16:50:22,2016-07-22 16:50:22
C03148,1,26,2016-07-10 19:45:25,2016-12-18 13:53:53
C03149,1,1,2016-07-25 13:27:45,2016-07-25 13:27:45
C03150,1,2,2016-09-11 19:16:37,2016-11-22 16:25:45
C03151,2,36,2016-07-04 18:11:05,2016-12-22 22:53:10
C03152,1,1,2016-07-23 02:51:05,2016-07-23 02:51:05
C03153,1,5,2016-07-05 21:31:40,2016-09-23 22:40:43
C03154,1,2,2016-07-10 15:27:20,2016-08-28 00:52:55
C03155,1,6,2016-07-15 23:35:06,2016-12-17 13:17:34
C03156,1,9,2016-07-11 23:03:15,2016-12-01 23:13:32
C03157,2,18,2016-07-27 19:15:20,2016-12-10 14:11:10
C03158,1,24,2016-07-08 16:31:58,2016-12-25 23:26:38
C03159,1,2,2016-09-10 18:52:51,2016-09-10 19:16:38
C03160,1,1,2016-08-06 12:27:04,2016-08-06 12:27:04
C03161,1,93,2016-07-04 03:46:53,2016-12-29 23:41:40
C03162,1,2,2016-10-11 16:42:34,2016-12-30 00:10:10
C03163,1,1,2016-11-17 23:44:49,2016-11-17 23:44:49
C03164,1,1,2016-12-19 01:49:27,2016-12-19 01:49:27
C03165,1,2,2016-07-21 21:38:57,2016-07-22 04:17:19
C03166,1,5,2016-07-07 17:57:13,2016-11-21 13:05:09
C03167,1,1,2016-08-05 00:03:45,2016-08-05 00:03:45
C03168,1,1,2016-07-07 20:58:21,2016-07-07 20:58:21
C03169,1,19,2016-07-11 19:33:01,2016-12-22 14:48:01
C03170,1,3,2016-11-03 14:54:25,2016-11-23 21:43:25
C03171,1,49,2016-07-02 14:52:10,2016-12-07 20:17:22
C03172,1,5,2016-12-14 23:48:08,2016-12-16 15:15:31
C03173,1,9,2016-08-03 20:31:55,2016-12-08 13:07:21
C03174,1,1,2016-12-17 05:29:31,2016-12-17 05:29:31
C03175,1,6,2016-09-13 13:22:58,2016-12-18 15:22:59
C03176,1,11,2016-07-12 16:03:26,2016-12-06 04:33:54
C03177,1,11,2016-07-11 17:06:58,2016-11-17 19:53:40
C03178,1,2,2016-08-02 21:29:09,2016-12-06 01:14:25
C03179,1,14,2016-07-07 23:20:37,2016-12-05 03:27:15
C03180,1,5,2016-10-07 19:43:41,2016-12-13 16:40:20
C03181,1,33,2016-07-08 00:31:12,2016-12-31 02:04:55
C03182,1,6,2016-07-22 19:04:48,2016-12-29 20:23:42
C03183,1,1,2016-12-25 18:40:03,2016-12-25 18:40:03
C03184,1,141,2016-07-03 13:18:03,2016-12-31 19:57:12
C03185,1,15,2016-07-03 17:46:12,2016-12-11 18:10:23
C03186,1,1,2016-11-16 18:11:15,2016-11-16 18:11:15
C03187,1,27,2016-07-13 21:53:14,2016-12-15 05:43:37
C03188,1,3,2016-07-23 23:31:32,2016-07-26 13:10:29
C03189,1,1,2016-09-01 19:47:55,2016-09-01 19:47:55
C03190,1,3,2016-10-20 15:01:58,2016-12-31 19:34:23
C03191,1,3,2016-07-07 16:50:04,2016-08-21 19:53:28
C03192,1,1,2016-07-13 16:57:40,2016-07-13 16:57:40
C03193,1,8,2016-07-06 20:58:30,2016-12-09 01:53:16
C03194,1,1,2016-07-03 20:24:24,2016-07-03 20:24:24
C03195,1,11,2016-07-17 19:11:54,2016-12-20 21:43:44
C03196,1,1,2016-12-29 22:09:08,2016-12-29 22:09:08
C03197,1,2,2016-07-23 00:30:15,2016-09-15 17:15:19
C03198,1,3,2016-07-08 04:52:01,2016-09-06 15:49:38
C03199,1,1,2016-07-28 12:37:57,2016-07-28 12:37:57
C03200,1,2,2016-08-11 00:55:23,2016-10-31 18:21:57
C03201,1,9,2016-07-02 21:06:52,2016-12-24 19:43:00
C03202,1,3,2016-08-08 22:48:19,2016-12-22 19:05:41
C03203,1,7,2016-07-19 00:23:49,2016-12-21 01:03:49
C03204,1,7,2016-07-02 18:30:30,2016-09-18 16:22:02
C03205,1,2,2016-07-07 19:29:42,2016-11-04 16:36:26
C03206,1,7,2016-07-04 20:21:39,2016-10-30 08:42:55
C03207,1,2,2016-08-14 01:32:47,2016-11-28 21:46:59
C03208,1,1,2016-08-25 17:12:22,2016-08-25 17:12:22
C03209,1,5,2016-08-31 23:52:15,2016-12-29 15:26:39
C03210,1,40,2016-07-11 21:45:41,2016-12-30 15:03:24
C03211,1,8,2016-07-15 02:19:06,2016-11-08 17:48:54
C03212,1,17,2016-07-17 20:16:53,2016-12-20 02:12:41
C03213,1,23,2016-07-05 20:42:02,2016-12-23 20:13:59
C03214,1,4,2016-07-20 21:54:31,2016-10-07 20:52:06
C03215,1,5,2016-08-28 14:38:12,2016-12-21 15:15:08
C03216,1,4,2016-07-28 17:12:35,2016-09-08 15:13:28
C03217,1,3,2016-11-09 21:41:24,2016-12-21 20:50:38
C03218,2,10344,2016-07-02 00:07:50,2016-12-30 23:55:52
C03219,1,5,2016-07-27 19:03:57,2016-12-26 17:39:59
C03220,1,4,2016-07-18 17:54:03,2016-07-22 03:56:38
C03221,1,1,2016-08-18 23:37:18,2016-08-18 23:37:18
C03222,1,1,2016-10-03 17:07:41,2016-10-03 17:07:41
C03223,1,8,2016-07-09 13:17:31,2016-12-07 01:08:46
C03224,1,8,2016-07-31 04:11:08,2016-12-07 20:40:08
C03225,1,1,2016-07-31 13:56:11,2016-07-31 13:56:11
C03226,1,9,2016-08-11 19:59:58,2016-12-26 19:13:06
C03227,1,2,2016-10-17 14:38:36,2016-12-01 02:19:47
C03228,1,3,2016-07-09 12:17:00,2016-07-19 00:33:57
C03229,1,6,2016-07-25 12:26:43,2016-12-16 01:32:12
C03230,1,64,2016-07-02 01:00:41,2016-12-24 00:31:01
C03231,2,124,2016-07-04 18:08:24,2016-12-30 23:09:45
C03232,1,1,2016-07-14 10:48:42,2016-07-14 10:48:42
C03233,1,1,2016-10-29 14:14:54,2016-10-29 14:14:54
C03234,1,16,2016-07-07 21:45:20,2016-12-28 16:17:44
C03235,1,10,2016-07-16 20:57:32,2016-12-10 19:10:10
C03236,1,3,2016-10-18 21:10:26,2016-11-28 18:20:20
C03237,1,14,2016-07-17 03:08:46,2016-11-23 20:33:38
C03238,1,5,2016-07-06 20:28:35,2016-08-16 23:07:09
C03239,1,1,2016-08-08 21:48:52,2016-08-08 21:48:52
C03240,1,9,2016-07-06 20:16:59,2016-11-30 22:22:04
C03241,1,1,2016-07-13 22:19:10,2016-07-13 22:19:10
C03242,1,12,2016-07-10 11:10:44,2016-11-03 23:22:33
C03243,1,1,2016-08-19 02:07:34,2016-08-19 02:07:34
C03244,1,1,2016-08-21 00:31:25,2016-08-21 00:31:25
C03245,1,1,2016-09-22 00:49:48,2016-09-22 00:49:48
C03246,1,1,2016-07-03 04:04:50,2016-07-03 04:04:50
C03247,1,15,2016-07-11 02:20:00,2016-12-04 01:37:40
C03248,1,2,2016-11-09 18:53:03,2016-11-20 20:06:51
C03249,1,1,2016-07-24 17:16:28,2016-07-24 17:16:28
C03250,1,1,2016-11-17 18:46:43,2016-11-17 18:46:43
C03251,2,12,2016-07-08 15:36:45,2016-12-13 19:12:09
C03252,1,11,2016-07-21 18:36:59,2016-10-31 22:12:30
C03253,1,6,2016-07-14 22:45:08,2016-11-07 04:11:49
C03254,1,1,2016-07-11 03:34:10,2016-07-11 03:34:10
C03255,1,6,2016-07-03 22:40:34,2016-10-01 02:20:40
C03256,1,1,2016-10-30 21:47:37,2016-10-30 21:47:37
C03257,1,2,2016-07-25 18:18:27,2016-09-13 17:33:22
C03258,1,3,2016-07-20 23:23:02,2016-11-19 00:47:23
C03259,1,24,2016-07-10 22:29:39,2016-12-27 09:03:55
C03260,1,8,2016-10-23 01:18:03,2016-11-28 17:07:16
C03261,1,1,2016-12-16 21:09:11,2016-12-16 21:09:11
C03262,1,1,2016-11-22 20:56:16,2016-11-22 20:56:16
C03263,1,8,2016-07-03 16:49:16,2016-11-17 19:02:40
C03264,1,23,2016-07-06 02:59:35,2016-12-25 18:27:52
C03265,1,1,2016-10-13 00:37:57,2016-10-13 00:37:57
C03266,1,12,2016-08-11 09:07:05,2016-12-03 21:47:13
C03267,1,9,2016-07-19 02:47:01,2016-12-19 21:39:24
C03268,1,1,2016-11-01 21:27:12,2016-11-01 21:27:12
C03269,1,1,2016-09-24 03:36:29,2016-09-24 03:36:29
C03270,1,10,2016-07-19 16:53:11,2016-12-31 01:44:33
C03271,1,23,2016-07-04 07:46:29,2016-12-20 00:08:43
C03272,1,1,2016-09-02 04:18:16,2016-09-02 04:18:16
C03273,1,142,2016-07-06 00:26:53,2016-12-31 22:05:37
C03274,1,21,2016-07-04 10:38:25,2016-12-29 16:45:51
C03275,1,12,2016-07-19 20:27:10,2016-12-21 17:45:08
C03276,1,2,2016-10-01 07:35:23,2016-10-01 14:33:35
C03277,1,16,2016-07-02 01:38:35,2016-12-05 15:21:42
C03278,2,755,2016-07-04 12:50:44,2016-12-31 19:02:28
C03279,1,17,2016-07-09 18:43:23,2016-12-03 22:56:24
C03280,1,1,2016-07-26 05:57:26,2016-07-26 05:57:26
C03281,1,1,2016-11-26 11:50:03,2016-11-26 11:50:03
C03282,1,1,2016-07-07 17:21:17,2016-07-07 17:21:17
C03283,1,43,2016-07-06 16:09:25,2016-12-31 12:21:53
C03284,1,4,2016-07-27 17:49:39,2016-12-28 22:52:59
C03285,2,232,2016-07-06 16:42:07,2016-12-30 03:02:31
C03286,1,1,2016-11-24 21:40:30,2016-11-24 21:40:30
C03287,1,2,2016-12-17 22:44:46,2016-12-21 21:19:37
C03288,1,4,2016-07-16 03:11:28,2016-11-16 18:15:29
C03289,1,1,2016-12-21 21:15:26,2016-12-21 21:15:26
C03290,1,1,2016-07-13 18:20:09,2016-07-13 18:20:09
C03291,1,12,2016-07-04 16:02:08,2016-11-28 15:13:01
C03292,1,17,2016-07-18 14:38:39,2016-12-11 13:31:17
C03293,1,2,2016-07-04 17:14:52,2016-07-11 04:09:30
C03294,1,1,2016-08-25 23:36:21,2016-08-25 23:36:21
C03295,2,110,2016-07-05 22:32:14,2016-12-31 03:32:12
C03296,1,4,2016-10-14 19:29:18,2016-11-19 20:24:48
C03297,1,2,2016-09-29 22:59:44,2016-12-31 18:51:57
C03298,1,3,2016-07-09 05:21:47,2016-12-29 07:40:36
C03299,2,191,2016-07-02 21:20:11,2016-12-28 00:44:39
C03300,1,1,2016-09-06 04:50:35,2016-09-06 04:50:35
C03301,1,18,2016-07-07 12:49:02,2016-12-23 02:14:05
C03302,1,117,2016-07-05 20:57:02,2016-12-30 00:46:36
C03303,1,11,2016-07-07 16:02:24,2016-08-06 01:28:51
C03304,1,1,2016-07-09 00:34:58,2016-07-09 00:34:58
C03305,1,6,2016-07-06 17:47:29,2016-11-19 17:29:14
C03306,1,17,2016-07-08 01:02:25,2016-12-14 15:58:28
C03307,1,1,2016-07-17 23:08:56,2016-07-17 23:08:56
C03308,1,1,2016-07-04 15:18:00,2016-07-04 15:18:00
C03309,1,1,2016-10-09 20:40:07,2016-10-09 20:40:07
C03310,1,6,2016-07-21 16:18:51,2016-12-30 20:34:09
C03311,1,1,2016-12-18 15:59:30,2016-12-18 15:59:30
C03312,1,12,2016-07-04 00:03:35,2016-12-11 20:44:41
C03313,2,37,2016-08-06 05:41:10,2016-12-31 20:55:03
C03314,1,2,2016-12-13 20:41:08,2016-12-15 00:18:07
C03315,2,24,2016-07-05 19:00:35,2016-12-23 00:43:20
C03316,1,209,2016-07-04 00:14:04,2016-12-31 00:05:10
C03317,1,34,2016-07-08 00:02:20,2016-12-29 00:42:49
C03318,1,205,2016-07-06 04:07:25,2016-12-31 21:54:44
C03319,1,1,2016-07-11 20:30:09,2016-07-11 20:30:09
C03320,1,13,2016-07-02 15:27:34,2016-11-30 17:31:29
C03321,1,8,2016-07-06 20:18:58,2016-11-27 03:16:22
C03322,1,1,2016-08-16 20:48:14,2016-08-16 20:48:14
C03323,1,6,2016-07-06 00:24:04,2016-11-10 22:06:42
C03324,1,34,2016-07-06 15:40:27,2016-12-29 18:54:23
C03325,1,1,2016-09-12 05:31:09,2016-09-12 05:31:09
C03326,1,10,2016-07-08 09:57:35,2016-11-09 03:42:34
C03327,1,2,2016-09-22 16:20:44,2016-09-22 16:56:19
C03328,1,2,2016-08-14 23:07:45,2016-10-20 03:06:58
C03329,1,39,2016-07-25 15:38:02,2016-12-31 21:31:45
C03330,1,32,2016-07-04 16:28:02,2016-12-31 13:53:39
C03331,2,27,2016-07-06 14:44:20,2016-12-18 19:59:59
C03332,1,5,2016-09-03 20:49:21,2016-12-06 01:36:33
C03333,1,2,2016-07-22 01:07:29,2016-07-28 22:50:32
C03334,1,10,2016-07-05 23:24:42,2016-11-10 17:35:09
C03335,1,1,2016-08-08 00:52:36,2016-08-08 00:52:36
C03336,1,1,2016-07-22 19:39:31,2016-07-22 19:39:31
C03337,1,1,2016-09-08 17:45:05,2016-09-08 17:45:05
C03338,1,6,2016-08-16 20:07:43,2016-12-23 09:51:25
C03339,1,1,2016-09-02 18:30:52,2016-09-02 18:30:52
C03340,1,9,2016-07-10 18:31:44,2016-11-22 12:52:59
C03341,2,1321,2016-07-03 03:28:06,2016-12-31 10:25:20
C03342,1,3,2016-10-15 15:25:13,2016-10-16 00:33:08
C03343,1,5,2016-07-19 15:17:29,2016-11-25 13:30:37
C03344,1,37,2016-07-06 18:44:09,2016-12-12 16:52:56
C03345,2,7,2016-08-24 20:23:17,2016-12-09 02:28:27
C03346,1,21,2016-07-08 02:54:55,2016-11-29 02:49:50
C03347,1,3,2016-09-11 23:39:35,2016-11-02 17:56:09
C03348,1,42,2016-07-03 14:17:59,2016-12-19 23:04:14
C03349,1,5,2016-07-29 15:47:21,2016-08-27 02:42:06
C03350,1,1,2016-11-03 05:51:23,2016-11-03 05:51:23
C03351,2,84,2016-07-02 02:28:25,2016-12-30 17:55:41
C03352,1,9,2016-07-30 15:23:35,2016-12-12 02:43:05
C03353,1,15,2016-07-03 16:34:57,2016-11-29 23:04:52
C03354,1,13,2016-07-13 22:10:52,2016-12-28 19:30:24
C03355,1,4,2016-09-23 00:46:13,2016-10-15 21:08:30
C03356,1,3,2016-07-11 19:52:18,2016-09-29 01:12:15
C03357,1,2,2016-07-07 16:56:20,2016-07-30 00:49:20
C03358,1,23,2016-07-06 22:08:59,2016-12-15 17:31:17
C03359,1,2,2016-07-22 20:56:30,2016-11-17 16:49:10
C03360,1,8,2016-07-11 17:44:42,2016-10-21 22:49:34
C03361,1,3,2016-08-02 15:00:02,2016-12-24 01:09:33
C03362,1,2,2016-07-06 17:57:09,2016-07-27 19:52:26
C03363,2,1257,2016-07-02 00:38:09,2016-12-29 21:30:44
C03364,1,1,2016-07-18 17:06:03,2016-07-18 17:06:03
C03365,1,1,2016-08-25 19:52:43,2016-08-25 19:52:43
C03366,1,15,2016-07-11 20:38:40,2016-12-29 20:31:36
C03367,1,10,2016-07-16 03:07:02,2016-12-08 20:34:46
C03368,1,3,2016-07-03 17:14:05,2016-12-04 19:42:56
C03369,1,2,2016-08-30 19:19:22,2016-11-18 20:35:39
C03370,1,7,2016-07-21 10:43:02,2016-12-23 19:17:42
C03371,1,1,2016-07-18 21:17:01,2016-07-18 21:17:01
C03372,1,3,2016-08-04 22:11:46,2016-10-03 20:11:31
C03373,1,2,2016-11-26 11:58:31,2016-11-26 12:17:14
C03374,2,66,2016-07-11 21:35:34,2016-12-28 20:46:23
C03375,1,1,2016-07-08 21:26:17,2016-07-08 21:26:17
C03376,1,10,2016-07-24 02:56:37,2016-12-23 23:36:06
C03377,1,26,2016-07-23 03:20:55,2016-12-23 21:33:02
C03378,1,4,2016-07-14 19:06:56,2016-10-12 13:05:20
C03379,1,1,2016-11-24 18:40:47,2016-11-24 18:40:47
C03380,1,2,2016-08-03 15:26:39,2016-08-12 16:11:19
C03381,1,36,2016-07-08 17:55:27,2016-12-19 17:24:13
C03382,1,9,2016-07-07 19:44:03,2016-12-27 02:38:47
C03383,1,2,2016-08-14 01:07:16,2016-08-14 01:08:14
C03384,2,3,2016-09-30 19:15:26,2016-12-04 15:37:36
C03385,1,4,2016-08-23 13:24:43,2016-11-25 14:23:18
C03386,1,6,2016-08-05 00:40:27,2016-11-23 02:42:37
C03387,1,3,2016-07-16 03:07:26,2016-12-23 16:22:03
C03388,1,8,2016-07-03 14:59:52,2016-12-03 13:51:06
C03389,1,142,2016-07-03 19:50:51,2016-12-27 10:30:15
C03390,1,2,2016-07-07 02:00:16,2016-08-02 23:51:54
C03391,1,1,2016-09-30 18:33:59,2016-09-30 18:33:59
C03392,1,2,2016-07-22 15:17:51,2016-09-13 00:25:45
C03393,1,11,2016-09-07 23:38:05,2016-12-13 20:09:45
C03394,2,281,2016-07-04 09:35:20,2016-12-31 23:54:59
C03395,1,1,2016-08-29 19:09:17,2016-08-29 19:09:17
C03396,1,1,2016-07-18 02:57:19,2016-07-18 02:57:19
C03397,1,70,2016-07-04 01:12:47,2016-12-22 00:55:18
C03398,1,9,2016-07-12 15:23:42,2016-11-06 16:35:38
C03399,1,1,2016-10-08 19:02:34,2016-10-08 19:02:34
C03400,1,2,2016-09-29 01:17:30,2016-09-29 01:33:01
C03401,1,4,2016-09-15 15:04:58,2016-12-23 22:43:43
C03402,1,2,2016-12-14 17:16:28,2016-12-19 00:40:15
C03403,1,7,2016-07-20 15:42:41,2016-12-06 13:52:57
C03404,1,1,2016-12-16 22:16:33,2016-12-16 22:16:33
C03405,2,505,2016-07-02 15:47:07,2016-12-29 20:30:42
C03406,2,122,2016-07-04 15:48:01,2016-12-29 03:45:46
C03407,1,1,2016-09-14 01:19:33,2016-09-14 01:19:33
C03408,1,13,2016-07-26 02:33:23,2016-12-18 01:31:36
C03409,1,22,2016-07-04 21:37:23,2016-12-12 23:04:08
C03410,1,1,2016-12-24 21:57:59,2016-12-24 21:57:59
C03411,2,332,2016-07-02 18:55:08,2016-12-29 21:54:56
C03412,1,101,2016-07-02 03:45:54,2016-12-20 03:01:00
C03413,1,2,2016-07-12 15:44:03,2016-10-29 23:14:12
C03414,1,3,2016-09-22 21:11:52,2016-11-19 00:05:29
C03415,1,3,2016-07-02 15:22:01,2016-08-18 18:17:53
C03416,1,1,2016-09-12 21:49:02,2016-09-12 21:49:02
C03417,1,3,2016-07-22 23:22:19,2016-08-07 17:17:45
C03418,1,12,2016-07-07 23:16:16,2016-12-31 16:21:15
C03419,1,1,2016-08-24 21:22:29,2016-08-24 21:22:29
C03420,1,1,2016-07-22 20:52:35,2016-07-22 20:52:35
C03421,1,1,2016-07-10 10:21:14,2016-07-10 10:21:14
C03422,1,9,2016-07-17 17:14:14,2016-11-10 06:42:56
C03423,1,3,2016-09-26 03:27:05,2016-11-28 19:23:57
C03424,1,3,2016-07-23 01:24:27,2016-12-13 23:06:02
C03425,1,1,2016-12-15 18:44:04,2016-12-15 18:44:04
C03426,1,3,2016-08-13 23:09:22,2016-10-25 22:07:17
C03427,2,1267,2016-07-03 00:58:01,2016-12-31 18:45:22
C03428,1,3,2016-07-16 00:09:09,2016-10-17 20:32:12
C03429,1,1,2016-07-13 15:26:45,2016-07-13 15:26:45
C03430,1,1,2016-11-16 22:52:41,2016-11-16 22:52:41
C03431,1,5,2016-10-20 07:08:43,2016-12-11 18:11:19
C03432,1,130,2016-07-08 16:14:53,2016-12-31 20:39:57
C03433,1,13,2016-07-17 23:58:39,2016-12-27 17:27:38
C03434,1,7,2016-07-19 02:25:10,2016-12-04 21:49:56
C03435,1,5,2016-08-23 00:44:00,2016-12-05 19:31:08
C03436,1,8,2016-07-07 10:08:30,2016-12-29 23:55:57
C03437,1,4,2016-07-04 18:08:13,2016-10-25 23:38:37
C03438,1,1,2016-07-12 19:40:59,2016-07-12 19:40:59
C03439,1,1,2016-07-17 17:06:08,2016-07-17 17:06:08
C03440,1,8,2016-07-13 19:26:32,2016-11-13 03:43:47
C03441,2,59,2016-07-03 14:46:10,2016-12-31 13:39:41
C03442,1,1,2016-08-19 03:24:11,2016-08-19 03:24:11
C03443,2,66,2016-07-08 15:44:48,2016-12-30 01:28:32
C03444,1,13,2016-07-06 01:43:04,2016-12-31 19:00:59
C03445,1,2,2016-07-31 17:25:10,2016-10-24 16:07:01
C03446,1,5,2016-07-09 15:12:27,2016-10-04 22:05:11
C03447,1,8,2016-07-22 15:09:54,2016-10-29 14:36:38
C03448,1,2,2016-07-08 18:19:10,2016-08-03 16:22:35
C03449,1,23,2016-07-02 22:36:19,2016-12-13 01:48:42
C03450,1,2,2016-07-26 22:04:13,2016-11-12 04:12:25
C03451,1,6,2016-07-03 22:37:11,2016-12-10 04:59:15
C03452,1,5,2016-07-21 01:07:48,2016-10-23 19:38:55
C03453,1,7,2016-07-16 20:19:01,2016-11-26 17:57:51
C03454,1,1,2016-07-24 21:19:45,2016-07-24 21:19:45
C03455,1,2,2016-10-26 12:14:41,2016-11-25 00:32:19
C03456,1,2,2016-08-06 17:17:26,2016-08-27 17:55:52
C03457,1,22,2016-07-04 01:26:57,2016-12-24 23:26:19
C03458,1,2,2016-07-29 14:23:27,2016-08-13 14:00:23
C03459,1,5,2016-07-08 21:55:01,2016-10-27 20:50:13
C03460,1,17,2016-07-11 21:42:33,2016-12-24 13:47:09
C03461,1,1,2016-11-15 16:09:22,2016-11-15 16:09:22
C03462,1,2,2016-10-15 19:25:16,2016-10-15 21:12:50
C03463,1,31,2016-07-18 00:07:06,2016-12-31 16:28:09
C03464,1,22,2016-07-03 19:24:54,2016-12-26 20:39:37
C03465,1,6,2016-07-12 00:47:48,2016-08-27 10:32:42
C03466,1,1,2016-07-23 19:58:56,2016-07-23 19:58:56
C03467,1,12,2016-07-19 23:25:23,2016-11-14 20:17:22
C03468,1,3,2016-10-03 21:10:23,2016-11-03 18:30:08
C03469,1,1,2016-09-10 21:52:05,2016-09-10 21:52:05
C03470,1,99,2016-07-05 15:49:22,2016-12-30 08:22:17
C03471,1,1,2016-12-23 19:36:16,2016-12-23 19:36:16
C03472,1,1,2016-07-21 00:12:35,2016-07-21 00:12:35
C03473,1,3,2016-07-05 01:19:44,2016-11-19 23:45:00
C03474,1,303,2016-07-02 03:58:28,2016-12-29 20:49:09
C03475,1,8,2016-08-24 17:03:49,2016-10-24 15:12:48
C03476,1,1,2016-08-30 17:54:22,2016-08-30 17:54:22
C03477,1,57,2016-07-05 13:09:28,2016-12-28 14:02:17
C03478,1,35,2016-07-10 17:02:57,2016-12-28 01:47:26
C03479,1,17,2016-07-08 16:20:18,2016-11-28 04:40:44
C03480,1,1,2016-10-11 22:40:30,2016-10-11 22:40:30
C03481,1,1,2016-09-19 21:57:59,2016-09-19 21:57:59
C03482,1,2,2016-09-07 14:28:05,2016-10-02 03:24:55
C03483,1,2,2016-07-19 13:36:50,2016-07-19 13:43:39
C03484,1,2,2016-07-09 17:32:33,2016-11-23 19:04:45
C03485,1,8,2016-07-23 17:19:46,2016-12-28 14:15:18
C03486,2,19,2016-07-04 01:28:50,2016-12-31 17:10:01
C03487,1,70,2016-07-05 16:55:04,2016-12-23 11:43:05
C03488,2,108,2016-07-02 16:42:21,2016-12-29 01:01:58
C03489,1,2,2016-07-26 16:07:28,2016-11-09 17:42:15
C03490,1,17,2016-07-16 18:20:05,2016-12-30 15:20:40
C03491,1,1,2016-08-05 20:10:43,2016-08-05 20:10:43
C03492,1,4,2016-08-30 15:59:23,2016-12-29 00:23:27
C03493,1,20,2016-07-13 01:52:54,2016-12-24 20:50:43
C03494,1,16,2016-07-19 14:56:12,2016-11-25 16:01:42
C03495,1,1,2016-07-30 01:42:55,2016-07-30 01:42:55
C03496,1,7,2016-08-09 03:55:58,2016-12-27 18:51:54
C03497,1,1,2016-12-01 15:15:44,2016-12-01 15:15:44
C03498,1,20,2016-07-06 16:45:44,2016-12-26 17:32:37
C03499,1,5,2016-07-16 19:12:34,2016-08-19 19:54:55
C03500,1,4,2016-08-02 21:19:21,2016-09-14 19:55:32
C03501,1,2,2016-07-20 05:23:54,2016-07-23 02:51:44
C03502,1,1,2016-07-18 20:36:56,2016-07-18 20:36:56
C03503,1,1,2016-12-16 19:46:57,2016-12-16 19:46:57
C03504,1,5,2016-07-03 18:12:12,2016-09-03 20:56:46
C03505,1,60,2016-07-04 18:55:28,2016-12-28 15:43:11
C03506,1,23,2016-07-04 21:30:17,2016-12-19 17:59:48
C03507,1,2,2016-10-01 16:47:21,2016-10-08 21:28:56
C03508,1,1,2016-07-05 00:19:13,2016-07-05 00:19:13
C03509,1,2,2016-11-17 01:07:39,2016-12-23 21:49:53
C03510,1,1,2016-07-08 15:45:26,2016-07-08 15:45:26
C03511,1,33,2016-07-03 15:54:11,2016-12-29 22:18:32
C03512,1,1,2016-07-23 03:14:53,2016-07-23 03:14:53
C03513,1,11,2016-07-07 14:34:42,2016-12-31 19:57:11
C03514,1,6,2016-08-01 00:07:42,2016-11-13 23:12:39
C03515,1,1,2016-09-29 19:34:09,2016-09-29 19:34:09
C03516,1,10,2016-07-10 18:03:12,2016-12-20 00:11:05
C03517,1,103,2016-07-07 17:12:32,2016-12-31 15:50:49
C03518,1,7,2016-07-13 13:19:42,2016-10-07 21:31:43
C03519,1,25,2016-07-08 16:47:41,2016-12-05 16:47:18
C03520,1,1,2016-08-05 04:14:06,2016-08-05 04:14:06
C03521,1,2,2016-07-23 21:41:44,2016-07-25 13:47:39
C03522,1,2,2016-10-21 20:38:39,2016-10-22 18:58:14
C03523,1,7,2016-07-07 22:55:24,2016-10-07 16:40:58
C03524,1,16,2016-08-04 15:42:22,2016-12-29 09:55:16
C03525,1,2,2016-08-15 18:07:24,2016-09-08 22:17:08
C03526,1,1,2016-12-11 22:29:45,2016-12-11 22:29:45
C03527,1,33,2016-07-13 18:34:50,2016-12-10 04:25:57
C03528,1,23,2016-07-22 19:32:57,2016-11-07 18:42:31
C03529,1,2,2016-10-22 13:55:18,2016-11-08 15:31:52
C03530,1,1,2016-12-25 02:26:56,2016-12-25 02:26:56
C03531,1,56,2016-07-06 15:31:20,2016-12-11 15:30:27
C03532,2,202,2016-07-02 20:45:33,2016-12-29 00:38:41
C03533,1,177,2016-07-07 23:55:15,2016-12-31 20:56:27
C03534,1,3,2016-07-29 15:53:45,2016-10-25 22:19:56
C03535,1,4,2016-07-28 13:36:54,2016-11-12 16:06:46
C03536,1,4,2016-07-16 17:02:21,2016-09-28 18:28:03
C03537,1,1,2016-09-28 01:03:33,2016-09-28 01:03:33
C03538,1,19,2016-07-09 19:23:42,2016-12-19 02:17:16
C03539,1,69,2016-07-03 13:02:39,2016-12-30 10:48:15
C03540,1,24,2016-08-15 21:10:24,2016-12-30 03:37:15
C03541,1,5,2016-07-25 18:16:54,2016-10-28 22:41:39
C03542,1,17,2016-07-13 14:58:33,2016-10-27 04:10:04
C03543,1,1,2016-08-19 01:46:01,2016-08-19 01:46:01
C03544,1,5,2016-10-10 05:46:07,2016-12-21 20:54:13
C03545,1,4,2016-07-21 14:26:03,2016-10-03 20:45:08
C03546,1,1,2016-07-23 18:38:18,2016-07-23 18:38:18
C03547,1,4,2016-09-08 21:11:40,2016-11-14 19:54:16
C03548,1,7,2016-09-17 15:37:35,2016-12-31 13:47:40
C03549,1,133,2016-07-03 01:06:11,2016-12-30 16:29:48
C03550,1,117,2016-07-04 14:46:48,2016-12-31 13:45:17
C03551,2,30,2016-07-04 01:18:58,2016-12-25 23:16:47
C03552,1,6,2016-07-19 02:29:37,2016-12-11 18:30:27
C03553,1,4,2016-09-30 22:34:49,2016-12-02 14:09:23
C03554,1,2,2016-07-26 22:20:48,2016-08-15 22:44:31
C03555,1,2,2016-07-24 23:59:18,2016-10-13 04:27:10
C03556,1,87,2016-07-02 04:21:44,2016-11-02 02:25:14
C03557,1,3,2016-07-11 03:12:26,2016-07-24 16:34:34
C03558,1,84,2016-07-03 22:30:16,2016-12-22 20:28:09
C03559,1,3,2016-12-05 00:42:32,2016-12-31 15:56:46
C03560,1,43,2016-07-13 11:34:54,2016-12-30 16:41:25
C03561,1,79,2016-07-05 19:34:02,2016-12-27 12:40:58
C03562,1,1,2016-07-18 01:27:12,2016-07-18 01:27:12
C03563,1,2,2016-08-05 00:37:43,2016-08-10 07:14:57
C03564,1,6,2016-10-03 17:04:35,2016-11-25 21:25:49
C03565,1,3,2016-07-18 16:57:29,2016-09-04 20:09:36
C03566,1,7,2016-07-22 16:27:06,2016-12-30 15:10:00
C03567,1,19,2016-07-22 23:23:56,2016-12-10 18:00:39
C03568,1,1,2016-10-13 00:52:35,2016-10-13 00:52:35
C03569,1,1,2016-07-12 23:46:38,2016-07-12 23:46:38
C03570,1,1,2016-07-13 02:23:49,2016-07-13 02:23:49
C03571,1,12,2016-07-08 01:16:16,2016-12-22 12:51:59
C03572,1,1,2016-11-04 20:52:10,2016-11-04 20:52:10
C03573,1,3,2016-08-26 01:45:29,2016-12-29 03:04:54
C03574,1,1,2016-09-30 22:24:49,2016-09-30 22:24:49
C03575,2,1998,2016-07-02 00:19:39,2016-12-30 23:26:54
C03576,1,32,2016-07-13 13:55:16,2016-12-24 03:44:28
C03577,1,1,2016-09-27 17:30:50,2016-09-27 17:30:50
C03578,1,5,2016-07-21 01:37:54,2016-08-07 01:05:55
C03579,1,1,2016-07-05 18:44:23,2016-07-05 18:44:23
C03580,1,15,2016-07-06 02:21:07,2016-12-29 23:19:16
C03581,1,1,2016-12-12 14:22:46,2016-12-12 14:22:46
C03582,1,1,2016-12-12 21:04:45,2016-12-12 21:04:45
C03583,1,2,2016-08-07 23:21:17,2016-09-10 22:09:45
C03584,1,1,2016-12-28 21:14:18,2016-12-28 21:14:18
C03585,1,1,2016-07-23 02:25:36,2016-07-23 02:25:36
C03586,1,9,2016-07-29 18:38:09,2016-12-25 19:37:01
C03587,1,2,2016-07-17 15:00:26,2016-07-28 01:48:08
C03588,1,1,2016-07-24 22:33:48,2016-07-24 22:33:48
C03589,2,39,2016-07-06 18:57:55,2016-12-27 14:09:14
C03590,1,1,2016-08-19 21:58:04,2016-08-19 21:58:04
C03591,1,1,2016-11-05 12:39:12,2016-11-05 12:39:12
C03592,1,4,2016-07-21 19:45:01,2016-12-29 13:28:12
C03593,1,12,2016-07-08 05:18:08,2016-12-15 04:01:23
C03594,1,29,2016-07-06 09:58:46,2016-12-25 21:21:07
C03595,1,90,2016-07-06 10:13:30,2016-12-31 21:26:26
C03596,1,9,2016-07-19 22:42:26,2016-11-18 21:48:40
C03597,1,1,2016-08-31 18:15:36,2016-08-31 18:15:36
C03598,2,783,2016-07-06 01:55:10,2016-12-31 22:15:32
C03599,1,2,2016-09-08 15:15:23,2016-09-23 23:23:28
C03600,1,3,2016-07-19 21:27:33,2016-12-14 16:19:23
C03601,1,1,2016-07-04 13:44:59,2016-07-04 13:44:59
C03602,1,2,2016-07-24 12:12:07,2016-07-24 13:09:17
C03603,1,15,2016-07-17 09:20:29,2016-12-27 12:46:54
C03604,1,1,2016-09-23 01:47:49,2016-09-23 01:47:49
C03605,1,3,2016-07-08 01:36:32,2016-12-23 02:57:34
C03606,1,2,2016-10-25 18:39:12,2016-11-19 01:17:52
C03607,1,10,2016-07-19 16:53:39,2016-12-08 01:45:18
C03608,1,187,2016-07-03 14:14:06,2016-12-28 20:40:56
C03609,1,9,2016-09-26 16:15:35,2016-09-26 17:45:48
C03610,1,2,2016-07-15 14:03:19,2016-07-15 14:21:51
C03611,2,132,2016-07-06 09:58:08,2016-12-29 14:20:17
C03612,1,5,2016-07-10 20:26:35,2016-11-06 21:43:41
C03613,1,2,2016-09-05 15:25:33,2016-09-15 03:30:24
C03614,1,1,2016-07-30 04:22:04,2016-07-30 04:22:04
C03615,1,4,2016-07-23 17:41:08,2016-11-18 17:08:41
C03616,1,3,2016-08-31 00:41:30,2016-10-28 23:51:35
C03617,1,1,2016-10-03 17:45:35,2016-10-03 17:45:35
C03618,1,1,2016-07-26 03:23:32,2016-07-26 03:23:32
C03619,1,1,2016-08-24 23:20:05,2016-08-24 23:20:05
C03620,1,67,2016-07-05 20:11:24,2016-12-31 21:02:27
C03621,1,7,2016-07-25 18:36:52,2016-11-03 15:43:20
C03622,1,31,2016-07-02 00:24:04,2016-12-26 20:04:08
C03623,1,1,2016-07-28 22:31:43,2016-07-28 22:31:43
C03624,1,1,2016-10-23 19:46:17,2016-10-23 19:46:17
C03625,1,5,2016-07-21 15:10:05,2016-12-05 17:38:08
C03626,1,13,2016-07-16 14:25:09,2016-11-17 14:22:07
C03627,1,8,2016-10-04 03:59:14,2016-12-25 15:30:46
C03628,1,3,2016-08-07 18:03:10,2016-10-08 03:10:38
C03629,1,1,2016-12-17 02:40:25,2016-12-17 02:40:25
C03630,1,6,2016-07-21 19:58:06,2016-11-13 20:28:22
C03631,1,4,2016-09-15 16:44:45,2016-12-06 22:47:58
C03632,1,4,2016-07-22 17:42:39,2016-12-02 16:36:45
C03633,1,127,2016-07-03 14:27:26,2016-12-27 17:22:41
C03634,1,49,2016-07-06 06:34:07,2016-12-29 23:35:57
C03635,1,1,2016-07-20 23:04:04,2016-07-20 23:04:04
C03636,1,7,2016-07-10 17:40:30,2016-12-26 14:07:43
C03637,1,11,2016-07-10 21:47:10,2016-12-25 13:22:51
C03638,1,2,2016-07-11 12:59:48,2016-07-18 22:23:54
C03639,2,84,2016-07-06 17:25:08,2016-12-28 19:34:10
C03640,1,12,2016-07-05 13:34:50,2016-12-16 04:40:28
C03641,1,1,2016-12-03 06:04:57,2016-12-03 06:04:57
C03642,1,1,2016-07-17 23:01:31,2016-07-17 23:01:31
C03643,1,11,2016-07-20 17:32:42,2016-10-21 23:08:59
C03644,1,3,2016-07-29 01:29:48,2016-10-28 01:54:19
C03645,1,41,2016-07-07 00:27:16,2016-12-27 12:32:14
C03646,1,7,2016-08-09 22:12:18,2016-10-23 22:55:00
C03647,1,4,2016-07-30 17:38:55,2016-12-20 22:24:40
C03648,1,13,2016-07-04 15:31:02,2016-12-28 00:36:50
C03649,1,18,2016-07-02 04:02:27,2016-12-25 20:14:40
C03650,1,42,2016-07-15 15:24:43,2016-12-31 21:29:37
C03651,2,91,2016-07-02 18:18:38,2016-12-29 16:42:06
C03652,1,1,2016-07-23 15:49:29,2016-07-23 15:49:29
C03653,1,1,2016-09-05 18:43:52,2016-09-05 18:43:52
C03654,1,1,2016-09-13 22:28:56,2016-09-13 22:28:56
C03655,1,1,2016-07-22 17:27:13,2016-07-22 17:27:13
C03656,2,497,2016-07-03 16:44:45,2016-12-31 15:56:33
C03657,1,46,2016-07-06 22:39:03,2016-12-30 21:14:19
C03658,1,40,2016-07-17 11:58:08,2016-12-29 15:50:30
C03659,1,6,2016-07-26 02:14:11,2016-07-26 02:53:53
C03660,1,13,2016-07-14 19:34:37,2016-11-21 00:48:50
C03661,1,4,2016-07-10 02:05:46,2016-11-25 19:53:36
C03662,1,9,2016-08-06 09:37:37,2016-09-29 20:30:56
C03663,1,6,2016-07-16 02:34:01,2016-11-25 16:22:19
C03664,1,3,2016-09-02 15:04:06,2016-09-18 13:05:31
C03665,1,1,2016-07-27 21:16:10,2016-07-27 21:16:10
C03666,1,8,2016-07-04 20:47:14,2016-12-09 15:47:43
C03667,1,2,2016-07-02 16:56:48,2016-09-02 16:41:59
C03668,1,15,2016-07-11 18:31:36,2016-12-26 16:26:00
C03669,1,9,2016-07-03 07:45:55,2016-12-25 21:02:46
C03670,1,8,2016-07-02 19:14:25,2016-10-31 18:57:28
C03671,1,3,2016-07-17 14:50:33,2016-11-16 20:00:00
C03672,1,16,2016-07-27 06:26:41,2016-12-29 15:23:33
C03673,1,3,2016-07-13 21:00:10,2016-08-14 23:06:13
C03674,1,1,2016-10-16 01:56:15,2016-10-16 01:56:15
C03675,1,24,2016-07-08 18:12:01,2016-12-26 16:54:08
C03676,2,509,2016-07-06 07:48:11,2016-12-31 12:40:11
C03677,1,1,2016-08-30 00:46:46,2016-08-30 00:46:46
C03678,1,14,2016-07-26 22:04:51,2016-12-22 16:15:44
C03679,1,2,2016-07-21 02:35:49,2016-09-15 10:43:10
C03680,1,2,2016-07-19 17:02:23,2016-07-19 17:17:51
C03681,1,2,2016-07-24 01:24:49,2016-09-02 16:24:34
C03682,1,14,2016-07-18 20:10:25,2016-12-19 15:39:15
C03683,1,1,2016-07-30 23:43:50,2016-07-30 23:43:50
C03684,1,5,2016-09-15 22:14:12,2016-11-07 17:27:05
C03685,2,122,2016-07-04 14:25:03,2016-12-28 20:34:44
C03686,1,25,2016-07-10 14:46:23,2016-12-19 04:26:19
C03687,1,1,2016-07-27 15:52:56,2016-07-27 15:52:56
C03688,1,64,2016-07-06 20:50:29,2016-12-31 15:15:33
C03689,1,1,2016-12-28 17:53:19,2016-12-28 17:53:19
C03690,1,7,2016-10-04 23:55:23,2016-12-29 14:38:36
C03691,1,4,2016-08-07 21:37:26,2016-11-08 17:06:04
C03692,1,5,2016-10-09 19:55:31,2016-12-30 23:52:23
C03693,1,14,2016-07-06 21:23:32,2016-11-17 19:41:58
C03694,1,11,2016-07-07 03:56:59,2016-10-30 17:12:15
C03695,1,8,2016-07-08 15:58:52,2016-12-19 16:01:13
C03696,1,156,2016-07-02 22:19:15,2016-12-24 14:27:17
C03697,1,6,2016-07-14 23:12:03,2016-12-30 00:22:50
C03698,1,11,2016-07-11 14:59:30,2016-12-23 02:48:01
C03699,1,7,2016-07-04 13:51:11,2016-09-08 14:02:17
C03700,1,3,2016-08-29 21:04:05,2016-12-23 11:49:20
C03701,1,47,2016-07-05 19:42:33,2016-12-26 15:18:57
C03702,1,18,2016-07-20 07:45:07,2016-12-16 15:46:18
C03703,1,6,2016-07-28 06:00:03,2016-12-19 04:02:09
C03704,1,1,2016-07-14 23:42:48,2016-07-14 23:42:48
C03705,1,3,2016-08-06 18:32:36,2016-12-02 19:41:45
C03706,1,14,2016-07-04 15:44:31,2016-12-27 01:20:46
C03707,1,14,2016-07-25 18:21:14,2016-12-25 15:59:07
C03708,2,275,2016-07-04 04:33:52,2016-12-30 16:38:18
C03709,1,2,2016-07-08 13:33:48,2016-11-14 01:51:07
C03710,1,1,2016-10-07 14:16:02,2016-10-07 14:16:02
C03711,2,433,2016-07-04 00:26:30,2016-12-31 19:26:19
C03712,1,2,2016-07-07 17:42:33,2016-08-25 14:08:43
C03713,1,1,2016-08-04 13:52:40,2016-08-04 13:52:40
C03714,1,254,2016-07-02 14:58:23,2016-12-30 12:33:21
C03715,1,51,2016-07-05 19:37:31,2016-12-31 17:10:15
C03716,1,1,2016-07-19 15:24:49,2016-07-19 15:24:49
C03717,1,1,2016-08-23 15:57:54,2016-08-23 15:57:54
C03718,1,13,2016-07-16 15:25:39,2016-12-14 15:41:25
C03719,1,12,2016-07-06 01:12:20,2016-12-27 03:04:07
C03720,1,4,2016-07-18 14:36:43,2016-12-02 16:49:53
C03721,1,1,2016-12-30 16:16:34,2016-12-30 16:16:34
C03722,1,44,2016-07-02 18:18:53,2016-12-27 19:38:59
C03723,1,5,2016-07-24 16:09:50,2016-12-21 03:25:20
C03724,1,1,2016-07-25 04:07:39,2016-07-25 04:07:39
C03725,1,25,2016-07-06 20:14:16,2016-12-27 11:18:34
C03726,1,9,2016-12-10 00:01:19,2016-12-19 17:33:18
C03727,1,3,2016-10-16 02:13:50,2016-10-16 02:33:04
C03728,1,1,2016-11-09 13:39:22,2016-11-09 13:39:22
C03729,1,2,2016-08-04 01:28:15,2016-12-17 22:52:38
C03730,1,7,2016-07-05 13:43:57,2016-12-03 23:57:13
C03731,1,15,2016-07-04 15:36:09,2016-11-22 22:01:12
C03732,1,6,2016-07-11 16:34:21,2016-11-13 11:10:24
C03733,1,4,2016-07-05 13:06:43,2016-12-29 18:39:38
C03734,1,5,2016-07-16 04:53:36,2016-08-30 23:58:27
C03735,1,2,2016-08-29 18:23:50,2016-10-04 23:39:09
C03736,1,1,2016-11-12 01:47:15,2016-11-12 01:47:15
C03737,1,1,2016-07-20 18:09:41,2016-07-20 18:09:41
C03738,2,2364,2016-07-03 01:42:14,2016-12-31 21:27:06
C03739,1,1,2016-09-17 00:24:22,2016-09-17 00:24:22
C03740,1,13,2016-07-06 21:01:22,2016-12-20 23:17:43
C03741,1,13,2016-08-06 01:57:56,2016-12-29 01:15:16
C03742,1,1,2016-10-15 00:58:32,2016-10-15 00:58:32
C03743,1,1,2016-07-19 13:52:49,2016-07-19 13:52:49
C03744,2,32,2016-07-25 22:45:23,2016-12-16 15:51:01
C03745,1,1,2016-12-14 12:30:58,2016-12-14 12:30:58
C03746,1,1,2016-11-07 17:15:26,2016-11-07 17:15:26
C03747,1,3,2016-08-10 22:25:57,2016-12-26 18:25:51
C03748,1,1,2016-11-20 19:34:33,2016-11-20 19:34:33
C03749,1,2,2016-08-01 20:54:37,2016-12-25 13:01:46
C03750,1,14,2016-07-18 05:35:55,2016-12-05 02:40:25
C03751,1,2,2016-07-18 14:38:31,2016-11-21 14:39:09
C03752,1,8,2016-07-03 20:21:12,2016-09-27 18:32:54
C03753,1,7,2016-07-29 22:04:28,2016-11-14 18:21:43
C03754,1,1,2016-07-21 20:37:12,2016-07-21 20:37:12
C03755,1,28,2016-07-09 21:36:50,2016-12-24 16:00:40
C03756,2,38,2016-07-14 16:51:21,2016-12-29 15:34:54
C03757,1,9,2016-07-03 09:08:31,2016-12-09 22:04:47
C03758,1,1,2016-07-19 22:57:15,2016-07-19 22:57:15
C03759,1,1,2016-09-28 23:43:00,2016-09-28 23:43:00
C03760,1,2,2016-08-18 20:13:11,2016-12-16 23:44:52
C03761,1,6,2016-07-16 11:22:23,2016-08-18 16:03:49
C03762,1,5,2016-07-07 19:51:30,2016-11-23 17:48:06
C03763,1,11,2016-07-16 03:07:53,2016-10-23 01:41:41
C03764,1,1,2016-08-23 22:14:53,2016-08-23 22:14:53
C03765,1,3,2016-08-19 00:36:28,2016-09-25 22:23:06
C03766,1,3,2016-08-01 23:55:37,2016-10-25 00:23:26
C03767,1,2,2016-07-22 22:56:04,2016-10-03 22:21:03
C03768,1,1,2016-07-21 23:32:34,2016-07-21 23:32:34
C03769,1,1,2016-07-24 23:01:41,2016-07-24 23:01:41
C03770,1,3,2016-07-20 16:22:03,2016-08-15 15:13:24
C03771,1,20,2016-07-02 02:42:48,2016-12-28 15:10:16
C03772,1,3,2016-08-30 23:25:48,2016-09-24 01:59:43
C03773,2,28,2016-07-17 19:44:58,2016-12-25 02:22:40
C03774,1,1,2016-07-14 21:44:33,2016-07-14 21:44:33
C03775,1,9,2016-08-07 16:14:47,2016-12-08 00:26:12
C03776,1,6,2016-08-05 01:20:33,2016-11-13 05:24:19
C03777,1,8,2016-08-19 18:32:24,2016-10-23 00:11:08
C03778,1,216,2016-07-05 00:48:27,2016-12-31 12:19:13
C03779,1,1,2016-10-24 22:23:42,2016-10-24 22:23:42
C03780,1,5,2016-08-21 23:01:45,2016-12-24 00:53:43
C03781,1,1,2016-11-01 01:29:54,2016-11-01 01:29:54
C03782,2,18,2016-07-18 20:55:51,2016-12-27 21:43:17
C03783,2,67,2016-07-03 22:39:13,2016-12-22 19:30:52
C03784,1,3,2016-07-22 15:22:34,2016-12-31 03:53:31
C03785,1,15,2016-07-06 02:07:06,2016-12-26 23:44:33
C03786,1,158,2016-07-03 04:29:57,2016-12-27 20:17:09
C03787,1,29,2016-07-02 20:18:02,2016-12-18 18:21:22
C03788,1,5,2016-08-18 16:01:18,2016-10-05 20:08:28
C03789,1,11,2016-07-07 04:55:46,2016-12-19 20:27:15
C03790,1,1,2016-09-15 20:10:16,2016-09-15 20:10:16
C03791,1,2,2016-11-06 14:11:04,2016-12-08 15:27:33
C03792,1,5,2016-07-14 01:52:24,2016-12-03 00:29:38
C03793,1,2,2016-07-27 17:41:16,2016-08-24 18:46:50
C03794,1,1,2016-11-14 21:00:02,2016-11-14 21:00:02
C03795,1,3,2016-11-06 19:28:58,2016-12-27 22:01:58
C03796,1,13,2016-07-08 20:25:27,2016-08-21 01:17:49
C03797,1,23,2016-07-04 17:36:53,2016-12-17 16:38:11
C03798,1,2,2016-09-07 05:51:24,2016-12-18 22:26:36
C03799,1,1,2016-09-01 20:04:18,2016-09-01 20:04:18
C03800,1,2,2016-09-22 22:06:16,2016-09-22 22:26:54
C03801,1,1,2016-12-24 11:16:02,2016-12-24 11:16:02
C03802,1,25,2016-07-07 03:21:04,2016-12-31 18:13:06
C03803,1,86,2016-07-11 05:35:26,2016-12-26 22:12:48
C03804,1,4,2016-07-09 00:11:11,2016-10-18 00:56:17
C03805,1,3,2016-09-06 22:15:26,2016-09-28 21:15:57
C03806,1,2,2016-07-18 04:23:48,2016-09-05 19:21:38
C03807,1,1,2016-07-13 15:29:07,2016-07-13 15:29:07
C03808,1,7,2016-07-12 03:01:21,2016-08-21 19:37:00
C03809,1,1,2016-09-15 23:32:11,2016-09-15 23:32:11
C03810,1,1,2016-07-20 01:29:12,2016-07-20 01:29:12
C03811,1,1,2016-10-31 17:30:11,2016-10-31 17:30:11
C03812,1,4,2016-09-15 17:26:05,2016-12-29 21:00:16
C03813,1,8,2016-07-03 13:33:33,2016-11-27 18:51:32
C03814,1,28,2016-07-05 17:56:16,2016-12-25 19:56:59
C03815,1,1,2016-12-14 00:53:20,2016-12-14 00:53:20
C03816,1,1,2016-09-05 15:17:31,2016-09-05 15:17:31
C03817,1,12,2016-07-10 06:06:03,2016-11-25 03:28:12
C03818,1,1,2016-09-22 03:20:54,2016-09-22 03:20:54
C03819,1,1,2016-07-26 16:51:42,2016-07-26 16:51:42
C03820,1,2,2016-12-07 13:56:30,2016-12-07 14:08:04
C03821,1,3,2016-07-09 16:23:39,2016-07-11 19:20:28
C03822,1,2,2016-08-28 19:11:21,2016-08-30 18:59:38
C03823,1,3,2016-08-05 06:43:17,2016-08-05 07:01:24
C03824,1,1,2016-08-09 05:12:14,2016-08-09 05:12:14
C03825,1,3,2016-07-24 05:20:32,2016-12-12 21:45:40
C03826,1,2,2016-07-12 03:46:57,2016-07-14 19:55:57
C03827,1,1,2016-07-28 22:06:33,2016-07-28 22:06:33
C03828,1,2,2016-07-24 14:59:11,2016-12-15 00:15:04
C03829,1,8,2016-08-30 05:04:45,2016-11-28 00:49:12
C03830,1,1,2016-12-18 15:20:43,2016-12-18 15:20:43
C03831,1,5,2016-08-05 17:50:48,2016-12-09 20:46:16
C03832,1,2,2016-07-21 19:22:32,2016-10-27 18:17:43
C03833,1,1,2016-07-27 23:29:30,2016-07-27 23:29:30
C03834,1,5,2016-10-11 20:08:55,2016-12-03 14:47:48
C03835,1,1,2016-12-09 22:08:51,2016-12-09 22:08:51
C03836,1,2,2016-09-10 16:29:08,2016-09-10 16:37:48
C03837,1,8,2016-09-01 15:44:01,2016-11-24 23:27:37
C03838,1,29,2016-07-10 20:19:17,2016-12-13 00:41:16
C03839,1,60,2016-07-02 18:43:16,2016-12-30 11:24:50
C03840,1,29,2016-07-04 23:42:08,2016-12-31 17:55:05
C03841,1,18,2016-07-14 00:05:50,2016-12-10 23:17:53
C03842,1,11,2016-07-03 21:46:04,2016-12-09 02:29:07
C03843,1,21,2016-07-04 22:04:42,2016-12-10 14:31:46
C03844,1,30,2016-07-16 14:04:50,2016-12-14 17:52:21
C03845,1,3,2016-07-27 16:40:52,2016-08-29 22:16:28
C03846,1,1,2016-07-29 15:29:07,2016-07-29 15:29:07
C03847,1,5,2016-07-02 00:20:40,2016-12-21 20:54:31
C03848,1,9,2016-08-18 16:43:17,2016-12-21 20:42:25
C03849,1,1,2016-10-22 17:05:39,2016-10-22 17:05:39
C03850,1,3,2016-09-28 22:08:42,2016-12-18 19:45:55
C03851,2,506,2016-07-02 02:46:46,2016-12-28 14:28:25
C03852,1,2,2016-08-07 16:38:26,2016-09-26 19:02:39
C03853,1,38,2016-07-06 00:10:28,2016-12-31 19:43:24
C03854,1,1,2016-07-25 23:33:25,2016-07-25 23:33:25
C03855,1,1,2016-11-19 23:52:19,2016-11-19 23:52:19
C03856,1,104,2016-07-06 19:41:21,2016-12-31 14:31:15
C03857,1,1,2016-10-15 21:21:47,2016-10-15 21:21:47
C03858,1,43,2016-07-02 07:13:23,2016-12-20 06:23:14
C03859,1,2,2016-10-21 21:48:30,2016-10-21 21:59:22
C03860,1,1,2016-10-12 18:23:38,2016-10-12 18:23:38
C03861,1,1,2016-11-25 14:16:28,2016-11-25 14:16:28
C03862,1,1,2016-07-03 05:15:10,2016-07-03 05:15:10
C03863,1,1,2016-08-18 17:36:58,2016-08-18 17:36:58
C03864,1,53,2016-07-11 21:59:44,2016-12-19 02:03:32
C03865,1,2,2016-07-25 14:38:38,2016-09-08 22:37:43
C03866,1,1,2016-09-03 01:41:50,2016-09-03 01:41:50
C03867,1,1,2016-07-03 06:33:23,2016-07-03 06:33:23
C03868,1,1,2016-12-05 23:03:22,2016-12-05 23:03:22
C03869,1,1,2016-09-06 23:11:44,2016-09-06 23:11:44
C03870,1,4,2016-07-15 22:22:47,2016-11-14 21:30:22
C03871,1,8,2016-07-09 01:44:22,2016-12-22 17:29:43
C03872,1,23,2016-07-09 18:53:33,2016-11-21 22:25:25
C03873,1,3,2016-08-30 23:42:00,2016-08-31 03:13:16
C03874,1,2,2016-08-24 20:08:33,2016-08-25 17:10:59
C03875,1,1,2016-10-24 00:30:40,2016-10-24 00:30:40
C03876,1,1,2016-07-17 05:30:42,2016-07-17 05:30:42
C03877,1,5,2016-07-11 21:40:38,2016-08-29 01:18:23
C03878,1,7,2016-07-12 15:41:40,2016-08-26 18:19:49
C03879,1,8,2016-08-26 19:45:50,2016-11-22 15:59:50
C03880,1,73,2016-07-04 00:48:44,2016-12-31 21:24:48
C03881,1,27,2016-07-09 16:27:58,2016-12-28 00:50:08
C03882,1,2,2016-07-13 20:07:02,2016-07-19 15:36:16
C03883,1,1,2016-07-02 06:30:53,2016-07-02 06:30:53
C03884,1,7,2016-10-06 20:58:58,2016-10-25 20:32:39
C03885,1,21,2016-07-09 19:30:25,2016-12-14 23:13:18
C03886,1,1,2016-10-23 21:46:22,2016-10-23 21:46:22
C03887,1,2,2016-08-14 00:10:11,2016-08-29 16:56:58
C03888,1,2,2016-07-20 20:06:15,2016-09-27 00:49:41
C03889,1,4,2016-07-11 00:35:28,2016-12-08 15:31:46
C03890,1,5,2016-07-08 15:54:19,2016-09-23 16:25:03
C03891,1,1,2016-12-22 13:47:00,2016-12-22 13:47:00
C03892,1,8,2016-07-14 15:57:06,2016-11-27 20:49:40
C03893,1,60,2016-07-06 15:07:20,2016-12-31 00:23:47
C03894,1,2,2016-07-13 18:12:20,2016-11-27 21:30:45
C03895,1,1,2016-08-16 22:44:04,2016-08-16 22:44:04
C03896,1,5,2016-07-15 02:12:18,2016-09-05 17:37:24
C03897,1,1,2016-07-31 18:13:18,2016-07-31 18:13:18
C03898,1,24,2016-07-12 02:57:18,2016-12-02 21:29:10
C03899,1,7,2016-09-10 20:26:05,2016-11-23 22:32:16
C03900,1,7,2016-08-11 22:04:09,2016-10-14 16:58:54
C03901,1,5,2016-07-29 16:41:49,2016-09-27 17:40:31
C03902,1,11,2016-07-06 17:17:12,2016-12-24 14:27:23
C03903,1,2,2016-07-13 18:06:31,2016-07-13 18:19:10
C03904,1,15,2016-07-15 19:39:44,2016-12-21 22:12:30
C03905,1,3,2016-08-30 00:21:57,2016-09-09 01:48:36
C03906,1,18,2016-07-13 13:14:57,2016-12-24 03:55:07
C03907,1,1,2016-10-05 05:58:42,2016-10-05 05:58:42
C03908,1,14,2016-07-08 05:55:49,2016-12-31 20:58:07
C03909,1,5,2016-08-08 22:31:11,2016-12-24 13:10:37
C03910,1,34,2016-07-03 05:34:53,2016-12-24 14:26:15
C03911,1,2,2016-07-12 16:57:31,2016-07-31 16:23:24
C03912,1,9,2016-07-13 01:50:39,2016-12-21 03:15:24
C03913,1,10,2016-07-05 06:34:07,2016-11-20 18:48:28
C03914,1,1,2016-07-09 23:12:47,2016-07-09 23:12:47
C03915,1,3,2016-08-30 16:46:45,2016-09-15 23:52:24
C03916,1,6,2016-08-20 15:17:33,2016-09-29 22:59:39
C03917,1,13,2016-07-03 22:41:52,2016-12-19 06:43:07
C03918,1,5,2016-07-15 01:50:11,2016-10-22 13:02:25
C03919,1,1,2016-08-06 17:10:11,2016-08-06 17:10:11
C03920,1,1,2016-12-19 23:41:14,2016-12-19 23:41:14
C03921,1,7,2016-08-22 18:57:59,2016-12-14 20:54:00
C03922,1,21,2016-07-25 15:03:46,2016-12-03 21:53:44
C03923,1,4,2016-07-16 20:09:41,2016-11-12 15:13:16
C03924,1,10,2016-07-23 17:16:20,2016-12-30 14:52:42
C03925,1,19,2016-07-04 21:40:51,2016-09-29 19:15:28
C03926,1,6,2016-07-14 14:03:52,2016-12-14 21:44:48
C03927,1,1,2016-12-22 22:38:56,2016-12-22 22:38:56
C03928,1,2,2016-10-31 19:57:33,2016-12-03 03:15:06
C03929,1,21,2016-07-29 02:16:00,2016-12-20 15:03:12
C03930,1,8,2016-07-26 08:39:25,2016-12-22 20:15:40
C03931,1,6,2016-09-14 19:10:53,2016-09-19 18:06:05
C03932,1,1,2016-12-25 18:24:24,2016-12-25 18:24:24
C03933,1,314,2016-07-02 22:14:48,2016-12-30 20:28:11
C03934,1,1,2016-07-19 15:25:30,2016-07-19 15:25:30
C03935,1,6,2016-08-05 19:55:18,2016-12-05 16:13:39
C03936,1,3,2016-08-02 02:22:41,2016-08-02 05:02:18
C03937,1,9,2016-07-10 17:38:48,2016-10-30 23:46:32
C03938,1,44,2016-07-22 00:42:55,2016-12-28 22:48:51
C03939,1,1,2016-07-10 19:23:25,2016-07-10 19:23:25
C03940,1,7,2016-08-13 06:35:15,2016-12-12 19:59:55
C03941,1,66,2016-07-03 13:33:37,2016-12-23 00:43:48
C03942,1,7,2016-11-10 18:55:45,2016-11-10 21:14:27
C03943,1,18,2016-07-08 19:45:32,2016-12-23 18:03:23
C03944,1,2,2016-07-17 20:51:50,2016-09-09 19:46:14
C03945,1,26,2016-07-05 03:06:27,2016-12-26 17:32:09
C03946,1,13,2016-07-08 00:49:39,2016-12-10 15:23:57
C03947,1,4,2016-07-18 17:25:03,2016-12-07 22:08:30
C03948,1,1,2016-09-09 21:50:05,2016-09-09 21:50:05
C03949,1,2,2016-07-18 15:23:38,2016-10-13 01:27:50
C03950,1,22,2016-07-20 20:54:50,2016-11-05 12:35:33
C03951,1,1,2016-07-28 01:59:58,2016-07-28 01:59:58
C03952,1,1,2016-07-28 21:13:14,2016-07-28 21:13:14
C03953,1,1,2016-10-21 21:47:57,2016-10-21 21:47:57
C03954,1,3,2016-07-19 03:30:21,2016-11-25 19:05:56
C03955,1,4,2016-07-06 04:34:36,2016-07-06 05:23:32
C03956,1,1,2016-09-01 17:12:07,2016-09-01 17:12:07
C03957,1,3,2016-08-21 19:55:22,2016-10-24 10:52:22
C03958,1,1,2016-10-26 16:36:59,2016-10-26 16:36:59
C03959,1,18,2016-07-05 01:25:30,2016-12-06 11:54:23
C03960,1,3,2016-08-06 15:19:51,2016-11-07 20:22:35
C03961,1,1,2016-11-04 08:04:39,2016-11-04 08:04:39
C03962,1,2,2016-10-20 19:30:58,2016-10-20 20:58:26
C03963,1,1,2016-10-15 11:05:17,2016-10-15 11:05:17
C03964,1,8,2016-07-09 12:52:51,2016-12-24 12:46:00
C03965,1,1,2016-07-07 13:19:26,2016-07-07 13:19:26
C03966,1,1,2016-11-10 22:27:15,2016-11-10 22:27:15
C03967,1,321,2016-07-03 05:14:31,2016-12-28 21:59:12
C03968,1,3,2016-07-23 18:47:05,2016-11-18 12:36:52
C03969,1,7,2016-07-05 01:27:53,2016-08-16 15:24:55
C03970,1,2,2016-08-21 01:37:48,2016-09-02 23:31:47
C03971,1,1,2016-08-07 17:24:53,2016-08-07 17:24:53
C03972,1,46,2016-07-05 20:53:39,2016-12-28 21:47:19
C03973,1,1,2016-08-05 16:58:11,2016-08-05 16:58:11
C03974,1,21,2016-07-12 14:32:59,2016-12-10 13:59:50
C03975,1,14,2016-07-16 23:22:37,2016-10-25 22:10:08
C03976,1,4,2016-07-25 19:29:55,2016-09-13 01:13:53
C03977,2,87,2016-07-05 01:59:07,2016-12-20 16:27:57
C03978,1,2,2016-09-21 17:55:29,2016-09-22 05:14:42
C03979,1,13,2016-07-14 15:32:04,2016-12-14 18:50:24
C03980,1,34,2016-07-09 06:15:22,2016-12-30 21:13:07
C03981,1,12,2016-07-09 15:21:36,2016-12-25 16:15:46
C03982,1,1,2016-08-07 19:29:24,2016-08-07 19:29:24
C03983,1,18,2016-09-22 19:51:30,2016-12-30 18:02:43
C03984,1,3,2016-08-20 18:03:15,2016-10-22 17:32:02
C03985,1,3,2016-10-02 19:02:15,2016-12-12 21:33:37
C03986,1,23,2016-07-07 16:39:25,2016-12-13 00:26:17
C03987,1,1,2016-12-29 16:11:19,2016-12-29 16:11:19
C03988,1,2,2016-07-27 16:36:30,2016-09-25 22:18:26
C03989,1,1,2016-08-06 01:42:26,2016-08-06 01:42:26
C03990,1,29,2016-07-08 21:49:04,2016-12-29 13:43:56
C03991,1,47,2016-07-09 20:29:41,2016-12-25 19:30:09
C03992,2,228,2016-07-06 16:44:30,2016-12-29 18:33:11
C03993,1,2,2016-11-03 17:56:08,2016-12-15 13:30:27
C03994,1,2,2016-10-15 00:39:17,2016-11-30 02:29:52
C03995,1,3,2016-07-31 16:24:40,2016-11-16 18:23:47
C03996,1,1,2016-07-13 15:15:32,2016-07-13 15:15:32
C03997,1,8,2016-08-23 17:48:40,2016-12-31 19:52:27
C03998,1,1,2016-08-13 22:11:30,2016-08-13 22:11:30
C03999,1,105,2016-07-04 03:23:34,2016-12-31 13:27:09
C04000,1,4,2016-07-15 17:01:31,2016-12-02 19:35:12
C04001,1,1,2016-07-26 01:04:50,2016-07-26 01:04:50
C04002,1,5,2016-08-10 21:32:49,2016-10-03 21:35:41
C04003,1,1,2016-08-05 18:09:20,2016-08-05 18:09:20
C04004,1,34,2016-07-03 04:26:37,2016-12-26 15:01:09
C04005,1,2,2016-10-30 19:31:37,2016-11-20 16:55:05
C04006,1,3,2016-07-28 14:54:08,2016-10-20 16:10:00
C04007,1,153,2016-07-03 04:16:19,2016-12-31 00:07:41
C04008,1,3,2016-10-04 18:57:01,2016-11-18 18:13:53
C04009,1,2,2016-07-27 00:48:32,2016-12-01 16:05:29
C04010,1,19,2016-07-18 15:01:19,2016-12-18 17:55:55
C04011,1,1,2016-12-14 19:55:56,2016-12-14 19:55:56
C04012,1,1,2016-10-03 16:11:15,2016-10-03 16:11:15
C04013,1,7,2016-07-23 01:41:50,2016-12-12 15:15:06
C04014,1,3,2016-07-23 07:45:30,2016-08-04 20:32:30
C04015,1,30,2016-08-01 14:21:16,2016-12-13 16:21:13
C04016,1,46,2016-07-03 10:14:27,2016-12-26 14:53:52
C04017,1,3,2016-07-10 21:06:41,2016-11-14 19:23:15
C04018,1,2,2016-11-05 22:27:07,2016-11-05 22:39:52
C04019,1,1,2016-07-30 18:12:53,2016-07-30 18:12:53
C04020,1,1,2016-07-13 16:40:46,2016-07-13 16:40:46
C04021,1,11,2016-08-04 15:16:26,2016-12-26 20:42:51
C04022,1,2,2016-08-12 21:54:49,2016-08-12 22:11:00
C04023,1,1,2016-10-07 20:20:12,2016-10-07 20:20:12
C04024,2,114,2016-07-06 18:40:16,2016-12-31 14:59:21
C04025,1,4,2016-07-03 00:09:32,2016-08-06 22:51:29
C04026,1,232,2016-07-02 13:37:02,2016-12-28 12:49:41
C04027,1,1,2016-07-22 14:10:48,2016-07-22 14:10:48
C04028,1,4,2016-07-18 03:38:01,2016-12-10 12:26:24
C04029,1,20,2016-07-07 22:28:14,2016-12-21 15:10:30
C04030,1,2,2016-07-03 00:50:04,2016-11-19 21:28:02
C04031,1,3,2016-09-21 18:34:13,2016-12-08 17:20:42
C04032,1,6,2016-07-22 16:05:40,2016-11-30 20:36:59
C04033,2,102,2016-07-09 22:45:39,2016-12-27 17:53:50
C04034,2,894,2016-07-02 04:16:27,2016-12-30 22:09:53
C04035,1,3,2016-07-13 22:42:00,2016-12-13 14:01:30
C04036,1,1,2016-08-10 22:23:07,2016-08-10 22:23:07
C04037,1,2,2016-09-21 03:50:47,2016-10-28 20:13:20
C04038,2,41,2016-07-03 18:14:07,2016-12-26 00:58:17
C04039,1,3,2016-09-18 17:15:51,2016-12-25 20:23:04
C04040,1,16,2016-07-17 21:20:13,2016-12-17 14:47:34
C04041,1,1,2016-07-21 05:52:16,2016-07-21 05:52:16
C04042,1,1,2016-07-25 16:56:01,2016-07-25 16:56:01
C04043,1,8,2016-07-21 17:19:26,2016-11-21 21:35:54
C04044,1,11,2016-07-05 14:16:33,2016-12-07 05:47:12
C04045,1,1,2016-10-14 18:51:48,2016-10-14 18:51:48
C04046,2,1112,2016-07-06 14:10:29,2016-12-31 21:23:20
C04047,1,2,2016-11-23 00:45:01,2016-12-31 21:02:06
C04048,1,1,2016-07-15 16:23:09,2016-07-15 16:23:09
C04049,1,1,2016-11-26 15:04:37,2016-11-26 15:04:37
C04050,1,1,2016-08-18 17:17:48,2016-08-18 17:17:48
C04051,1,10,2016-07-28 03:35:20,2016-08-09 20:01:18
C04052,1,1,2016-07-28 02:41:55,2016-07-28 02:41:55
C04053,1,1,2016-10-04 18:12:19,2016-10-04 18:12:19
C04054,1,2,2016-11-05 16:36:38,2016-12-26 22:12:27
C04055,1,24,2016-07-08 01:33:13,2016-12-20 17:09:24
C04056,1,7,2016-07-18 20:17:40,2016-10-12 23:50:21
C04057,1,2,2016-12-17 17:14:24,2016-12-17 17:33:09
C04058,1,67,2016-07-04 00:01:18,2016-12-21 04:30:37
C04059,1,9,2016-07-23 00:23:14,2016-11-01 16:16:04
C04060,1,10,2016-07-04 21:03:27,2016-12-14 20:13:11
C04061,1,2,2016-09-18 18:08:34,2016-12-19 16:08:36
C04062,1,74,2016-07-02 17:50:10,2016-12-27 18:39:30
C04063,1,1,2016-07-28 20:03:33,2016-07-28 20:03:33
C04064,1,1,2016-09-07 00:20:58,2016-09-07 00:20:58
C04065,1,2,2016-08-19 16:58:55,2016-08-19 17:42:28
C04066,1,8,2016-07-08 23:04:27,2016-09-03 03:07:58
C04067,1,3,2016-09-20 16:31:45,2016-11-06 22:52:44
C04068,1,152,2016-07-06 17:27:02,2016-12-31 20:24:57
C04069,1,1,2016-10-17 20:17:36,2016-10-17 20:17:36
C04070,1,4,2016-07-28 18:09:15,2016-12-09 16:13:33
C04071,1,4,2016-07-24 01:33:48,2016-08-15 22:08:23
C04072,2,168,2016-07-03 14:38:46,2016-12-26 21:05:55
C04073,1,29,2016-07-14 15:18:49,2016-12-20 01:56:37
C04074,1,19,2016-07-24 12:20:55,2016-12-18 12:31:19
C04075,1,7,2016-07-02 23:50:51,2016-12-29 06:40:59
C04076,1,2,2016-07-13 23:36:41,2016-10-06 23:04:16
C04077,1,31,2016-07-08 17:50:53,2016-12-15 01:51:25
C04078,1,9,2016-07-03 13:16:18,2016-12-24 20:55:07
C04079,1,1,2016-11-11 20:54:57,2016-11-11 20:54:57
C04080,1,94,2016-07-19 14:57:58,2016-12-31 22:12:52
C04081,1,47,2016-07-13 22:43:30,2016-12-15 20:31:39
C04082,1,2,2016-09-28 20:16:09,2016-12-29 21:01:22
C04083,1,8,2016-07-03 00:22:18,2016-12-19 19:12:21
C04084,1,10,2016-07-05 21:40:44,2016-12-16 18:06:30
C04085,1,95,2016-07-04 21:05:48,2016-12-28 20:46:36
C04086,1,1,2016-07-17 18:51:01,2016-07-17 18:51:01
C04087,1,1,2016-10-02 17:39:28,2016-10-02 17:39:28
C04088,1,2,2016-09-03 20:55:39,2016-10-20 00:19:38
C04089,1,12,2016-07-05 16:17:34,2016-12-21 17:54:00
C04090,1,1,2016-12-07 11:18:15,2016-12-07 11:18:15
C04091,1,1,2016-12-12 23:26:45,2016-12-12 23:26:45
C04092,1,3,2016-07-31 19:50:43,2016-10-22 17:38:25
C04093,1,3,2016-07-31 15:32:39,2016-08-26 13:35:35
C04094,1,3,2016-12-14 19:11:20,2016-12-14 19:21:48
C04095,1,31,2016-07-06 02:21:51,2016-12-26 22:24:54
C04096,2,231,2016-07-03 15:48:09,2016-12-29 23:33:24
C04097,1,13,2016-07-22 23:38:22,2016-12-17 01:08:30
C04098,1,9,2016-07-09 01:51:19,2016-12-27 00:13:49
C04099,1,2,2016-10-07 18:32:24,2016-11-09 01:31:34
C04100,1,12,2016-09-06 20:25:35,2016-09-07 15:45:40
C04101,1,5,2016-07-20 11:22:34,2016-11-08 12:19:23
C04102,1,2,2016-07-10 14:49:19,2016-07-20 15:44:18
C04103,1,10,2016-07-17 16:38:30,2016-12-31 20:02:14
C04104,1,2,2016-07-18 05:24:03,2016-07-18 05:25:39
C04105,2,1461,2016-07-02 00:55:42,2016-12-29 23:36:42
C04106,1,1,2016-08-22 00:47:07,2016-08-22 00:47:07
C04107,1,7,2016-07-13 00:19:11,2016-12-06 21:25:32
C04108,2,2506,2016-07-02 00:40:12,2016-12-28 22:47:22
C04109,1,3,2016-08-13 18:28:11,2016-09-22 22:52:57
C04110,1,1,2016-10-05 00:11:22,2016-10-05 00:11:22
C04111,1,1,2016-07-16 21:59:29,2016-07-16 21:59:29
C04112,1,6,2016-07-02 19:25:05,2016-12-26 17:28:55
C04113,1,1,2016-11-27 13:24:16,2016-11-27 13:24:16
C04114,1,1,2016-12-04 19:50:56,2016-12-04 19:50:56
C04115,1,8,2016-07-15 15:59:23,2016-10-09 05:27:54
C04116,1,1,2016-10-14 11:16:44,2016-10-14 11:16:44
C04117,2,224,2016-07-06 17:25:49,2016-12-31 20:39:58
C04118,2,487,2016-07-02 19:10:43,2016-12-30 19:50:28
C04119,1,1,2016-09-05 07:19:55,2016-09-05 07:19:55
C04120,1,7,2016-07-16 23:13:58,2016-12-30 11:39:14
C04121,1,9,2016-07-25 06:58:10,2016-12-09 20:04:38
C04122,1,1,2016-07-26 20:28:53,2016-07-26 20:28:53
C04123,1,2,2016-07-25 23:44:56,2016-10-09 19:24:37
C04124,1,38,2016-07-08 02:21:52,2016-12-31 19:27:19
C04125,2,14162,2016-07-05 00:24:58,2016-12-31 23:52:39
C04126,1,10,2016-07-30 01:03:15,2016-12-30 18:53:02
C04127,1,14,2016-07-04 16:45:29,2016-10-30 08:46:45
C04128,1,8,2016-07-26 03:32:30,2016-12-30 23:49:24
C04129,1,3,2016-07-20 20:16:39,2016-09-30 19:43:24
C04130,1,2,2016-07-14 18:40:12,2016-07-23 19:57:55
C04131,2,2,2016-07-10 00:28:12,2016-10-04 04:02:13
C04132,1,1,2016-10-30 11:51:23,2016-10-30 11:51:23
C04133,1,3,2016-07-24 22:29:53,2016-11-28 22:35:29
C04134,1,68,2016-07-04 16:13:30,2016-12-31 18:38:52
C04135,1,15,2016-07-15 22:25:06,2016-12-29 19:31:16
C04136,1,1,2016-11-09 01:55:28,2016-11-09 01:55:28
C04137,1,1,2016-12-23 21:18:02,2016-12-23 21:18:02
C04138,1,1,2016-09-14 21:19:31,2016-09-14 21:19:31
C04139,1,3,2016-11-03 17:28:18,2016-11-03 17:53:15
C04140,1,2,2016-09-20 17:13:55,2016-10-04 01:29:00
C04141,1,4,2016-07-21 16:26:06,2016-12-09 18:49:24
C04142,2,14,2016-07-07 16:05:18,2016-12-29 17:13:33
C04143,1,7,2016-07-22 19:01:59,2016-11-30 17:34:54
C04144,1,8,2016-07-30 21:42:42,2016-12-08 04:23:31
C04145,1,2,2016-07-06 22:12:22,2016-10-19 18:14:21
C04146,1,213,2016-07-04 17:56:23,2016-12-31 13:53:22
C04147,1,2,2016-08-30 22:23:29,2016-11-15 19:32:39
C04148,1,5,2016-10-19 01:13:54,2016-10-19 13:49:20
C04149,1,2,2016-07-29 02:15:58,2016-12-29 03:09:54
C04150,1,37,2016-07-06 03:02:13,2016-12-16 21:15:38
C04151,1,4,2016-07-23 03:26:15,2016-12-15 17:45:28
C04152,1,22,2016-07-05 02:56:17,2016-12-27 15:29:39
C04153,1,2,2016-08-19 18:42:07,2016-10-16 19:52:11
C04154,1,74,2016-07-05 00:06:00,2016-12-17 12:27:32
C04155,1,1,2016-10-18 21:01:59,2016-10-18 21:01:59
C04156,1,7,2016-07-22 13:18:28,2016-10-04 00:32:13
C04157,1,16,2016-07-02 21:02:46,2016-12-04 17:48:12
C04158,1,7,2016-10-03 03:43:30,2016-12-14 19:50:36
C04159,1,2,2016-09-10 15:20:57,2016-09-11 19:00:17
C04160,1,10,2016-07-09 19:36:17,2016-11-17 02:27:58
C04161,1,18,2016-07-13 02:00:47,2016-12-27 18:20:21
C04162,1,3,2016-07-07 21:23:49,2016-09-06 21:18:12
C04163,1,1,2016-11-10 21:17:56,2016-11-10 21:17:56
C04164,1,7,2016-07-06 19:39:15,2016-12-08 16:36:53
C04165,1,1,2016-12-16 22:31:53,2016-12-16 22:31:53
C04166,1,33,2016-07-08 20:32:39,2016-12-24 14:46:06
C04167,1,6,2016-07-18 23:19:22,2016-12-11 16:07:39
C04168,1,2,2016-09-04 19:01:40,2016-09-04 19:25:48
C04169,1,1,2016-07-21 18:20:40,2016-07-21 18:20:40
C04170,1,13,2016-07-08 18:28:16,2016-12-02 18:25:51
C04171,1,2,2016-10-20 00:16:07,2016-10-20 01:21:35
C04172,2,214,2016-07-08 05:12:25,2016-12-31 22:41:16
C04173,1,7,2016-07-13 03:00:18,2016-12-09 21:35:37
C04174,1,4,2016-07-23 02:31:57,2016-10-05 21:44:10
C04175,1,1,2016-07-30 16:23:38,2016-07-30 16:23:38
C04176,1,10,2016-07-09 15:23:17,2016-11-04 13:48:22
C04177,1,3,2016-08-16 00:44:44,2016-12-26 22:21:35
C04178,1,5,2016-07-17 23:12:12,2016-11-21 00:27:33
C04179,1,1,2016-12-14 15:38:23,2016-12-14 15:38:23
C04180,1,1,2016-09-07 18:28:17,2016-09-07 18:28:17
C04181,1,9,2016-07-12 19:20:40,2016-10-19 19:36:01
C04182,1,6,2016-08-21 20:50:45,2016-12-04 14:35:48
C04183,1,6,2016-12-04 16:11:07,2016-12-18 20:40:34
C04184,1,10,2016-07-06 23:39:57,2016-10-30 18:13:07
C04185,2,162,2016-07-04 14:43:05,2016-12-30 14:04:04
C04186,1,11,2016-07-03 01:33:24,2016-12-17 22:05:24
C04187,1,9,2016-10-27 07:33:31,2016-12-22 17:57:27
C04188,1,20,2016-07-29 16:47:15,2016-11-29 20:11:15
C04189,1,1,2016-10-20 08:42:44,2016-10-20 08:42:44
C04190,1,15,2016-07-12 19:20:47,2016-12-31 22:38:51
C04191,1,1,2016-12-01 14:13:16,2016-12-01 14:13:16
C04192,1,2,2016-12-05 13:34:25,2016-12-11 20:39:36
C04193,1,4,2016-07-05 21:37:31,2016-12-03 16:46:01
C04194,1,11,2016-07-15 16:28:45,2016-12-21 15:00:04
C04195,1,2,2016-07-09 14:40:19,2016-10-09 19:07:36
C04196,2,344,2016-07-05 20:45:17,2016-12-31 20:57:13
C04197,1,3,2016-07-31 15:40:30,2016-12-28 14:50:48
C04198,1,1,2016-12-14 21:28:02,2016-12-14 21:28:02
C04199,1,5,2016-07-30 19:24:57,2016-08-22 22:02:15
C04200,1,12,2016-08-05 00:41:17,2016-12-15 03:54:04
C04201,1,25,2016-07-05 00:28:05,2016-12-27 14:43:38
C04202,1,40,2016-07-21 15:58:15,2016-12-31 17:57:48
C04203,1,2,2016-09-22 18:57:59,2016-12-15 01:12:04
C04204,1,5,2016-09-29 20:27:42,2016-10-04 16:04:37
C04205,1,14,2016-07-06 17:14:52,2016-12-13 17:04:24
C04206,1,1,2016-12-21 12:56:55,2016-12-21 12:56:55
C04207,1,5,2016-07-08 15:24:46,2016-11-24 20:03:14
C04208,1,3,2016-07-24 17:52:57,2016-09-14 17:45:41
C04209,1,3,2016-11-08 01:33:59,2016-12-20 01:52:58
C04210,1,1,2016-09-04 09:23:06,2016-09-04 09:23:06
C04211,1,11,2016-07-05 18:23:51,2016-11-01 12:34:11
C04212,1,11,2016-09-30 23:34:27,2016-10-23 17:35:52
C04213,1,1,2016-07-20 02:05:45,2016-07-20 02:05:45
C04214,1,3,2016-09-10 02:18:20,2016-10-28 06:35:57
C04215,1,1,2016-08-01 03:11:08,2016-08-01 03:11:08
C04216,1,1,2016-11-06 01:12:24,2016-11-06 01:12:24
C04217,1,1,2016-10-28 21:10:06,2016-10-28 21:10:06
C04218,1,2,2016-07-28 16:53:02,2016-12-15 15:08:32
C04219,1,2,2016-10-14 18:34:23,2016-10-14 18:34:36
C04220,1,5,2016-07-22 14:51:05,2016-11-21 21:20:57
C04221,1,1,2016-10-25 20:41:08,2016-10-25 20:41:08
C04222,1,20,2016-07-05 20:13:58,2016-12-30 11:28:20
C04223,1,1,2016-09-22 12:01:26,2016-09-22 12:01:26
C04224,1,11,2016-07-11 20:15:31,2016-12-20 00:49:36
C04225,1,3,2016-07-23 13:16:31,2016-11-23 10:36:31
C04226,1,1,2016-08-12 06:14:31,2016-08-12 06:14:31
C04227,1,1,2016-11-01 18:57:01,2016-11-01 18:57:01
C04228,1,7,2016-07-13 15:06:16,2016-09-09 15:05:58
C04229,2,6,2016-09-28 23:47:49,2016-12-24 15:36:27
C04230,1,9,2016-07-14 19:28:27,2016-11-15 00:30:02
C04231,1,4,2016-09-29 01:57:29,2016-12-09 20:57:26
C04232,1,1,2016-12-13 02:50:58,2016-12-13 02:50:58
C04233,1,1,2016-10-31 13:59:32,2016-10-31 13:59:32
C04234,1,2,2016-07-11 13:46:50,2016-09-18 16:58:36
C04235,1,3,2016-07-24 02:38:00,2016-10-04 23:54:23
C04236,1,11,2016-07-22 14:27:50,2016-11-08 18:04:26
C04237,1,1,2016-07-04 18:20:55,2016-07-04 18:20:55
C04238,1,2,2016-07-15 20:33:45,2016-07-28 19:39:57
C04239,1,2,2016-09-22 01:05:41,2016-09-22 01:20:46
C04240,1,1,2016-08-25 01:25:04,2016-08-25 01:25:04
C04241,1,118,2016-07-06 01:51:53,2016-12-31 23:32:47
C04242,1,5,2016-07-08 00:07:27,2016-12-23 19:28:19
C04243,1,3,2016-07-23 23:21:15,2016-09-06 22:05:05
C04244,1,207,2016-07-06 12:48:47,2016-12-31 22:41:10
C04245,1,11,2016-07-25 23:42:30,2016-12-21 18:53:52
C04246,1,1,2016-11-03 05:02:48,2016-11-03 05:02:48
C04247,1,1,2016-07-19 18:12:28,2016-07-19 18:12:28
C04248,2,234,2016-07-02 21:07:28,2016-12-28 03:42:42
C04249,1,14,2016-07-05 18:01:31,2016-12-17 17:36:45
C04250,1,1,2016-09-16 20:15:25,2016-09-16 20:15:25
C04251,1,33,2016-07-23 22:18:42,2016-12-26 02:02:57
C04252,1,18,2016-07-09 01:57:46,2016-12-09 15:52:59
C04253,1,12,2016-08-04 20:16:29,2016-09-16 19:56:02
C04254,1,1,2016-11-05 21:12:18,2016-11-05 21:12:18
C04255,1,20,2016-07-05 19:34:45,2016-12-25 21:12:02
C04256,1,1,2016-09-28 02:06:51,2016-09-28 02:06:51
C04257,1,1,2016-09-26 00:25:55,2016-09-26 00:25:55
C04258,1,70,2016-07-11 13:05:00,2016-12-21 19:44:48
C04259,1,23,2016-07-13 22:12:42,2016-12-31 21:46:13
C04260,1,10,2016-07-07 16:08:28,2016-09-09 14:24:28
C04261,1,39,2016-07-05 19:49:41,2016-12-27 21:06:14
C04262,1,1,2016-07-04 03:14:06,2016-07-04 03:14:06
C04263,1,58,2016-07-05 18:29:36,2016-12-21 12:12:30
C04264,1,124,2016-07-05 17:22:13,2016-12-30 20:39:14
C04265,1,10,2016-07-03 16:08:36,2016-12-18 03:42:52
C04266,1,16,2016-07-22 02:43:45,2016-12-23 21:53:28
C04267,1,26,2016-07-04 20:29:12,2016-12-12 01:03:16
C04268,1,3,2016-08-17 05:17:04,2016-08-25 20:20:26
C04269,1,34,2016-07-07 18:59:01,2016-12-07 15:59:40
C04270,1,1,2016-07-31 23:19:40,2016-07-31 23:19:40
C04271,1,2,2016-07-25 02:40:06,2016-11-12 23:28:41
C04272,1,25,2016-07-07 14:59:01,2016-12-29 11:23:55
C04273,1,1,2016-07-25 00:43:32,2016-07-25 00:43:32
C04274,1,41,2016-07-03 22:19:08,2016-12-22 20:58:07
C04275,1,2,2016-08-30 03:42:56,2016-09-30 02:37:19
C04276,2,13,2016-07-12 22:38:52,2016-12-08 13:36:45
C04277,1,7,2016-07-14 13:52:20,2016-11-10 18:59:41
C04278,1,75,2016-07-03 14:33:54,2016-12-31 18:35:18
C04279,1,3,2016-07-15 19:23:00,2016-10-23 12:07:42
C04280,1,11,2016-07-18 01:18:56,2016-11-01 02:22:02
C04281,1,2,2016-07-02 22:56:29,2016-07-24 20:08:46
C04282,1,47,2016-07-04 00:39:52,2016-11-17 17:06:01
C04283,1,75,2016-07-05 19:05:29,2016-12-29 19:27:30
C04284,1,2,2016-09-27 23:34:05,2016-12-18 13:14:19
C04285,1,209,2016-07-02 19:33:35,2016-12-30 21:09:49
C04286,1,1,2016-08-10 19:15:00,2016-08-10 19:15:00
C04287,1,1,2016-10-07 14:22:57,2016-10-07 14:22:57
C04288,1,12,2016-07-03 00:36:29,2016-10-04 17:40:16
C04289,1,1,2016-08-20 16:46:08,2016-08-20 16:46:08
C04290,1,1,2016-07-07 20:13:39,2016-07-07 20:13:39
C04291,1,17,2016-07-21 17:21:36,2016-12-12 17:11:05
C04292,1,2,2016-07-23 19:47:51,2016-09-04 19:56:16
C04293,1,1,2016-08-08 21:19:21,2016-08-08 21:19:21
C04294,1,128,2016-07-05 23:05:29,2016-12-31 17:45:12
C04295,1,4,2016-07-20 00:38:59,2016-11-18 17:01:51
C04296,1,42,2016-07-03 15:16:15,2016-12-29 14:12:32
C04297,1,1,2016-08-03 08:31:19,2016-08-03 08:31:19
C04298,1,1,2016-10-10 15:58:50,2016-10-10 15:58:50
C04299,1,3,2016-07-17 00:24:07,2016-12-11 15:23:48
C04300,1,68,2016-07-10 03:54:05,2016-12-30 13:59:36
C04301,1,115,2016-07-04 17:43:24,2016-12-29 00:50:49
C04302,1,3,2016-09-26 00:55:57,2016-10-25 21:04:11
C04303,1,3,2016-10-17 18:24:46,2016-12-06 01:55:56
C04304,1,1,2016-09-20 19:23:48,2016-09-20 19:23:48
C04305,1,8,2016-07-03 09:30:11,2016-12-12 16:14:07
C04306,1,155,2016-07-06 02:55:37,2016-12-31 18:04:46
C04307,1,11,2016-07-12 18:46:46,2016-11-27 22:31:55
C04308,1,15,2016-07-14 20:48:12,2016-12-22 12:44:24
C04309,2,6,2016-11-03 05:26:58,2016-12-11 00:38:47
C04310,1,4,2016-07-17 04:55:16,2016-11-14 16:44:54
C04311,1,43,2016-07-05 00:38:07,2016-12-27 12:58:45
C04312,1,3,2016-08-28 18:28:19,2016-11-28 00:59:58
C04313,1,92,2016-07-02 05:03:47,2016-12-22 22:40:39
C04314,1,1,2016-09-19 03:18:54,2016-09-19 03:18:54
C04315,1,1,2016-08-19 00:28:57,2016-08-19 00:28:57
C04316,1,19,2016-07-05 19:06:36,2016-12-18 15:46:05
C04317,1,41,2016-07-07 20:47:57,2016-12-31 17:52:09
C04318,1,22,2016-07-14 22:36:12,2016-12-18 03:16:14
C04319,1,2,2016-09-07 14:22:19,2016-10-09 03:44:14
C04320,1,8,2016-07-05 23:52:38,2016-08-15 18:13:40
C04321,1,1,2016-11-01 16:40:06,2016-11-01 16:40:06
C04322,1,2,2016-07-08 23:10:08,2016-07-31 19:11:40
C04323,1,1,2016-10-24 05:55:51,2016-10-24 05:55:51
C04324,1,11,2016-07-31 20:43:21,2016-11-06 18:49:25
C04325,1,1,2016-12-03 01:48:20,2016-12-03 01:48:20
C04326,1,3,2016-07-10 23:47:11,2016-10-07 00:59:57
C04327,1,5,2016-07-18 19:39:58,2016-12-18 17:53:52
C04328,1,16,2016-07-23 00:20:57,2016-11-20 17:52:15
C04329,1,16,2016-07-17 16:32:51,2016-12-17 18:04:29
C04330,1,4,2016-07-19 17:04:28,2016-09-14 00:07:13
C04331,1,1,2016-10-05 22:15:52,2016-10-05 22:15:52
C04332,1,4,2016-07-25 20:15:56,2016-12-06 14:28:29
C04333,1,5,2016-07-26 16:25:18,2016-12-16 13:20:14
C04334,1,2,2016-07-17 13:16:42,2016-07-21 00:26:23
C04335,1,1,2016-07-30 16:49:23,2016-07-30 16:49:23
C04336,1,7,2016-08-04 16:06:00,2016-12-28 17:36:23
C04337,1,2,2016-08-23 20:36:02,2016-11-24 17:08:13
C04338,1,2,2016-09-02 23:27:15,2016-09-03 00:23:40
C04339,1,8,2016-07-08 16:04:00,2016-12-24 21:57:11
C04340,1,1,2016-07-17 18:35:16,2016-07-17 18:35:16
C04341,1,1,2016-10-12 04:53:45,2016-10-12 04:53:45
C04342,1,5,2016-07-24 01:57:43,2016-12-30 05:13:08
C04343,1,3,2016-07-09 23:28:20,2016-12-14 22:43:20
C04344,1,8,2016-08-08 21:17:39,2016-12-10 17:51:42
C04345,1,4,2016-09-29 22:45:05,2016-10-16 19:23:49
C04346,2,155,2016-07-03 10:22:30,2016-12-28 18:35:32
C04347,1,4,2016-08-30 06:25:52,2016-12-10 23:56:50
C04348,1,55,2016-07-06 19:03:53,2016-12-31 00:37:15
C04349,1,1,2016-12-23 23:50:22,2016-12-23 23:50:22
C04350,1,6,2016-07-21 20:07:19,2016-12-01 23:38:31
C04351,1,1,2016-09-23 04:23:16,2016-09-23 04:23:16
C04352,1,209,2016-07-02 20:39:21,2016-12-28 00:15:24
C04353,1,3,2016-08-10 00:26:53,2016-12-10 20:49:03
C04354,1,1,2016-08-18 00:22:30,2016-08-18 00:22:30
C04355,1,8,2016-07-07 13:52:22,2016-12-14 21:30:10
C04356,1,12,2016-07-08 22:43:41,2016-12-12 23:06:04
C04357,1,14,2016-07-07 02:18:18,2016-12-09 14:11:45
C04358,1,3,2016-07-03 22:12:05,2016-12-04 20:51:19
C04359,2,15,2016-07-11 13:58:31,2016-12-29 01:42:07
C04360,1,4,2016-07-09 02:45:12,2016-11-18 21:50:31
C04361,2,340,2016-07-02 02:34:17,2016-12-27 22:25:25
C04362,1,7,2016-07-29 02:31:51,2016-10-24 14:52:02
C04363,1,1,2016-08-16 03:11:10,2016-08-16 03:11:10
C04364,1,1,2016-10-28 05:42:47,2016-10-28 05:42:47
C04365,1,1,2016-12-06 17:40:43,2016-12-06 17:40:43
C04366,1,10,2016-07-08 23:57:06,2016-12-13 22:31:30
C04367,1,14,2016-07-13 02:48:04,2016-12-28 19:56:43
C04368,1,4,2016-08-18 18:42:46,2016-09-01 04:26:37
C04369,1,8,2016-07-04 02:30:39,2016-12-29 20:12:27
C04370,1,1,2016-08-25 00:15:42,2016-08-25 00:15:42
C04371,1,2,2016-07-24 22:26:00,2016-07-26 15:16:29
C04372,1,4,2016-10-10 22:25:43,2016-12-26 23:46:59
C04373,1,1,2016-11-08 17:38:05,2016-11-08 17:38:05
C04374,1,1,2016-10-13 16:33:17,2016-10-13 16:33:17
C04375,1,1,2016-07-19 21:12:50,2016-07-19 21:12:50
C04376,1,1,2016-07-23 18:06:25,2016-07-23 18:06:25
C04377,1,1,2016-08-07 20:47:30,2016-08-07 20:47:30
C04378,1,1,2016-07-14 18:17:52,2016-07-14 18:17:52
C04379,1,2,2016-07-22 17:28:55,2016-11-26 16:23:20
C04380,1,8,2016-07-24 15:36:33,2016-12-25 03:30:28
C04381,1,7,2016-07-10 19:52:36,2016-12-30 23:49:17
C04382,1,3,2016-07-23 14:06:53,2016-10-22 23:27:54
C04383,1,23,2016-07-02 13:15:40,2016-12-08 18:33:09
C04384,1,22,2016-07-17 00:00:12,2016-12-29 23:24:05
C04385,1,1,2016-12-10 22:17:27,2016-12-10 22:17:27
C04386,1,213,2016-07-07 00:17:47,2016-12-31 21:19:30
C04387,1,1,2016-07-21 22:35:22,2016-07-21 22:35:22
C04388,1,3,2016-09-27 22:40:19,2016-11-28 17:33:14
C04389,1,2,2016-11-17 14:17:30,2016-11-17 14:17:42
C04390,1,1,2016-10-19 17:13:57,2016-10-19 17:13:57
C04391,1,17,2016-07-05 23:37:56,2016-12-11 00:04:21
C04392,1,1,2016-07-03 20:16:11,2016-07-03 20:16:11
C04393,1,178,2016-07-03 03:32:52,2016-12-25 21:00:20
C04394,1,2,2016-07-08 01:09:44,2016-07-08 01:31:53
C04395,1,4,2016-07-09 16:09:27,2016-12-17 13:30:39
C04396,1,1,2016-08-30 19:28:24,2016-08-30 19:28:24
C04397,1,3,2016-07-07 22:16:11,2016-12-16 17:40:38
C04398,1,1,2016-09-21 09:36:55,2016-09-21 09:36:55
C04399,1,1,2016-12-04 23:24:56,2016-12-04 23:24:56
C04400,1,13,2016-07-04 19:57:12,2016-12-04 21:43:59
C04401,1,4,2016-07-12 16:10:33,2016-12-04 12:26:10
C04402,1,17,2016-07-19 00:05:24,2016-12-27 18:56:17
C04403,1,7,2016-07-13 13:34:40,2016-12-09 19:33:48
C04404,1,1,2016-07-15 17:00:38,2016-07-15 17:00:38
C04405,1,2,2016-07-15 21:06:24,2016-10-15 17:21:28
C04406,1,22,2016-07-03 04:57:31,2016-12-27 12:12:24
C04407,1,13,2016-07-04 20:36:42,2016-12-23 14:01:29
C04408,1,15,2016-07-02 18:53:32,2016-12-28 21:15:58
C04409,1,18,2016-07-20 20:21:02,2016-12-21 15:55:38
C04410,1,7,2016-07-17 22:43:12,2016-11-23 19:17:25
C04411,1,21,2016-07-20 05:26:21,2016-12-31 12:57:37
C04412,1,2,2016-11-03 22:17:42,2016-12-17 02:27:33
C04413,1,16,2016-07-05 18:59:44,2016-11-01 18:38:07
C04414,1,9,2016-07-03 20:53:32,2016-11-17 19:28:51
C04415,1,26,2016-07-04 15:38:42,2016-12-23 15:52:29
C04416,1,3,2016-08-18 16:27:57,2016-12-30 17:33:29
C04417,1,1,2016-09-14 05:30:46,2016-09-14 05:30:46
C04418,1,16,2016-08-03 12:15:39,2016-11-19 13:55:27
C04419,1,10,2016-07-24 19:59:51,2016-12-11 01:23:43
C04420,1,1,2016-12-23 14:13:38,2016-12-23 14:13:38
C04421,1,36,2016-07-03 15:18:00,2016-12-18 23:58:34
C04422,1,2,2016-07-08 23:18:20,2016-12-12 20:17:41
C04423,1,6,2016-07-08 01:25:15,2016-12-31 21:59:31
C04424,1,13,2016-07-07 21:57:41,2016-12-11 13:48:37
C04425,1,36,2016-07-03 20:38:11,2016-12-27 22:22:04
C04426,1,2,2016-07-13 17:26:49,2016-08-06 14:22:47
C04427,1,1,2016-07-26 00:09:09,2016-07-26 00:09:09
C04428,1,2,2016-07-23 17:16:52,2016-07-25 16:59:45
C04429,1,1,2016-08-09 18:31:11,2016-08-09 18:31:11
C04430,1,3,2016-08-25 03:28:24,2016-11-17 15:42:31
C04431,1,3,2016-09-16 02:22:29,2016-09-23 16:23:47
C04432,1,2,2016-07-23 21:34:29,2016-10-03 22:55:34
C04433,1,2,2016-07-31 06:55:55,2016-07-31 07:01:24
C04434,1,38,2016-07-03 01:17:39,2016-12-27 01:30:17
C04435,1,15,2016-07-16 00:14:37,2016-12-31 18:24:39
C04436,1,19,2016-07-03 13:45:48,2016-12-29 20:25:48
C04437,1,17,2016-07-21 16:44:00,2016-12-30 17:31:44
C04438,2,29,2016-07-06 20:00:05,2016-12-15 01:46:07
C04439,1,2,2016-07-15 20:24:03,2016-07-29 17:22:13
C04440,1,7,2016-07-07 22:01:10,2016-12-30 17:31:38
C04441,1,1,2016-12-22 01:45:05,2016-12-22 01:45:05
C04442,1,3,2016-08-01 18:06:00,2016-11-25 01:42:48
C04443,1,1,2016-08-13 02:29:17,2016-08-13 02:29:17
C04444,1,2,2016-08-03 19:09:24,2016-09-01 15:34:11
C04445,1,1,2016-12-10 15:04:57,2016-12-10 15:04:57
C04446,1,39,2016-07-08 03:31:13,2016-12-30 20:46:54
C04447,1,2,2016-12-09 00:16:55,2016-12-09 00:23:50
C04448,1,1,2016-08-10 00:42:42,2016-08-10 00:42:42
C04449,1,2,2016-07-20 01:47:04,2016-11-25 22:47:40
C04450,1,1,2016-09-01 00:02:07,2016-09-01 00:02:07
C04451,1,13,2016-07-10 20:07:36,2016-12-23 19:11:05
C04452,1,1,2016-09-22 20:18:16,2016-09-22 20:18:16
C04453,1,10,2016-07-22 00:59:21,2016-12-30 23:03:48
C04454,1,3,2016-07-10 18:24:33,2016-07-10 20:25:03
C04455,1,2,2016-07-12 20:18:17,2016-07-15 18:04:12
C04456,2,6,2016-08-24 23:45:38,2016-12-11 01:24:04
C04457,1,1,2016-07-22 18:50:00,2016-07-22 18:50:00
C04458,1,2,2016-11-16 19:14:04,2016-11-16 19:18:43
C04459,1,1,2016-10-05 18:32:40,2016-10-05 18:32:40
C04460,1,1,2016-07-20 20:45:08,2016-07-20 20:45:08
C04461,1,3,2016-07-07 14:11:59,2016-11-06 18:02:06
C04462,1,19,2016-07-24 18:03:16,2016-12-30 23:36:26
C04463,1,5,2016-10-07 17:55:27,2016-12-09 17:12:54
C04464,1,55,2016-07-10 22:23:16,2016-12-28 13:46:39
C04465,1,11,2016-08-08 00:24:11,2016-12-28 01:06:22
C04466,1,2,2016-08-28 22:05:13,2016-11-05 00:31:14
C04467,1,11,2016-07-18 00:57:35,2016-12-29 21:03:02
C04468,1,3,2016-07-25 14:53:40,2016-07-26 23:39:42
C04469,1,3,2016-09-08 16:19:41,2016-10-03 16:56:44
C04470,1,29,2016-07-14 02:03:07,2016-12-27 12:41:10
C04471,1,7,2016-07-18 21:42:33,2016-10-07 03:24:06
C04472,1,1,2016-12-03 02:49:19,2016-12-03 02:49:19
C04473,1,12,2016-07-06 18:54:16,2016-12-21 02:36:53
C04474,1,12,2016-07-05 01:25:08,2016-10-22 20:11:14
C04475,1,5,2016-10-08 18:25:17,2016-12-27 21:30:49
C04476,1,2,2016-12-12 02:40:50,2016-12-17 06:01:46
C04477,1,5,2016-07-16 02:29:39,2016-10-03 18:24:17
C04478,1,11,2016-07-02 16:27:00,2016-10-29 17:42:07
C04479,1,1,2016-11-30 16:35:51,2016-11-30 16:35:51
C04480,1,1,2016-08-13 06:54:12,2016-08-13 06:54:12
C04481,1,3,2016-07-04 14:10:09,2016-12-10 15:17:43
C04482,1,2,2016-09-09 19:28:25,2016-10-01 14:28:56
C04483,1,2,2016-07-25 17:49:51,2016-11-03 21:49:35
C04484,1,3,2016-07-25 18:33:23,2016-12-30 03:38:12
C04485,1,2,2016-10-10 17:49:48,2016-10-21 22:12:39
C04486,1,12,2016-09-14 01:56:17,2016-12-13 07:14:39
C04487,1,3,2016-07-23 20:51:05,2016-10-30 12:12:18
C04488,1,9,2016-07-05 04:32:30,2016-10-21 14:23:05
C04489,1,2,2016-08-03 04:42:33,2016-08-03 04:56:50
C04490,1,1,2016-10-26 20:11:50,2016-10-26 20:11:50
C04491,1,5,2016-10-11 22:52:38,2016-11-16 21:41:10
C04492,1,7,2016-07-03 17:15:26,2016-12-19 16:46:47
C04493,1,1,2016-12-05 01:25:06,2016-12-05 01:25:06
C04494,1,2,2016-07-30 15:47:31,2016-09-19 18:10:04
C04495,1,2,2016-10-04 23:05:01,2016-10-04 23:14:23
C04496,1,2,2016-07-26 03:42:27,2016-09-27 17:09:59
C04497,1,10,2016-07-13 04:09:28,2016-12-14 01:08:41
C04498,1,1,2016-08-26 17:34:54,2016-08-26 17:34:54
C04499,2,28,2016-07-05 23:03:31,2016-12-27 21:46:16
C04500,2,206,2016-07-03 01:09:30,2016-12-27 21:00:59
C04501,1,20,2016-07-05 22:18:41,2016-12-17 17:57:27
C04502,1,1,2016-07-11 17:23:08,2016-07-11 17:23:08
C04503,1,16,2016-07-17 20:22:47,2016-12-13 18:57:38
C04504,1,1,2016-11-23 12:49:12,2016-11-23 12:49:12
C04505,1,13,2016-07-23 02:58:20,2016-12-25 02:57:28
C04506,1,3,2016-07-14 19:37:48,2016-08-17 19:35:16
C04507,1,20,2016-07-06 21:02:26,2016-12-29 00:23:07
C04508,1,1,2016-09-25 15:38:28,2016-09-25 15:38:28
C04509,1,5,2016-08-03 15:20:00,2016-12-25 23:02:26
C04510,1,2,2016-11-09 04:46:36,2016-11-09 04:53:15
C04511,1,2,2016-07-19 18:27:45,2016-07-30 20:28:48
C04512,1,3,2016-07-31 12:43:50,2016-12-08 23:07:12
C04513,1,2,2016-07-27 00:03:53,2016-07-27 00:13:09
C04514,1,7,2016-07-07 01:08:15,2016-11-04 13:11:13
C04515,1,132,2016-07-04 20:40:56,2016-12-24 17:27:23
C04516,1,16,2016-07-07 16:11:50,2016-12-29 17:18:29
C04517,1,7,2016-07-17 04:30:51,2016-12-15 19:17:35
C04518,1,3,2016-07-05 23:38:55,2016-08-05 21:26:35
C04519,1,19,2016-07-15 19:48:45,2016-12-27 22:35:34
C04520,1,1,2016-11-02 21:13:13,2016-11-02 21:13:13
C04521,1,9,2016-07-09 02:29:04,2016-11-19 23:17:42
C04522,1,5,2016-07-24 17:17:16,2016-12-31 16:24:33
C04523,1,11,2016-07-04 18:07:04,2016-12-21 03:36:04
C04524,1,4,2016-07-26 19:23:41,2016-10-18 17:39:18
C04525,1,6,2016-07-02 17:55:42,2016-12-25 22:54:20
C04526,1,16,2016-07-05 17:57:38,2016-11-27 13:40:53
C04527,1,1,2016-07-14 14:54:07,2016-07-14 14:54:07
C04528,1,112,2016-07-07 16:36:07,2016-12-31 23:14:42
C04529,1,2,2016-07-06 21:42:45,2016-07-09 16:53:50
C04530,1,3,2016-07-06 01:43:08,2016-10-31 15:39:40
C04531,1,15,2016-07-15 20:29:09,2016-12-30 23:55:35
C04532,1,1,2016-12-05 20:44:01,2016-12-05 20:44:01
C04533,1,74,2016-07-07 15:46:38,2016-12-30 22:08:54
C04534,1,5,2016-07-17 20:47:50,2016-09-18 18:47:28
C04535,1,3,2016-08-10 03:53:17,2016-09-20 14:26:43
C04536,2,35,2016-07-21 16:43:26,2016-12-29 18:36:47
C04537,1,47,2016-07-12 16:25:23,2016-12-30 22:59:22
C04538,1,4,2016-08-12 14:30:07,2016-12-22 17:59:33
C04539,1,1,2016-10-06 15:13:30,2016-10-06 15:13:30
C04540,1,3,2016-07-09 19:56:31,2016-11-27 14:37:54
C04541,1,8,2016-08-12 01:24:12,2016-11-27 00:11:45
C04542,1,1,2016-08-21 22:54:24,2016-08-21 22:54:24
C04543,2,54,2016-07-02 13:01:02,2016-12-25 11:10:44
C04544,1,1,2016-07-26 00:47:08,2016-07-26 00:47:08
C04545,1,10,2016-07-03 16:32:47,2016-10-25 00:28:22
C04546,1,12,2016-07-21 20:55:33,2016-12-17 20:43:42
C04547,1,5,2016-07-10 20:38:45,2016-12-06 20:52:05
C04548,1,34,2016-07-02 21:10:08,2016-12-28 00:01:34
C04549,1,18,2016-07-04 21:44:22,2016-12-29 01:03:56
C04550,1,1,2016-08-04 20:34:04,2016-08-04 20:34:04
C04551,1,110,2016-07-06 19:52:19,2016-12-31 10:46:44
C04552,1,13,2016-07-21 20:10:28,2016-12-05 15:29:25
C04553,1,10,2016-07-17 15:27:17,2016-12-12 18:47:17
C04554,1,7,2016-08-28 00:01:24,2016-12-25 02:15:23
C04555,1,9,2016-07-22 22:48:04,2016-12-23 11:39:23
C04556,1,37,2016-07-09 13:57:37,2016-12-31 21:49:04
C04557,1,5,2016-07-10 13:35:07,2016-12-16 19:51:42
C04558,1,2,2016-10-14 23:51:18,2016-11-25 21:34:53
C04559,1,1,2016-07-17 16:23:56,2016-07-17 16:23:56
C04560,1,4,2016-08-25 02:32:21,2016-11-21 22:30:30
C04561,1,11,2016-08-29 19:17:20,2016-08-30 16:24:36
C04562,1,7,2016-07-07 01:54:29,2016-12-18 11:49:02
C04563,1,16,2016-07-12 20:01:14,2016-12-29 16:11:12
C04564,1,1,2016-11-30 15:16:35,2016-11-30 15:16:35
C04565,1,9,2016-08-15 01:23:24,2016-12-03 12:58:10
C04566,1,42,2016-07-09 02:32:48,2016-12-31 15:00:23
C04567,1,4,2016-08-22 19:59:46,2016-11-16 15:37:50
C04568,1,148,2016-07-07 21:01:54,2016-12-31 18:21:46
C04569,1,7,2016-07-04 11:05:45,2016-12-18 01:38:36
C04570,1,59,2016-07-17 18:08:09,2016-12-25 01:27:48
C04571,2,254,2016-07-03 18:16:22,2016-12-28 05:41:05
C04572,1,17,2016-07-12 20:14:17,2016-12-10 21:40:54
C04573,1,2,2016-07-06 21:58:59,2016-11-30 23:14:52
C04574,1,4,2016-07-05 19:32:29,2016-12-06 20:15:34
C04575,2,40,2016-07-03 12:48:20,2016-12-31 15:08:21
C04576,1,15,2016-07-08 00:24:45,2016-12-17 19:44:44
C04577,1,2,2016-09-09 14:42:31,2016-09-25 15:37:38
C04578,1,1,2016-07-24 18:14:31,2016-07-24 18:14:31
C04579,1,5,2016-08-29 22:53:43,2016-09-16 03:38:13
C04580,1,2,2016-07-20 00:47:02,2016-07-30 00:33:26
C04581,1,1,2016-07-09 00:53:33,2016-07-09 00:53:33
C04582,1,39,2016-07-02 03:14:29,2016-12-25 23:58:01
C04583,1,1,2016-08-15 02:28:30,2016-08-15 02:28:30
C04584,1,1,2016-10-26 20:19:29,2016-10-26 20:19:29
C04585,1,1,2016-07-24 01:02:33,2016-07-24 01:02:33
C04586,1,2,2016-07-28 19:19:57,2016-07-28 19:20:59
C04587,1,3,2016-08-25 17:31:32,2016-08-25 17:52:12
C04588,1,12,2016-07-17 09:53:04,2016-12-30 19:25:11
C04589,1,1,2016-12-22 14:36:16,2016-12-22 14:36:16
C04590,1,10,2016-07-26 16:58:10,2016-12-24 13:55:48
C04591,1,4,2016-07-18 14:36:56,2016-10-20 13:30:57
C04592,1,7,2016-08-14 18:40:56,2016-12-12 19:10:56
C04593,1,1,2016-07-08 14:34:55,2016-07-08 14:34:55
C04594,1,1,2016-08-13 18:04:04,2016-08-13 18:04:04
C04595,1,1,2016-09-03 23:01:37,2016-09-03 23:01:37
C04596,1,3,2016-09-26 16:15:05,2016-11-30 13:17:25
C04597,2,2062,2016-07-02 00:56:36,2016-12-29 22:23:49
C04598,1,1,2016-07-24 22:32:55,2016-07-24 22:32:55
C04599,1,4,2016-07-12 14:40:10,2016-07-12 15:34:53
C04600,1,12,2016-07-23 20:53:02,2016-11-30 17:26:53
C04601,2,7,2016-07-10 00:03:38,2016-12-20 08:46:49
C04602,1,1,2016-07-21 08:50:22,2016-07-21 08:50:22
C04603,1,6,2016-08-21 19:20:00,2016-11-19 03:01:49
C04604,1,4,2016-07-06 16:43:34,2016-08-13 21:31:10
C04605,1,1,2016-07-19 03:13:01,2016-07-19 03:13:01
C04606,1,2,2016-07-27 05:12:33,2016-07-27 05:31:50
C04607,1,12,2016-07-15 16:44:38,2016-10-04 20:13:40
C04608,1,1,2016-10-25 19:27:40,2016-10-25 19:27:40
C04609,1,3,2016-08-19 23:54:54,2016-12-28 00:20:48
C04610,1,5,2016-07-14 17:38:41,2016-10-27 16:17:39
C04611,1,2,2016-12-17 00:50:12,2016-12-19 02:08:51
C04612,1,3,2016-09-19 20:02:13,2016-10-23 02:08:42
C04613,1,3,2016-07-22 18:20:54,2016-07-22 18:34:18
C04614,1,22,2016-07-07 21:41:31,2016-12-27 16:20:47
C04615,1,3,2016-11-14 17:52:56,2016-12-30 19:41:32
C04616,1,15,2016-07-20 19:45:13,2016-12-31 23:49:47
C04617,1,4,2016-10-29 17:59:48,2016-12-17 19:51:05
C04618,1,8,2016-07-18 17:14:50,2016-12-22 21:26:04
C04619,1,33,2016-08-05 16:48:23,2016-12-28 17:02:17
C04620,1,19,2016-07-17 23:55:13,2016-11-30 03:39:26
C04621,1,17,2016-07-25 16:31:20,2016-12-30 14:58:52
C04622,1,2,2016-08-28 16:34:07,2016-12-28 12:47:34
C04623,1,1,2016-09-12 14:30:13,2016-09-12 14:30:13
C04624,1,2,2016-07-13 15:13:57,2016-09-01 00:45:44
C04625,1,1,2016-11-03 23:43:49,2016-11-03 23:43:49
C04626,1,5,2016-07-07 01:19:07,2016-09-16 21:33:29
C04627,1,4,2016-09-25 01:03:50,2016-11-26 15:06:45
C04628,1,4,2016-07-14 03:01:48,2016-12-04 01:57:33
C04629,1,3,2016-08-29 05:15:40,2016-09-21 01:55:42
C04630,1,4,2016-10-06 03:54:35,2016-12-10 12:38:25
C04631,1,3,2016-10-23 20:13:35,2016-11-20 02:30:44
C04632,1,56,2016-07-04 19:17:36,2016-12-31 22:06:50
C04633,1,11,2016-08-20 01:10:39,2016-12-28 19:42:34
C04634,1,11,2016-09-07 18:12:39,2016-12-06 15:28:58
C04635,1,10,2016-07-16 23:47:35,2016-12-26 21:23:19
C04636,1,1,2016-11-02 17:56:24,2016-11-02 17:56:24
C04637,1,11,2016-07-11 01:11:51,2016-11-27 23:28:46
C04638,1,8,2016-07-26 23:52:12,2016-10-04 02:00:01
C04639,1,2,2016-08-22 20:38:11,2016-08-24 00:30:43
C04640,1,1,2016-09-19 23:45:57,2016-09-19 23:45:57
C04641,1,2,2016-08-12 04:06:33,2016-09-19 16:23:06
C04642,1,6,2016-07-14 22:11:30,2016-11-23 21:53:29
C04643,1,1,2016-11-25 03:42:37,2016-11-25 03:42:37
C04644,1,6,2016-07-15 20:27:44,2016-12-04 20:02:37
C04645,1,4,2016-07-28 20:38:32,2016-08-03 13:13:48
C04646,1,9,2016-07-22 23:41:32,2016-11-30 19:23:52
C04647,1,3,2016-07-24 16:07:21,2016-08-01 01:12:20
C04648,1,7,2016-07-09 02:10:17,2016-12-29 14:27:57
C04649,1,2,2016-07-20 22:49:54,2016-08-05 21:11:01
C04650,1,8,2016-07-11 10:50:06,2016-10-12 20:56:35
C04651,1,76,2016-07-05 21:28:17,2016-12-24 18:46:19
C04652,1,2,2016-08-31 22:04:04,2016-09-01 22:44:05
C04653,1,2,2016-12-15 16:36:46,2016-12-25 15:27:50
C04654,1,2,2016-10-09 22:57:33,2016-12-12 15:20:18
C04655,1,78,2016-07-07 18:56:59,2016-12-18 23:27:06
C04656,2,85,2016-07-07 13:39:08,2016-12-28 01:09:33
C04657,1,5,2016-07-17 21:18:48,2016-09-30 15:27:04
C04658,1,2,2016-09-27 00:12:18,2016-09-27 00:26:39
C04659,1,7,2016-08-10 01:07:00,2016-08-14 18:54:32
C04660,1,3,2016-07-05 16:06:29,2016-10-30 15:02:27
C04661,1,28,2016-07-03 19:08:21,2016-12-10 18:00:19
C04662,1,2,2016-10-14 18:36:21,2016-11-10 23:36:24
C04663,1,2,2016-09-15 02:35:33,2016-09-18 00:28:42
C04664,1,5,2016-08-10 18:02:41,2016-08-10 18:35:52
C04665,1,13,2016-07-04 23:39:55,2016-12-28 21:37:30
C04666,1,2,2016-09-12 23:07:58,2016-09-12 23:33:46
C04667,1,3,2016-07-12 18:51:34,2016-08-20 16:31:15
C04668,1,48,2016-07-10 01:59:37,2016-12-21 22:07:38
C04669,1,1,2016-07-11 03:17:24,2016-07-11 03:17:24
C04670,1,107,2016-07-06 02:11:13,2016-12-30 23:36:55
C04671,1,23,2016-07-06 14:28:12,2016-12-20 16:30:31
C04672,1,1,2016-08-29 19:00:12,2016-08-29 19:00:12
C04673,1,3,2016-07-12 02:57:26,2016-12-05 13:47:25
C04674,1,1,2016-07-27 02:02:13,2016-07-27 02:02:13
C04675,1,1,2016-07-30 16:13:10,2016-07-30 16:13:10
C04676,2,104,2016-07-04 20:50:27,2016-12-19 23:04:00
C04677,1,7,2016-09-04 16:16:35,2016-12-25 12:51:45
C04678,1,1,2016-12-11 23:16:40,2016-12-11 23:16:40
C04679,1,4,2016-07-12 21:01:08,2016-11-20 18:23:48
C04680,1,1,2016-12-22 00:20:17,2016-12-22 00:20:17
C04681,1,17,2016-07-10 03:39:47,2016-12-10 13:44:50
C04682,1,4,2016-08-10 02:09:40,2016-09-24 02:18:20
C04683,1,30,2016-07-03 18:26:28,2016-11-30 15:11:01
C04684,1,15,2016-07-06 00:26:26,2016-11-26 16:16:12
C04685,1,2,2016-11-29 03:08:59,2016-12-09 17:20:31
C04686,1,1,2016-07-24 13:28:38,2016-07-24 13:28:38
C04687,1,1,2016-11-06 19:54:10,2016-11-06 19:54:10
C04688,1,17,2016-07-21 18:17:57,2016-12-24 05:07:41
C04689,1,2,2016-10-01 03:05:45,2016-11-09 21:54:03
C04690,1,1,2016-10-13 19:30:41,2016-10-13 19:30:41
C04691,1,7,2016-07-14 23:24:19,2016-11-02 01:44:06
C04692,1,3,2016-10-24 14:57:09,2016-10-24 15:21:20
C04693,1,36,2016-07-02 13:42:01,2016-12-06 09:28:24
C04694,1,3,2016-07-25 22:22:56,2016-10-29 21:21:33
C04695,1,3,2016-09-24 22:57:03,2016-11-07 23:13:23
C04696,1,5,2016-07-02 13:21:17,2016-11-05 19:33:09
C04697,1,21,2016-07-07 20:29:32,2016-12-10 20:39:21
C04698,1,2,2016-07-19 01:53:17,2016-12-13 14:11:21
C04699,1,2,2016-09-25 22:42:12,2016-10-11 20:41:06
C04700,1,3,2016-10-11 16:51:30,2016-12-30 13:11:18
C04701,1,27,2016-07-02 18:20:12,2016-12-13 10:13:21
C04702,1,6,2016-07-21 23:24:14,2016-11-28 22:00:48
C04703,1,1,2016-12-19 01:45:46,2016-12-19 01:45:46
C04704,1,2,2016-09-05 18:23:55,2016-12-17 22:17:29
C04705,1,3,2016-07-06 13:54:27,2016-07-30 16:14:59
C04706,1,1,2016-12-16 09:36:47,2016-12-16 09:36:47
C04707,1,5,2016-07-02 07:19:07,2016-09-29 16:13:18
C04708,1,1,2016-07-03 02:41:33,2016-07-03 02:41:33
C04709,2,214,2016-07-02 16:58:25,2016-12-29 23:14:36
C04710,1,15,2016-07-17 16:32:51,2016-11-29 18:00:59
C04711,1,1,2016-10-25 06:29:33,2016-10-25 06:29:33
C04712,1,3,2016-07-28 00:44:20,2016-07-28 00:52:59
C04713,1,6,2016-08-19 17:37:15,2016-12-31 16:54:00
C04714,1,1,2016-07-22 22:30:18,2016-07-22 22:30:18
C04715,1,5,2016-07-23 22:56:52,2016-12-10 20:17:22
C04716,1,3,2016-07-04 05:58:32,2016-09-02 02:57:33
C04717,1,6,2016-07-05 16:04:12,2016-11-29 22:42:06
C04718,1,2,2016-08-29 20:42:36,2016-10-28 13:08:02
C04719,1,3,2016-07-07 16:02:22,2016-07-08 14:27:30
C04720,1,2,2016-07-18 05:02:29,2016-07-18 15:25:59
C04721,1,5,2016-09-17 18:06:38,2016-11-30 21:09:33
C04722,1,1,2016-07-27 13:58:14,2016-07-27 13:58:14
C04723,1,2,2016-10-12 00:06:54,2016-10-13 22:02:41
C04724,1,27,2016-07-26 01:19:16,2016-12-24 14:20:46
C04725,1,25,2016-07-16 18:56:51,2016-11-25 21:54:35
C04726,1,10,2016-07-07 19:17:40,2016-12-08 20:52:41
C04727,2,3,2016-08-23 17:32:36,2016-08-26 17:58:50
C04728,1,8,2016-08-29 03:44:44,2016-12-22 23:02:32
C04729,1,25,2016-07-03 21:44:33,2016-12-23 04:25:21
C04730,1,3,2016-07-23 22:53:44,2016-10-21 20:42:19
C04731,1,4,2016-07-31 15:23:58,2016-12-22 02:05:13
C04732,1,48,2016-07-06 15:02:43,2016-12-30 23:10:23
C04733,1,1,2016-08-31 22:14:46,2016-08-31 22:14:46
C04734,1,31,2016-07-21 14:40:57,2016-12-26 10:20:53
C04735,1,1,2016-07-18 17:30:17,2016-07-18 17:30:17
C04736,1,1,2016-07-25 21:28:36,2016-07-25 21:28:36
C04737,1,4,2016-07-14 19:52:30,2016-10-25 18:57:54
C04738,1,4,2016-07-27 02:06:41,2016-10-28 22:15:21
C04739,1,6,2016-09-02 12:39:09,2016-11-30 11:04:52
C04740,1,9,2016-07-10 23:57:53,2016-12-15 03:55:56
C04741,1,7,2016-07-13 18:34:45,2016-12-20 15:33:30
C04742,1,12,2016-08-16 14:37:23,2016-12-28 18:41:37
C04743,1,9,2016-07-20 23:34:46,2016-12-31 18:58:09
C04744,1,3,2016-09-01 17:01:52,2016-10-14 23:25:54
C04745,1,1,2016-11-26 18:06:54,2016-11-26 18:06:54
C04746,1,16,2016-07-03 04:49:51,2016-12-22 05:39:31
C04747,1,21,2016-07-11 23:31:14,2016-12-31 20:31:36
C04748,2,47,2016-07-04 15:59:59,2016-12-31 15:13:29
C04749,1,15,2016-07-19 18:29:55,2016-12-11 23:24:44
C04750,1,1,2016-10-03 18:05:00,2016-10-03 18:05:00
C04751,1,7,2016-08-04 19:09:45,2016-11-25 12:10:42
C04752,1,2,2016-09-28 17:10:35,2016-09-28 17:32:06
C04753,1,1,2016-07-10 14:50:24,2016-07-10 14:50:24
C04754,1,12,2016-07-12 21:23:53,2016-12-30 20:16:00
C04755,1,24,2016-07-03 23:37:57,2016-12-15 16:39:12
C04756,1,11,2016-08-07 15:50:50,2016-12-30 03:36:00
C04757,1,9,2016-08-26 17:48:31,2016-12-31 16:38:07
C04758,1,55,2016-07-12 01:21:27,2016-12-28 19:54:48
C04759,1,33,2016-07-03 14:57:23,2016-12-27 17:53:29
C04760,1,2,2016-07-18 21:44:08,2016-07-21 15:48:14
C04761,1,17,2016-07-17 20:44:14,2016-12-22 17:17:45
C04762,1,21,2016-07-02 15:52:39,2016-12-30 20:15:02
C04763,1,1,2016-09-25 01:17:51,2016-09-25 01:17:51
C04764,1,20,2016-07-02 18:03:53,2016-12-21 17:09:55
C04765,1,2,2016-08-01 15:30:03,2016-10-13 00:14:11
C04766,1,1,2016-07-21 15:46:12,2016-07-21 15:46:12
C04767,1,3,2016-07-24 12:57:42,2016-12-23 21:42:29
C04768,1,1,2016-07-28 19:21:27,2016-07-28 19:21:27
C04769,1,18,2016-08-03 22:25:01,2016-12-20 20:34:01
C04770,1,23,2016-07-06 04:55:42,2016-12-26 14:41:38
C04771,1,1,2016-07-24 22:59:22,2016-07-24 22:59:22
C04772,1,4,2016-10-12 00:56:42,2016-10-12 23:23:12
C04773,2,71,2016-07-07 03:15:08,2016-12-28 13:47:02
C04774,1,1,2016-08-15 21:24:11,2016-08-15 21:24:11
C04775,1,68,2016-07-04 03:13:09,2016-12-17 23:54:22
C04776,1,97,2016-07-06 01:05:52,2016-12-30 14:08:07
C04777,1,1,2016-08-27 23:29:42,2016-08-27 23:29:42
C04778,1,4,2016-08-06 23:43:05,2016-12-14 18:32:47
C04779,1,1,2016-09-09 17:46:06,2016-09-09 17:46:06
C04780,1,1,2016-07-13 12:58:11,2016-07-13 12:58:11
C04781,1,2,2016-07-20 17:40:43,2016-07-24 02:48:33
C04782,1,5,2016-07-27 17:42:45,2016-12-27 21:56:37
C04783,1,2,2016-07-19 19:40:01,2016-08-17 21:21:39
C04784,1,2,2016-07-13 20:37:35,2016-07-28 21:31:39
C04785,1,7,2016-07-04 05:05:40,2016-11-23 13:11:00
C04786,1,3,2016-10-12 16:23:43,2016-11-27 17:58:29
C04787,1,7,2016-07-08 20:14:23,2016-12-08 04:05:52
C04788,1,20,2016-07-04 03:44:58,2016-12-21 06:53:04
C04789,1,2,2016-08-09 04:46:09,2016-09-06 16:27:00
C04790,1,1,2016-07-18 20:47:37,2016-07-18 20:47:37
C04791,1,2,2016-10-03 04:40:04,2016-11-29 03:07:23
C04792,1,1,2016-09-16 22:03:18,2016-09-16 22:03:18
C04793,1,11,2016-07-13 16:31:41,2016-12-10 00:36:56
C04794,1,46,2016-07-06 01:15:51,2016-12-17 03:33:17
C04795,1,13,2016-07-09 16:16:15,2016-11-14 19:30:03
C04796,1,12,2016-07-09 03:17:13,2016-12-23 01:49:07
C04797,1,6,2016-07-27 00:09:12,2016-12-29 01:50:16
C04798,2,185,2016-07-02 13:20:11,2016-12-29 21:53:10
C04799,1,3,2016-07-31 21:34:10,2016-08-04 23:01:44
C04800,1,1,2016-07-21 15:24:56,2016-07-21 15:24:56
C04801,1,14,2016-07-03 22:29:26,2016-12-20 16:30:21
C04802,1,1,2016-08-24 16:51:00,2016-08-24 16:51:00
C04803,1,4,2016-07-24 03:32:38,2016-11-02 21:39:32
C04804,1,2,2016-07-09 18:55:15,2016-08-18 22:03:40
C04805,1,5,2016-08-01 18:38:00,2016-10-14 00:43:41
C04806,1,1,2016-08-04 16:30:02,2016-08-04 16:30:02
C04807,1,2,2016-09-13 02:37:45,2016-11-08 14:52:12
C04808,1,16,2016-07-15 21:06:18,2016-12-26 22:55:16
C04809,1,7,2016-07-15 23:06:01,2016-09-20 02:24:29
C04810,1,3,2016-08-04 22:37:30,2016-10-05 20:52:08
C04811,1,2,2016-07-07 05:40:03,2016-07-19 00:35:09
C04812,1,7,2016-09-28 17:26:29,2016-10-17 17:15:53
C04813,1,1,2016-10-04 20:26:03,2016-10-04 20:26:03
C04814,1,8,2016-07-09 02:38:58,2016-12-29 23:44:55
C04815,1,1,2016-08-13 18:46:39,2016-08-13 18:46:39
C04816,1,8,2016-07-15 23:24:58,2016-10-13 17:54:35
C04817,1,9,2016-09-10 19:39:40,2016-11-13 03:48:21
C04818,1,33,2016-07-12 03:02:42,2016-12-27 10:57:06
C04819,1,9,2016-10-19 22:55:20,2016-12-16 16:10:19
C04820,1,1,2016-11-05 23:34:37,2016-11-05 23:34:37
C04821,1,1,2016-09-04 22:09:22,2016-09-04 22:09:22
C04822,1,1,2016-07-21 04:26:17,2016-07-21 04:26:17
C04823,1,1,2016-11-06 14:53:48,2016-11-06 14:53:48
C04824,1,4,2016-07-18 18:56:36,2016-11-09 02:44:21
C04825,1,6,2016-07-14 03:42:39,2016-11-14 03:33:08
C04826,1,2,2016-07-17 03:06:09,2016-07-17 03:20:00
C04827,1,4,2016-07-12 22:15:54,2016-11-24 14:20:31
C04828,2,962,2016-07-06 21:06:12,2016-12-31 23:10:01
C04829,1,1,2016-08-13 21:22:43,2016-08-13 21:22:43
C04830,1,10,2016-07-04 16:20:55,2016-12-10 22:17:37
C04831,1,1,2016-08-02 08:31:32,2016-08-02 08:31:32
C04832,1,6,2016-07-04 17:09:32,2016-12-08 14:50:00
C04833,2,6,2016-08-09 04:51:42,2016-12-13 20:06:15
C04834,1,41,2016-07-02 16:36:13,2016-12-19 16:54:27
C04835,1,1,2016-09-15 03:21:07,2016-09-15 03:21:07
C04836,1,22,2016-07-28 06:04:06,2016-12-31 15:44:06
C04837,1,1,2016-10-23 00:01:49,2016-10-23 00:01:49
C04838,1,3,2016-07-19 14:50:07,2016-08-23 22:05:35
C04839,1,3,2016-12-03 18:06:06,2016-12-10 23:16:58
C04840,1,65,2016-07-05 00:56:23,2016-12-15 22:28:54
C04841,1,1,2016-09-11 17:01:31,2016-09-11 17:01:31
C04842,1,1,2016-10-21 18:13:19,2016-10-21 18:13:19
C04843,1,6,2016-08-21 04:04:02,2016-12-31 19:29:29
C04844,1,74,2016-07-04 13:06:53,2016-12-29 12:18:22
C04845,1,11,2016-09-24 18:04:19,2016-11-04 18:14:06
C04846,1,1,2016-12-14 02:20:38,2016-12-14 02:20:38
C04847,2,34,2016-07-08 00:32:42,2016-12-16 19:08:07
C04848,1,20,2016-07-16 00:53:52,2016-11-25 11:09:07
C04849,1,3,2016-10-25 20:23:28,2016-12-17 20:10:49
C04850,1,1,2016-10-18 07:15:33,2016-10-18 07:15:33
C04851,1,1,2016-11-05 22:20:15,2016-11-05 22:20:15
C04852,1,23,2016-07-10 02:33:16,2016-12-31 16:43:19
C04853,1,1,2016-09-19 19:45:31,2016-09-19 19:45:31
C04854,1,2,2016-07-21 22:34:50,2016-08-13 20:04:25
C04855,1,4,2016-08-13 15:40:32,2016-10-16 13:18:11
C04856,1,2,2016-07-15 17:21:37,2016-11-24 20:27:42
C04857,1,7,2016-10-19 22:14:22,2016-10-19 23:52:00
C04858,1,12,2016-07-19 22:33:35,2016-12-27 01:30:29
C04859,1,3,2016-07-25 15:09:46,2016-08-26 17:44:54
C04860,1,31,2016-07-03 15:02:51,2016-12-17 03:47:09
C04861,2,127,2016-07-03 14:57:14,2016-12-28 16:01:32
C04862,1,2,2016-07-14 00:12:45,2016-07-19 18:48:30
C04863,1,2,2016-08-09 15:11:09,2016-10-13 21:08:45
C04864,1,1,2016-12-30 18:10:42,2016-12-30 18:10:42
C04865,1,530,2016-07-02 15:24:49,2016-12-30 22:40:13
C04866,1,36,2016-07-10 01:49:43,2016-12-02 16:50:58
C04867,1,4,2016-09-13 04:37:21,2016-09-24 20:51:51
C04868,1,3,2016-08-01 23:47:03,2016-12-31 13:12:12
C04869,1,3,2016-10-06 18:19:48,2016-12-14 16:56:04
C04870,1,24,2016-07-16 12:46:03,2016-12-31 01:16:09
C04871,1,5,2016-09-25 17:11:51,2016-11-14 22:42:34
C04872,1,2,2016-12-03 17:54:01,2016-12-23 23:25:25
C04873,1,17,2016-07-10 19:06:25,2016-12-23 09:51:18
C04874,1,6,2016-08-02 22:30:38,2016-10-04 17:08:59
C04875,1,1,2016-09-16 02:51:19,2016-09-16 02:51:19
C04876,1,25,2016-07-12 18:44:49,2016-12-12 12:31:53
C04877,1,1,2016-07-12 23:43:39,2016-07-12 23:43:39
C04878,1,4,2016-10-16 23:11:26,2016-12-11 14:23:21
C04879,1,15,2016-07-03 23:30:24,2016-12-27 21:07:49
C04880,1,1,2016-11-14 18:56:01,2016-11-14 18:56:01
C04881,1,2,2016-09-10 08:52:23,2016-12-04 22:47:39
C04882,1,7,2016-08-01 20:29:34,2016-09-03 21:02:11
C04883,1,5,2016-08-21 20:56:53,2016-09-25 18:44:28
C04884,1,10,2016-07-24 14:42:34,2016-12-13 19:14:04
C04885,1,85,2016-07-03 17:18:24,2016-12-18 13:05:14
C04886,1,1,2016-07-15 16:34:04,2016-07-15 16:34:04
C04887,1,3,2016-07-17 18:12:43,2016-12-20 13:04:00
C04888,1,1,2016-09-04 23:36:19,2016-09-04 23:36:19
C04889,1,47,2016-07-07 23:41:23,2016-12-28 22:29:23
C04890,1,2,2016-07-20 05:01:36,2016-09-01 17:27:29
C04891,1,44,2016-07-04 15:48:29,2016-12-21 21:21:01
C04892,1,4,2016-10-05 18:09:09,2016-12-08 21:49:04
C04893,1,597,2016-07-02 12:32:13,2016-12-30 22:01:10
C04894,2,19,2016-09-09 19:16:16,2016-12-27 19:23:14
C04895,1,6,2016-07-05 02:46:39,2016-10-15 05:20:26
C04896,1,28,2016-07-22 13:25:04,2016-12-25 16:30:15
C04897,1,1,2016-11-30 17:40:05,2016-11-30 17:40:05
C04898,1,6,2016-07-03 20:05:54,2016-12-06 02:12:25
C04899,1,9,2016-07-19 14:21:38,2016-12-07 23:33:18
C04900,1,1,2016-12-23 21:44:23,2016-12-23 21:44:23
C04901,1,9,2016-07-20 16:50:35,2016-11-09 16:58:00
C04902,1,2,2016-09-06 04:44:55,2016-11-19 21:01:51
C04903,1,67,2016-07-05 00:47:54,2016-12-28 11:20:18
C04904,1,19,2016-07-14 11:51:25,2016-12-18 19:37:56
C04905,1,89,2016-07-06 19:38:20,2016-12-31 07:16:21
C04906,1,1,2016-10-29 01:03:11,2016-10-29 01:03:11
C04907,1,6,2016-07-21 03:56:12,2016-10-21 13:50:59
C04908,1,1,2016-11-21 01:29:38,2016-11-21 01:29:38
C04909,1,1,2016-10-30 21:07:47,2016-10-30 21:07:47
C04910,1,1,2016-09-08 21:08:19,2016-09-08 21:08:19
C04911,1,1,2016-10-10 05:23:22,2016-10-10 05:23:22
C04912,1,3,2016-08-18 18:28:05,2016-09-20 22:14:08
C04913,1,2,2016-10-07 15:23:56,2016-10-13 17:39:07
C04914,1,1,2016-12-17 14:58:32,2016-12-17 14:58:32
C04915,1,3,2016-07-10 16:40:36,2016-11-29 16:41:38
C04916,1,1,2016-08-22 00:01:45,2016-08-22 00:01:45
C04917,1,21,2016-07-13 23:17:52,2016-12-27 22:40:58
C04918,1,1,2016-12-22 01:52:35,2016-12-22 01:52:35
C04919,1,4,2016-09-20 15:04:58,2016-12-29 03:31:37
C04920,1,3,2016-11-11 14:44:23,2016-11-15 17:05:07
C04921,2,22,2016-07-05 15:06:20,2016-12-25 20:59:48
C04922,1,9,2016-07-17 17:59:15,2016-09-19 21:53:24
C04923,1,10,2016-07-10 14:09:49,2016-12-25 14:35:34
C04924,1,1,2016-11-03 20:28:43,2016-11-03 20:28:43
C04925,1,3,2016-07-10 19:20:13,2016-09-02 02:40:01
C04926,1,2,2016-11-16 03:28:40,2016-11-30 22:27:05
C04927,1,1,2016-10-02 17:18:04,2016-10-02 17:18:04
C04928,1,21,2016-07-06 14:51:55,2016-12-30 14:43:38
C04929,1,38,2016-07-10 19:17:30,2016-12-25 15:08:19
C04930,1,1,2016-07-07 12:17:43,2016-07-07 12:17:43
C04931,1,4,2016-07-26 00:22:27,2016-09-07 02:06:59
C04932,1,27,2016-07-06 18:57:54,2016-12-09 15:17:54
C04933,1,18,2016-07-05 00:54:18,2016-11-30 13:23:06
C04934,1,1,2016-07-18 21:07:13,2016-07-18 21:07:13
C04935,1,2,2016-08-29 02:38:17,2016-10-23 22:45:43
C04936,1,2,2016-07-09 02:27:02,2016-07-12 22:28:24
C04937,1,1,2016-08-09 04:36:16,2016-08-09 04:36:16
C04938,1,6,2016-07-13 05:29:19,2016-09-19 17:41:22
C04939,1,1,2016-10-06 00:59:45,2016-10-06 00:59:45
C04940,1,7,2016-07-09 18:30:30,2016-12-29 22:58:53
C04941,1,2,2016-07-15 00:08:50,2016-12-16 19:24:10
C04942,1,2,2016-07-22 21:50:30,2016-09-22 23:48:51
C04943,1,15,2016-08-17 17:39:07,2016-12-28 12:13:58
C04944,1,8,2016-07-22 16:45:49,2016-12-14 14:51:32
C04945,1,1,2016-12-14 10:09:14,2016-12-14 10:09:14
C04946,1,1,2016-09-27 15:11:33,2016-09-27 15:11:33
C04947,1,5,2016-09-11 15:53:20,2016-11-28 12:05:26
C04948,1,4,2016-07-08 00:29:24,2016-12-23 19:41:40
C04949,1,1,2016-11-24 22:12:13,2016-11-24 22:12:13
C04950,1,4,2016-08-10 01:43:43,2016-11-03 20:37:32
C04951,1,12,2016-07-13 18:44:07,2016-12-30 22:09:08
C04952,1,4,2016-07-10 02:40:46,2016-10-17 13:56:50
C04953,1,1,2016-11-11 15:49:34,2016-11-11 15:49:34
C04954,1,5,2016-07-10 19:33:42,2016-12-13 15:45:17
C04955,1,4,2016-10-30 15:18:22,2016-12-05 00:26:20
C04956,1,1,2016-07-23 18:03:44,2016-07-23 18:03:44
C04957,1,9,2016-07-03 02:18:55,2016-12-22 20:24:20
C04958,1,2,2016-09-15 00:33:48,2016-10-31 18:39:36
C04959,1,2,2016-07-26 05:01:25,2016-07-26 15:29:14
C04960,1,39,2016-07-02 00:46:17,2016-12-21 05:49:52
C04961,1,1,2016-08-08 20:43:31,2016-08-08 20:43:31
C04962,2,13,2016-08-03 18:15:35,2016-09-03 00:49:10
C04963,1,4,2016-07-07 22:38:12,2016-12-21 22:16:36
C04964,1,4,2016-08-26 21:35:12,2016-12-20 19:40:01
C04965,2,1940,2016-07-05 23:49:16,2016-12-31 22:38:20
C04966,1,4,2016-08-16 22:21:55,2016-11-08 19:00:06
C04967,1,13,2016-07-11 22:04:25,2016-12-28 01:40:31
C04968,1,17,2016-07-14 21:46:38,2016-12-23 16:19:33
C04969,1,3,2016-09-12 00:44:45,2016-11-08 22:29:48
C04970,1,25,2016-07-13 20:12:00,2016-12-28 15:45:10
C04971,1,1,2016-09-02 16:52:53,2016-09-02 16:52:53
C04972,1,6,2016-07-15 17:16:42,2016-08-26 14:34:10
C04973,1,4,2016-08-03 23:14:34,2016-10-24 19:37:21
C04974,2,65,2016-07-03 14:59:26,2016-12-29 21:58:12
C04975,1,1,2016-10-14 23:02:05,2016-10-14 23:02:05
C04976,1,1,2016-12-13 17:33:10,2016-12-13 17:33:10
C04977,1,5,2016-07-18 15:31:06,2016-08-13 23:53:03
C04978,1,11,2016-07-16 20:55:29,2016-09-07 21:45:44
C04979,1,1,2016-08-08 15:53:19,2016-08-08 15:53:19
C04980,1,1,2016-07-11 14:09:23,2016-07-11 14:09:23
C04981,1,2,2016-11-02 21:28:57,2016-11-23 16:46:28
C04982,1,4,2016-11-12 14:49:16,2016-12-07 14:03:04
C04983,1,8,2016-07-03 01:41:33,2016-07-03 23:45:12
C04984,2,1587,2016-07-06 02:10:09,2016-12-31 20:12:17
C04985,1,1,2016-07-26 05:19:49,2016-07-26 05:19:49
C04986,1,1,2016-11-17 21:38:17,2016-11-17 21:38:17
C04987,1,1,2016-10-08 23:12:22,2016-10-08 23:12:22
C04988,1,2,2016-07-24 22:27:55,2016-08-05 21:12:45
C04989,1,3,2016-07-16 02:46:15,2016-09-28 18:24:54
C04990,1,34,2016-07-04 16:12:48,2016-12-20 22:35:17
C04991,1,4,2016-10-29 13:22:34,2016-10-29 16:00:34
C04992,1,1,2016-12-25 23:07:47,2016-12-25 23:07:47
C04993,1,4,2016-10-01 15:31:55,2016-12-26 16:58:24
C04994,1,1,2016-11-21 00:27:13,2016-11-21 00:27:13
C04995,1,5,2016-07-05 13:23:11,2016-10-17 12:41:50
C04996,1,1,2016-08-24 16:02:18,2016-08-24 16:02:18
C04997,1,4,2016-07-21 15:08:19,2016-10-13 19:58:53
C04998,1,2,2016-08-08 20:55:59,2016-11-28 11:20:33
C04999,1,2,2016-07-11 18:09:41,2016-11-10 16:24:05
C05000,1,1,2016-10-27 16:21:32,2016-10-27 16:21:32
C05001,1,1,2016-07-25 22:01:53,2016-07-25 22:01:53
C05002,1,16,2016-07-06 20:57:51,2016-12-31 23:44:16
C05003,1,24,2016-07-05 19:42:41,2016-12-26 00:33:01
C05004,1,21,2016-07-05 18:33:26,2016-12-06 14:16:40
C05005,1,2,2016-12-05 16:22:25,2016-12-11 22:18:06
C05006,1,1,2016-10-19 21:50:09,2016-10-19 21:50:09
C05007,1,47,2016-07-04 13:29:52,2016-12-24 20:23:14
C05008,1,74,2016-07-03 21:24:16,2016-12-11 14:01:04
C05009,1,6,2016-08-15 01:40:01,2016-10-25 17:51:05
C05010,1,11,2016-07-02 05:18:40,2016-12-10 14:31:14
C05011,1,165,2016-07-02 20:25:15,2016-12-27 02:18:38
C05012,1,1,2016-10-20 15:07:52,2016-10-20 15:07:52
C05013,1,1,2016-09-24 14:52:36,2016-09-24 14:52:36
C05014,1,2,2016-09-20 03:28:33,2016-10-04 15:40:07
C05015,1,9,2016-07-14 16:14:25,2016-12-23 09:56:12
C05016,1,1,2016-09-17 19:16:38,2016-09-17 19:16:38
C05017,1,4,2016-08-20 05:41:50,2016-09-15 23:10:47
C05018,1,1,2016-08-04 06:35:48,2016-08-04 06:35:48
C05019,1,1,2016-11-01 03:44:13,2016-11-01 03:44:13
C05020,1,11,2016-07-03 19:57:19,2016-10-31 13:40:08
C05021,1,5,2016-08-01 17:48:24,2016-12-25 01:20:22
C05022,1,9,2016-09-08 10:00:51,2016-12-16 01:49:23
C05023,1,1,2016-09-10 21:10:00,2016-09-10 21:10:00
C05024,1,2,2016-09-13 03:51:54,2016-09-13 04:02:14
C05025,1,16,2016-07-17 16:19:06,2016-12-30 21:59:55
C05026,1,1,2016-07-10 01:30:06,2016-07-10 01:30:06
C05027,1,1,2016-12-08 13:55:10,2016-12-08 13:55:10
C05028,1,8,2016-07-12 03:17:14,2016-12-10 18:06:20
C05029,1,48,2016-07-03 20:52:26,2016-12-26 22:11:54
C05030,1,1,2016-07-21 16:09:48,2016-07-21 16:09:48
C05031,2,4158,2016-07-04 01:29:48,2016-12-31 23:03:33
C05032,1,12,2016-08-15 22:18:33,2016-10-18 00:37:57
C05033,1,1,2016-07-15 01:11:25,2016-07-15 01:11:25
C05034,1,2,2016-07-17 20:04:59,2016-11-17 23:18:11
C05035,1,1,2016-10-24 20:12:42,2016-10-24 20:12:42
C05036,1,1,2016-12-16 15:56:22,2016-12-16 15:56:22
C05037,1,6,2016-08-03 23:54:26,2016-12-11 23:02:53
C05038,1,4,2016-10-19 00:09:18,2016-12-06 23:54:33
C05039,1,47,2016-07-11 01:26:14,2016-12-22 19:44:35
C05040,1,9,2016-07-18 02:32:38,2016-11-16 01:31:53
C05041,1,1,2016-07-26 17:23:44,2016-07-26 17:23:44
C05042,1,1,2016-10-06 03:38:12,2016-10-06 03:38:12
C05043,1,1,2016-07-16 15:23:41,2016-07-16 15:23:41
C05044,1,1,2016-07-13 00:30:54,2016-07-13 00:30:54
C05045,1,1,2016-07-24 19:31:53,2016-07-24 19:31:53
C05046,1,42,2016-07-09 18:45:34,2016-12-30 05:26:04
C05047,1,4,2016-07-29 16:57:41,2016-11-18 00:10:56
C05048,1,5,2016-07-10 02:29:53,2016-11-28 00:24:12
C05049,1,9,2016-07-07 06:00:06,2016-12-28 00:04:42
C05050,1,3,2016-07-06 23:24:36,2016-07-07 17:22:35
C05051,1,1,2016-07-12 15:44:31,2016-07-12 15:44:31
C05052,1,17,2016-07-19 19:03:59,2016-12-31 19:02:22
C05053,1,28,2016-07-05 18:04:56,2016-12-29 23:09:11
C05054,1,3,2016-07-23 18:38:17,2016-08-21 17:28:21
C05055,1,6,2016-07-22 06:16:24,2016-12-30 23:18:14
C05056,1,1,2016-08-20 22:41:31,2016-08-20 22:41:31
C05057,1,4,2016-07-24 06:02:27,2016-12-24 22:50:21
C05058,1,5,2016-07-05 15:01:53,2016-10-29 01:42:48
C05059,1,2,2016-11-19 11:21:07,2016-11-27 03:14:51
C05060,1,1,2016-07-27 20:35:37,2016-07-27 20:35:37
C05061,1,110,2016-07-03 01:11:52,2016-12-31 14:00:17
C05062,2,24,2016-07-05 16:48:01,2016-12-30 18:30:48
C05063,1,61,2016-07-03 19:41:55,2016-12-26 17:51:03
C05064,1,10,2016-07-12 18:17:33,2016-12-21 22:32:09
C05065,1,1,2016-08-01 18:39:56,2016-08-01 18:39:56
C05066,1,2,2016-09-20 17:08:07,2016-12-21 21:19:44
C05067,1,1,2016-11-09 03:03:06,2016-11-09 03:03:06
C05068,1,1,2016-07-20 19:27:53,2016-07-20 19:27:53
C05069,1,1,2016-07-23 01:25:53,2016-07-23 01:25:53
C05070,1,5,2016-07-22 14:47:53,2016-12-13 04:35:53
C05071,1,1,2016-10-18 17:58:55,2016-10-18 17:58:55
C05072,1,13,2016-07-15 19:13:32,2016-11-03 16:08:46
C05073,1,3,2016-09-21 17:31:19,2016-09-23 16:50:51
C05074,1,1,2016-12-22 02:27:21,2016-12-22 02:27:21
C05075,1,3,2016-07-13 04:03:36,2016-07-13 04:18:02
C05076,1,1,2016-09-26 02:17:52,2016-09-26 02:17:52
C05077,2,39,2016-07-07 03:14:49,2016-12-20 16:31:27
C05078,1,78,2016-07-02 01:57:11,2016-12-27 20:22:13
C05079,2,266,2016-07-06 18:29:46,2016-12-31 15:14:47
C05080,1,15,2016-07-20 14:46:50,2016-12-31 02:28:52
C05081,1,7,2016-07-05 01:52:40,2016-11-20 03:37:11
C05082,1,1,2016-07-19 23:03:16,2016-07-19 23:03:16
C05083,1,57,2016-07-03 16:15:41,2016-12-29 19:33:02
C05084,1,14,2016-07-17 22:46:08,2016-11-25 02:50:46
C05085,2,2,2016-10-03 14:24:06,2016-10-05 20:04:09
C05086,1,13,2016-07-17 15:40:43,2016-12-25 14:49:13
C05087,1,3,2016-07-21 11:03:06,2016-11-04 00:42:04
C05088,1,71,2016-07-07 19:06:30,2016-12-28 22:30:07
C05089,1,1,2016-11-26 02:59:06,2016-11-26 02:59:06
C05090,1,18,2016-07-07 13:21:19,2016-12-27 10:34:55
C05091,1,2,2016-07-24 18:27:11,2016-09-28 22:05:03
C05092,1,6,2016-07-14 03:22:54,2016-12-05 19:59:17
C05093,1,1,2016-12-13 03:52:56,2016-12-13 03:52:56
C05094,2,8,2016-07-18 18:16:24,2016-12-10 03:21:16
C05095,1,7,2016-08-03 14:47:54,2016-12-25 16:31:03
C05096,1,5,2016-07-06 18:05:11,2016-10-18 05:46:21
C05097,2,1085,2016-07-06 00:40:29,2016-12-31 23:28:23
C05098,1,2,2016-07-02 04:42:36,2016-11-16 22:01:47
C05099,1,3,2016-08-12 23:14:48,2016-12-28 20:06:14
C05100,1,5,2016-08-21 02:06:09,2016-12-29 03:00:01
C05101,1,2,2016-07-23 23:32:55,2016-07-23 23:54:17
C05102,1,1,2016-08-01 06:44:01,2016-08-01 06:44:01
C05103,1,1,2016-07-08 02:48:16,2016-07-08 02:48:16
C05104,1,2,2016-10-04 19:11:40,2016-10-04 19:36:21
C05105,1,1,2016-07-24 22:06:24,2016-07-24 22:06:24
C05106,1,6,2016-07-07 23:05:10,2016-11-28 01:06:41
C05107,2,41,2016-07-04 23:10:21,2016-12-24 17:35:20
C05108,1,71,2016-07-06 12:36:02,2016-12-28 18:37:36
C05109,1,5,2016-07-26 21:12:30,2016-11-13 00:19:12
C05110,1,4,2016-07-23 18:13:04,2016-11-09 17:35:16
C05111,1,1,2016-07-24 15:37:03,2016-07-24 15:37:03
C05112,1,1,2016-09-12 11:47:31,2016-09-12 11:47:31
C05113,1,4,2016-08-18 03:48:10,2016-12-25 03:13:34
C05114,1,1,2016-08-05 00:38:31,2016-08-05 00:38:31
C05115,2,198,2016-07-02 16:53:46,2016-12-28 20:49:47
C05116,1,76,2016-07-03 22:02:00,2016-12-27 18:45:45
C05117,1,2,2016-11-14 20:02:54,2016-12-13 13:49:52
C05118,1,37,2016-07-03 19:10:36,2016-12-29 23:35:49
C05119,1,1,2016-11-04 15:59:46,2016-11-04 15:59:46
C05120,1,5,2016-07-02 20:45:35,2016-09-12 01:11:54
C05121,1,2,2016-08-28 03:02:38,2016-12-15 05:32:44
C05122,1,5,2016-08-02 20:38:01,2016-11-09 21:01:51
C05123,1,1,2016-11-14 14:20:48,2016-11-14 14:20:48
C05124,1,35,2016-07-07 22:21:49,2016-12-23 21:24:16
C05125,1,15,2016-07-11 16:13:25,2016-12-27 23:16:04
C05126,2,7,2016-07-24 18:46:46,2016-12-29 14:42:34
C05127,1,98,2016-07-06 21:39:03,2016-12-19 22:59:31
C05128,1,525,2016-07-02 04:11:52,2016-12-30 20:44:38
C05129,1,105,2016-07-02 20:10:06,2016-12-30 16:17:36
C05130,1,5,2016-07-16 16:06:18,2016-10-07 03:06:54
C05131,1,2,2016-07-12 18:07:46,2016-07-26 17:55:39
C05132,1,1,2016-07-19 17:48:10,2016-07-19 17:48:10
C05133,1,2,2016-07-27 00:30:54,2016-09-03 23:54:41
C05134,1,1,2016-11-18 19:44:56,2016-11-18 19:44:56
C05135,2,36,2016-07-03 15:52:09,2016-12-25 15:23:45
C05136,1,2,2016-07-12 20:17:53,2016-08-22 20:40:51
C05137,1,2,2016-08-06 16:35:28,2016-08-17 18:42:00
C05138,1,22,2016-07-13 20:37:24,2016-12-25 23:47:55
C05139,1,1,2016-10-27 06:31:17,2016-10-27 06:31:17
C05140,1,2,2016-09-02 18:15:03,2016-11-12 23:38:14
C05141,1,5,2016-07-21 23:21:19,2016-09-10 17:59:31
C05142,1,145,2016-07-03 03:29:00,2016-12-31 21:53:04
C05143,1,1,2016-08-12 17:33:30,2016-08-12 17:33:30
C05144,1,2,2016-10-24 17:05:49,2016-10-24 17:14:23
C05145,1,5,2016-07-04 22:08:36,2016-08-28 19:51:06
C05146,1,59,2016-07-10 19:50:56,2016-12-29 06:37:44
C05147,1,3,2016-07-08 20:38:00,2016-12-18 03:34:37
C05148,1,9,2016-07-19 23:27:30,2016-12-13 20:55:40
C05149,1,3,2016-07-13 20:09:50,2016-10-10 00:29:47
C05150,1,1,2016-08-25 23:59:51,2016-08-25 23:59:51
C05151,1,3,2016-09-03 20:21:11,2016-11-16 23:55:39
C05152,1,1,2016-07-08 04:22:50,2016-07-08 04:22:50
C05153,1,83,2016-07-06 01:07:49,2016-12-28 16:22:04
C05154,1,1,2016-08-07 19:09:44,2016-08-07 19:09:44
C05155,1,3,2016-07-23 21:46:42,2016-08-24 19:25:18
C05156,1,2,2016-09-08 19:46:03,2016-10-13 01:47:55
C05157,1,40,2016-07-14 14:35:02,2016-12-25 21:40:40
C05158,1,1,2016-09-10 23:31:09,2016-09-10 23:31:09
C05159,1,1,2016-08-15 17:16:53,2016-08-15 17:16:53
C05160,1,1,2016-12-03 18:10:13,2016-12-03 18:10:13
C05161,1,3,2016-07-08 18:24:14,2016-07-15 16:46:03
C05162,1,7,2016-08-03 23:29:43,2016-09-24 03:55:24
C05163,1,6,2016-07-24 15:13:10,2016-12-14 23:17:09
C05164,1,28,2016-07-02 19:17:39,2016-12-07 16:13:16
C05165,1,1,2016-08-09 23:45:08,2016-08-09 23:45:08
C05166,1,19,2016-07-21 14:03:16,2016-12-28 07:54:08
C05167,1,7,2016-10-12 16:01:33,2016-10-12 18:28:49
C05168,1,1,2016-07-12 07:45:39,2016-07-12 07:45:39
C05169,1,1,2016-12-29 05:04:47,2016-12-29 05:04:47
C05170,1,7,2016-07-14 09:06:07,2016-10-04 22:23:43
C05171,1,62,2016-07-02 17:27:37,2016-12-26 21:00:07
C05172,1,4,2016-07-15 23:56:42,2016-08-11 20:58:25
C05173,1,2,2016-08-31 18:44:26,2016-09-06 18:48:29
C05174,1,10,2016-07-20 15:29:20,2016-09-29 21:25:19
C05175,1,27,2016-07-07 02:52:13,2016-12-10 01:57:13
C05176,1,15,2016-07-10 18:07:43,2016-12-19 21:06:05
C05177,1,3,2016-10-29 12:41:31,2016-10-29 14:56:15
C05178,1,1,2016-09-30 00:52:14,2016-09-30 00:52:14
C05179,1,5,2016-09-22 02:46:26,2016-11-21 02:00:47
C05180,1,2,2016-08-18 23:04:52,2016-08-18 23:09:32
C05181,1,1,2016-12-23 20:51:22,2016-12-23 20:51:22
C05182,1,6,2016-07-03 16:41:51,2016-08-18 16:15:28
C05183,1,1,2016-07-21 18:50:11,2016-07-21 18:50:11
C05184,1,11,2016-07-14 18:02:20,2016-10-07 20:09:40
C05185,1,17,2016-07-05 03:19:03,2016-12-24 02:23:00
C05186,1,1,2016-11-22 17:00:49,2016-11-22 17:00:49
C05187,1,3,2016-08-08 14:12:01,2016-10-05 21:07:22
C05188,1,5,2016-08-15 00:48:42,2016-12-20 13:22:51
C05189,1,1,2016-09-30 00:19:09,2016-09-30 00:19:09
C05190,1,1,2016-11-22 17:52:16,2016-11-22 17:52:16
C05191,1,26,2016-07-06 01:13:52,2016-12-29 16:15:08
C05192,2,240,2016-07-05 00:23:41,2016-12-31 22:43:24
C05193,1,1,2016-07-14 16:46:05,2016-07-14 16:46:05
C05194,1,12,2016-07-10 22:33:31,2016-12-14 12:20:35
C05195,1,11,2016-07-24 21:10:21,2016-12-02 23:53:41
C05196,1,34,2016-07-02 03:33:25,2016-12-24 01:22:44
C05197,1,1,2016-07-19 06:47:43,2016-07-19 06:47:43
C05198,1,1,2016-10-03 23:34:54,2016-10-03 23:34:54
C05199,1,38,2016-07-05 14:53:16,2016-12-31 08:56:06
C05200,1,4,2016-11-02 04:23:29,2016-12-23 23:52:45
C05201,1,15,2016-09-19 23:40:16,2016-10-08 20:29:04
C05202,1,1,2016-08-06 23:21:28,2016-08-06 23:21:28
C05203,1,1,2016-07-15 01:25:19,2016-07-15 01:25:19
C05204,1,3,2016-10-14 19:17:04,2016-10-14 19:45:46
C05205,1,36,2016-07-26 18:22:05,2016-12-31 15:57:38
C05206,1,13,2016-09-10 19:43:49,2016-12-21 16:07:51
C05207,1,1,2016-07-22 05:00:51,2016-07-22 05:00:51
C05208,1,3,2016-07-31 20:37:51,2016-10-24 07:43:45
C05209,1,19,2016-07-14 19:11:28,2016-12-31 22:13:46
C05210,1,1,2016-07-28 23:11:19,2016-07-28 23:11:19
C05211,1,1,2016-07-16 17:45:05,2016-07-16 17:45:05
C05212,2,19,2016-08-02 16:47:59,2016-12-31 19:12:41
C05213,1,4,2016-07-07 13:50:54,2016-10-13 00:41:12
C05214,1,17,2016-07-06 21:26:07,2016-11-20 14:42:59
C05215,1,39,2016-07-06 05:57:30,2016-12-29 22:05:01
C05216,1,1,2016-09-04 18:03:15,2016-09-04 18:03:15
C05217,1,1,2016-12-15 02:19:32,2016-12-15 02:19:32
C05218,1,3,2016-12-21 04:29:26,2016-12-27 22:48:45
C05219,1,6,2016-07-08 09:35:21,2016-07-29 03:33:52
C05220,1,1,2016-11-08 17:08:36,2016-11-08 17:08:36
C05221,1,2,2016-07-09 03:53:47,2016-08-24 02:38:03
C05222,1,8,2016-09-23 16:32:56,2016-10-27 20:42:44
C05223,1,2,2016-07-14 20:28:30,2016-08-22 22:19:23
C05224,1,1,2016-07-07 21:14:15,2016-07-07 21:14:15
C05225,1,12,2016-07-25 20:25:50,2016-12-16 18:41:55
C05226,1,3,2016-09-07 04:29:32,2016-12-30 10:04:13
C05227,1,1,2016-11-20 13:44:33,2016-11-20 13:44:33
C05228,1,1,2016-07-22 20:23:41,2016-07-22 20:23:41
C05229,1,3,2016-07-23 17:10:54,2016-07-23 17:19:20
C05230,1,3,2016-07-21 17:50:04,2016-09-06 21:40:50
C05231,1,30,2016-07-05 15:46:27,2016-12-23 17:59:31
C05232,1,1,2016-07-18 03:30:37,2016-07-18 03:30:37
C05233,1,6,2016-07-09 17:34:04,2016-10-07 16:47:18
C05234,1,13,2016-07-09 07:14:39,2016-11-30 15:42:12
C05235,1,26,2016-07-05 22:43:00,2016-12-30 14:47:09
C05236,1,1,2016-12-23 21:45:42,2016-12-23 21:45:42
C05237,1,2,2016-10-29 18:12:26,2016-12-17 16:46:17
C05238,1,45,2016-07-05 18:14:35,2016-12-22 22:20:24
C05239,1,3,2016-08-23 18:18:06,2016-10-11 23:44:01
C05240,1,29,2016-07-08 01:43:51,2016-12-28 23:22:34
C05241,1,1,2016-10-02 23:38:25,2016-10-02 23:38:25
C05242,1,1,2016-08-26 15:10:15,2016-08-26 15:10:15
C05243,1,15,2016-07-24 18:04:44,2016-12-06 01:51:22
C05244,1,22,2016-07-06 21:11:15,2016-11-23 19:48:23
C05245,2,6141,2016-07-05 00:13:15,2016-12-31 23:41:24
C05246,1,1,2016-07-25 22:19:09,2016-07-25 22:19:09
C05247,1,9,2016-07-27 22:31:38,2016-12-03 21:18:45
C05248,1,4,2016-07-20 03:09:21,2016-10-27 19:07:36
C05249,1,1,2016-07-06 23:55:03,2016-07-06 23:55:03
C05250,1,8,2016-07-24 13:05:39,2016-11-20 03:08:38
C05251,1,1,2016-09-01 04:42:50,2016-09-01 04:42:50
C05252,1,6,2016-09-10 15:35:39,2016-12-31 02:31:02
C05253,1,37,2016-07-08 02:12:01,2016-12-04 18:28:34
C05254,1,1,2016-07-21 22:21:42,2016-07-21 22:21:42
C05255,1,2,2016-09-13 02:29:14,2016-12-31 16:03:47
C05256,1,1,2016-12-06 18:16:03,2016-12-06 18:16:03
C05257,1,47,2016-07-05 11:21:26,2016-11-29 17:44:35
C05258,1,20,2016-07-02 06:03:03,2016-11-16 16:28:10
C05259,1,5,2016-07-03 01:01:14,2016-12-27 18:41:43
C05260,1,9,2016-07-09 15:43:27,2016-11-22 03:27:19
C05261,1,1,2016-11-15 18:07:18,2016-11-15 18:07:18
C05262,1,2,2016-11-23 13:28:00,2016-11-23 13:45:55
C05263,2,650,2016-07-04 06:01:20,2016-12-31 23:39:33
C05264,1,21,2016-07-09 19:43:53,2016-12-30 22:29:10
C05265,1,2,2016-08-21 17:04:17,2016-09-05 18:10:59
C05266,1,1,2016-07-22 17:00:10,2016-07-22 17:00:10
C05267,1,32,2016-07-12 00:23:05,2016-12-14 14:16:30
C05268,1,49,2016-07-08 00:51:55,2016-12-29 12:44:17
C05269,1,2,2016-08-01 20:17:02,2016-10-05 22:11:33
C05270,1,5,2016-07-22 22:52:13,2016-11-07 13:15:16
C05271,1,2,2016-11-16 13:54:37,2016-12-21 15:36:49
C05272,1,2,2016-08-05 22:56:45,2016-09-21 04:08:53
C05273,1,1,2016-09-23 17:26:50,2016-09-23 17:26:50
C05274,1,10,2016-09-09 21:43:15,2016-09-25 21:59:00
C05275,1,6,2016-07-26 02:22:34,2016-11-24 21:44:08
C05276,2,198,2016-07-02 04:49:05,2016-12-26 12:49:45
C05277,1,11,2016-07-02 04:58:38,2016-12-19 21:27:16
C05278,1,2,2016-12-02 16:42:44,2016-12-20 14:49:42
C05279,1,4,2016-07-14 16:40:02,2016-12-13 14:20:24
C05280,1,3,2016-10-06 06:12:10,2016-11-17 08:00:25
C05281,1,3,2016-07-18 18:36:37,2016-12-10 12:08:01
C05282,1,6,2016-07-17 00:17:01,2016-12-29 03:23:44
C05283,1,190,2016-07-02 00:26:06,2016-12-28 15:02:06
C05284,2,54,2016-07-08 18:41:57,2016-12-24 17:33:43
C05285,1,6,2016-07-04 14:50:57,2016-11-04 23:52:26
C05286,1,1,2016-11-04 23:24:43,2016-11-04 23:24:43
C05287,1,5,2016-07-17 20:04:12,2016-10-07 15:13:44
C05288,1,7,2016-07-25 22:12:58,2016-11-25 14:09:39
C05289,2,683,2016-07-02 23:49:01,2016-12-31 23:34:12
C05290,2,161,2016-07-03 13:57:31,2016-12-29 23:44:26
C05291,1,3,2016-08-17 21:05:12,2016-11-08 19:49:42
C05292,1,209,2016-07-06 18:18:08,2016-12-28 20:21:31
C05293,1,1,2016-12-23 14:00:01,2016-12-23 14:00:01
C05294,1,1,2016-08-14 23:31:19,2016-08-14 23:31:19
C05295,1,7,2016-07-16 05:14:15,2016-12-19 02:53:41
C05296,1,1,2016-07-26 19:25:50,2016-07-26 19:25:50
C05297,1,2,2016-07-08 23:52:45,2016-08-30 20:12:02
C05298,1,11,2016-09-13 21:42:56,2016-12-15 15:04:43
C05299,1,1,2016-10-29 23:56:10,2016-10-29 23:56:10
C05300,1,2,2016-07-04 22:58:26,2016-08-12 23:07:12
C05301,1,1,2016-10-02 15:33:44,2016-10-02 15:33:44
C05302,1,31,2016-07-10 11:41:34,2016-12-27 01:31:12
C05303,1,15,2016-07-21 16:11:46,2016-12-21 22:58:17
C05304,1,4,2016-07-14 11:31:39,2016-09-28 20:20:39
C05305,1,10,2016-07-21 01:47:38,2016-11-19 22:55:31
C05306,1,4,2016-07-22 17:42:55,2016-11-18 00:03:35
C05307,2,919,2016-07-04 03:46:50,2016-12-31 21:42:39
C05308,1,18,2016-07-17 15:55:19,2016-12-16 20:39:31
C05309,1,21,2016-07-06 17:55:25,2016-12-23 21:55:40
C05310,1,1,2016-10-04 15:59:02,2016-10-04 15:59:02
C05311,1,1,2016-11-13 22:53:15,2016-11-13 22:53:15
C05312,1,50,2016-07-02 01:07:47,2016-12-29 17:07:19
C05313,1,8,2016-07-17 16:45:34,2016-12-10 20:54:46
C05314,1,18,2016-07-04 16:03:12,2016-12-12 15:14:45
C05315,1,1,2016-08-18 05:15:16,2016-08-18 05:15:16
C05316,1,1,2016-12-08 15:45:28,2016-12-08 15:45:28
C05317,1,3,2016-08-03 17:26:54,2016-12-09 20:33:44
C05318,2,50,2016-07-02 19:15:10,2016-12-28 18:37:59
C05319,1,1,2016-11-01 04:26:51,2016-11-01 04:26:51
C05320,1,9,2016-09-10 22:41:03,2016-11-29 17:23:23
C05321,1,16,2016-07-11 00:40:34,2016-12-09 14:24:01
C05322,1,1,2016-08-21 14:17:38,2016-08-21 14:17:38
C05323,1,6,2016-07-31 18:07:02,2016-11-04 15:14:56
C05324,1,4,2016-07-15 19:29:14,2016-08-18 22:37:38
C05325,1,3,2016-07-22 03:24:21,2016-07-27 13:00:46
C05326,2,4,2016-07-10 13:16:04,2016-12-30 19:02:27
C05327,1,17,2016-07-03 00:31:10,2016-12-18 02:09:15
C05328,1,1,2016-12-31 21:09:01,2016-12-31 21:09:01
C05329,1,1,2016-10-09 04:31:29,2016-10-09 04:31:29
C05330,2,12,2016-07-19 01:05:22,2016-12-21 21:02:24
C05331,1,2,2016-07-10 00:39:19,2016-12-09 19:51:19
C05332,1,19,2016-07-03 01:16:51,2016-12-19 13:29:14
C05333,1,1,2016-11-18 15:32:09,2016-11-18 15:32:09
C05334,1,1,2016-08-14 02:24:26,2016-08-14 02:24:26
C05335,1,14,2016-07-04 17:09:03,2016-12-24 20:19:57
C05336,1,5,2016-07-20 23:58:58,2016-10-06 22:18:09
C05337,1,8,2016-07-17 02:54:13,2016-12-12 01:13:25
C05338,1,1,2016-09-21 04:26:03,2016-09-21 04:26:03
C05339,1,1,2016-11-12 22:36:33,2016-11-12 22:36:33
C05340,1,5,2016-07-25 15:54:38,2016-10-25 12:54:38
C05341,1,26,2016-07-18 00:26:25,2016-12-21 15:24:14
C05342,1,4,2016-07-11 02:36:21,2016-12-03 14:28:59
C05343,1,13,2016-07-08 17:10:26,2016-11-23 13:35:11
C05344,1,1,2016-08-20 05:18:22,2016-08-20 05:18:22
C05345,1,84,2016-07-06 02:21:07,2016-12-30 11:23:54
C05346,1,8,2016-07-03 19:16:56,2016-10-02 13:19:01
C05347,1,54,2016-07-06 22:21:36,2016-12-28 15:37:36
C05348,1,1,2016-07-26 05:25:19,2016-07-26 05:25:19
C05349,1,1,2016-12-04 19:26:20,2016-12-04 19:26:20
C05350,1,1,2016-09-01 12:16:42,2016-09-01 12:16:42
C05351,1,23,2016-07-10 00:43:02,2016-12-15 11:57:27
C05352,1,3,2016-07-16 17:51:32,2016-09-06 02:58:12
C05353,1,2,2016-11-15 14:40:25,2016-12-18 00:20:53
C05354,1,3,2016-07-26 00:38:52,2016-12-29 18:39:19
C05355,1,11,2016-07-10 02:09:27,2016-12-26 00:01:41
C05356,1,1,2016-08-31 20:04:20,2016-08-31 20:04:20
C05357,1,2,2016-11-19 14:25:51,2016-11-19 14:26:58
C05358,1,2,2016-07-22 16:29:37,2016-11-20 18:11:40
C05359,1,52,2016-07-03 14:50:42,2016-12-28 17:49:58
C05360,1,14,2016-07-11 17:41:06,2016-11-22 13:31:05
C05361,1,1,2016-09-01 16:49:18,2016-09-01 16:49:18
C05362,1,253,2016-07-02 00:43:39,2016-12-28 14:52:33
C05363,1,3,2016-07-21 05:31:52,2016-11-15 00:59:16
C05364,1,1,2016-12-11 22:53:21,2016-12-11 22:53:21
C05365,1,5,2016-08-01 15:51:10,2016-12-30 19:34:38
C05366,1,9,2016-08-01 03:18:20,2016-09-03 00:08:12
C05367,1,21,2016-07-08 19:28:01,2016-12-29 18:00:11
C05368,1,2,2016-07-10 19:07:37,2016-11-20 19:24:39
C05369,1,25,2016-07-09 23:07:16,2016-12-31 12:58:32
C05370,1,2,2016-08-06 14:01:48,2016-09-15 22:23:17
C05371,1,1,2016-11-24 19:12:14,2016-11-24 19:12:14
C05372,1,9,2016-07-09 17:52:49,2016-11-16 16:44:20
C05373,1,3,2016-08-29 18:06:11,2016-08-29 18:12:08
C05374,1,3,2016-10-30 20:24:48,2016-11-28 17:19:53
C05375,1,5,2016-12-15 17:03:04,2016-12-30 21:14:03
C05376,1,5,2016-12-23 20:27:44,2016-12-23 21:19:31
C05377,1,4,2016-07-12 16:13:53,2016-07-27 00:23:27
C05378,2,352,2016-07-06 15:47:03,2016-12-31 18:22:58
C05379,1,6,2016-07-13 14:27:15,2016-12-17 19:52:04
C05380,1,1,2016-07-04 19:58:03,2016-07-04 19:58:03
C05381,2,2818,2016-07-05 01:40:42,2016-12-31 23:57:10
C05382,1,1,2016-09-07 18:59:43,2016-09-07 18:59:43
C05383,1,37,2016-07-12 21:24:55,2016-12-31 20:57:14
C05384,1,1,2016-07-12 14:15:42,2016-07-12 14:15:42
C05385,2,130,2016-07-04 04:20:08,2016-12-27 23:42:44
C05386,1,4,2016-07-16 00:05:02,2016-07-26 09:34:30
C05387,1,1,2016-09-14 17:35:04,2016-09-14 17:35:04
C05388,1,3,2016-08-29 01:19:44,2016-12-09 22:58:35
C05389,1,1,2016-10-08 06:39:59,2016-10-08 06:39:59
C05390,1,5,2016-07-10 17:49:53,2016-08-07 05:06:14
C05391,1,8,2016-08-12 15:34:47,2016-12-19 05:41:37
C05392,1,6,2016-07-10 21:10:25,2016-12-25 23:39:35
C05393,1,5,2016-07-02 21:48:39,2016-07-09 16:26:55
C05394,1,1,2016-10-19 23:50:14,2016-10-19 23:50:14
C05395,1,7,2016-07-30 20:08:26,2016-12-16 19:20:28
C05396,1,2,2016-07-22 18:03:42,2016-10-07 22:23:46
C05397,1,36,2016-07-10 22:41:38,2016-12-28 22:43:22
C05398,1,3,2016-07-24 23:24:50,2016-11-18 22:36:24
C05399,1,7,2016-08-01 18:51:04,2016-12-08 18:59:25
C05400,1,1,2016-10-08 00:47:35,2016-10-08 00:47:35
C05401,1,6,2016-07-26 17:27:09,2016-12-12 20:23:07
C05402,1,105,2016-07-06 18:18:23,2016-12-31 17:38:26
C05403,1,1,2016-07-29 22:23:01,2016-07-29 22:23:01
C05404,1,30,2016-07-07 06:41:08,2016-12-31 11:12:43
C05405,1,1,2016-10-20 15:44:55,2016-10-20 15:44:55
C05406,1,2,2016-10-16 14:38:38,2016-10-17 16:40:15
C05407,1,1,2016-08-29 00:38:16,2016-08-29 00:38:16
C05408,1,1,2016-07-14 16:03:09,2016-07-14 16:03:09
C05409,1,33,2016-07-13 22:17:10,2016-12-30 15:37:12
C05410,1,34,2016-07-09 17:37:48,2016-12-21 14:52:11
C05411,1,13,2016-07-18 23:20:28,2016-12-13 15:23:54
C05412,1,23,2016-07-15 20:31:34,2016-10-19 00:48:51
C05413,1,1,2016-12-30 17:32:02,2016-12-30 17:32:02
C05414,1,8,2016-08-16 20:43:29,2016-11-27 03:20:24
C05415,1,21,2016-07-06 17:55:30,2016-12-10 12:59:22
C05416,1,15,2016-07-08 21:21:09,2016-12-22 01:53:53
C05417,1,8,2016-07-14 21:59:56,2016-12-14 19:24:47
C05418,1,1,2016-07-29 16:04:03,2016-07-29 16:04:03
C05419,1,122,2016-07-04 15:38:25,2016-12-27 15:02:30
C05420,1,1,2016-07-18 21:25:05,2016-07-18 21:25:05
C05421,1,1,2016-08-17 20:18:50,2016-08-17 20:18:50
C05422,1,1,2016-08-03 21:05:50,2016-08-03 21:05:50
C05423,1,216,2016-07-05 04:15:26,2016-12-30 14:00:14
C05424,1,1,2016-09-26 19:17:27,2016-09-26 19:17:27
C05425,1,1,2016-08-07 19:32:39,2016-08-07 19:32:39
C05426,1,17,2016-07-25 22:30:29,2016-12-25 05:08:46
C05427,1,8,2016-09-30 20:34:15,2016-12-07 23:03:00
C05428,1,32,2016-07-03 17:40:42,2016-12-31 21:51:14
C05429,1,4,2016-08-29 03:22:14,2016-09-25 22:02:33
C05430,1,2,2016-09-13 19:53:46,2016-09-15 01:14:30
C05431,1,1,2016-08-16 22:10:16,2016-08-16 22:10:16
C05432,1,1,2016-09-13 02:26:30,2016-09-13 02:26:30
C05433,1,10,2016-07-24 17:26:26,2016-12-27 19:44:25
C05434,1,1,2016-08-31 22:43:39,2016-08-31 22:43:39
C05435,1,8,2016-07-06 14:51:47,2016-11-25 17:21:23
C05436,1,4,2016-08-25 16:11:07,2016-11-01 00:34:19
C05437,1,4,2016-08-19 17:27:58,2016-11-14 15:44:20
C05438,1,6,2016-07-31 20:35:02,2016-12-03 10:58:29
C05439,1,4,2016-07-09 23:15:29,2016-11-03 23:53:56
C05440,1,2,2016-09-17 13:11:54,2016-11-06 17:56:28
C05441,1,1,2016-07-26 19:51:41,2016-07-26 19:51:41
C05442,1,1,2016-12-13 21:26:12,2016-12-13 21:26:12
C05443,1,19,2016-07-02 16:23:17,2016-12-30 23:49:38
C05444,1,22,2016-07-06 22:41:20,2016-11-13 00:18:07
C05445,1,10,2016-08-26 18:56:58,2016-12-10 16:35:28
C05446,1,4,2016-07-16 00:21:48,2016-09-22 21:51:44
C05447,1,1,2016-08-26 01:47:43,2016-08-26 01:47:43
C05448,2,40,2016-07-02 17:54:25,2016-12-23 12:10:40
C05449,1,7,2016-07-07 01:19:17,2016-12-14 11:13:32
C05450,1,9,2016-07-20 21:47:28,2016-11-09 21:45:27
C05451,1,1,2016-09-19 22:08:59,2016-09-19 22:08:59
C05452,1,2,2016-07-27 22:42:55,2016-10-19 04:57:56
C05453,1,63,2016-07-03 17:42:05,2016-12-27 22:02:48
C05454,1,7,2016-07-29 00:46:12,2016-11-19 06:25:43
C05455,1,14,2016-07-08 14:57:41,2016-10-15 23:26:18
C05456,1,1,2016-07-18 23:08:40,2016-07-18 23:08:40
C05457,1,2,2016-08-30 23:10:59,2016-09-20 19:21:43
C05458,1,1,2016-07-23 02:28:54,2016-07-23 02:28:54
C05459,2,63,2016-07-03 02:20:51,2016-12-15 01:04:39
C05460,1,3,2016-07-11 23:35:39,2016-12-31 17:03:04
C05461,1,7,2016-07-23 01:36:45,2016-11-26 10:06:32
C05462,1,3,2016-11-30 02:38:47,2016-12-03 20:36:21
C05463,1,1,2016-09-22 17:20:20,2016-09-22 17:20:20
C05464,1,2,2016-07-29 02:46:28,2016-11-29 20:41:49
C05465,1,3,2016-10-10 19:20:23,2016-11-21 00:00:55
C05466,1,4,2016-07-10 17:04:28,2016-09-16 01:58:02
C05467,1,294,2016-07-03 14:31:19,2016-12-29 23:04:36
C05468,1,8,2016-08-16 18:16:31,2016-12-19 20:28:07
C05469,1,12,2016-07-04 06:12:06,2016-11-03 18:25:31
C05470,1,20,2016-07-06 03:02:39,2016-12-28 20:35:08
C05471,1,5,2016-09-22 22:24:22,2016-11-24 01:10:50
C05472,1,11,2016-07-18 15:58:46,2016-12-22 13:32:09
C05473,1,5,2016-07-31 23:00:37,2016-12-10 18:44:23
C05474,1,42,2016-07-08 13:25:03,2016-12-30 12:23:39
C05475,1,5,2016-08-02 17:28:23,2016-12-11 21:31:36
C05476,1,3,2016-07-04 02:17:12,2016-12-28 15:28:50
C05477,1,1,2016-07-05 00:51:42,2016-07-05 00:51:42
C05478,1,2,2016-11-06 00:02:17,2016-12-30 18:50:19
C05479,1,3,2016-07-24 01:47:27,2016-07-26 14:52:11
C05480,1,1,2016-07-10 14:54:33,2016-07-10 14:54:33
C05481,1,1,2016-12-13 13:26:42,2016-12-13 13:26:42
C05482,1,1,2016-10-20 16:16:47,2016-10-20 16:16:47
C05483,1,2,2016-09-02 20:26:36,2016-09-13 22:19:17
C05484,1,12,2016-07-09 02:42:24,2016-12-03 18:05:17
C05485,1,17,2016-07-12 13:18:31,2016-12-14 16:00:52
C05486,1,1,2016-08-23 16:58:00,2016-08-23 16:58:00
C05487,1,10,2016-07-14 17:24:20,2016-12-11 20:47:24
C05488,1,2,2016-11-15 16:59:05,2016-12-28 19:03:59
C05489,1,3,2016-07-15 23:19:55,2016-11-13 21:38:23
C05490,1,6,2016-07-09 01:17:12,2016-10-11 03:59:13
C05491,1,6,2016-07-10 12:56:14,2016-07-23 19:18:13
C05492,1,1,2016-12-21 18:01:35,2016-12-21 18:01:35
C05493,1,21,2016-08-01 19:20:31,2016-10-19 20:33:12
C05494,1,1,2016-07-19 22:34:39,2016-07-19 22:34:39
C05495,1,29,2016-07-13 03:55:20,2016-11-07 04:59:41
C05496,1,2,2016-09-08 09:50:30,2016-09-08 14:03:15
C05497,1,12,2016-07-08 00:03:36,2016-11-17 01:21:38
C05498,1,6,2016-07-06 19:14:34,2016-12-20 18:41:52
C05499,1,13,2016-07-16 16:34:01,2016-11-18 17:25:13
C05500,2,27,2016-07-25 00:00:19,2016-12-30 21:20:46
C05501,1,1,2016-12-13 15:24:58,2016-12-13 15:24:58
C05502,1,1,2016-10-11 18:36:21,2016-10-11 18:36:21
C05503,1,9,2016-07-25 18:51:26,2016-12-08 12:47:21
C05504,1,243,2016-07-05 09:16:01,2016-12-31 21:47:22
C05505,1,14,2016-07-12 16:35:02,2016-10-15 23:36:15
C05506,1,21,2016-07-04 19:32:00,2016-12-25 20:18:01
C05507,1,2,2016-09-21 17:11:16,2016-09-21 17:14:24
C05508,1,5,2016-08-01 00:11:39,2016-12-28 22:50:31
C05509,1,227,2016-07-05 21:15:34,2016-12-31 19:26:27
C05510,1,2,2016-11-29 02:21:21,2016-12-04 21:49:10
C05511,1,4,2016-09-03 23:53:30,2016-12-02 22:33:54
C05512,1,7,2016-07-18 09:58:30,2016-10-27 15:09:23
C05513,2,178,2016-07-03 01:43:21,2016-12-26 15:26:28
C05514,1,27,2016-07-11 18:31:44,2016-12-20 17:21:50
C05515,1,6,2016-12-01 15:19:35,2016-12-23 10:11:55
C05516,1,1,2016-07-17 13:11:30,2016-07-17 13:11:30
C05517,1,2,2016-07-26 22:04:09,2016-12-16 15:47:17
C05518,1,1,2016-12-13 13:28:57,2016-12-13 13:28:57
C05519,2,19,2016-07-03 17:13:18,2016-12-24 21:44:47
C05520,1,1,2016-09-12 23:20:11,2016-09-12 23:20:11
C05521,1,2,2016-07-21 01:12:56,2016-07-22 23:44:11
C05522,1,24,2016-07-12 23:47:01,2016-12-26 20:58:00
C05523,1,1,2016-09-05 19:46:09,2016-09-05 19:46:09
C05524,1,9,2016-08-14 15:34:20,2016-12-27 21:01:17
C05525,1,1,2016-10-23 16:37:35,2016-10-23 16:37:35
C05526,1,1,2016-08-13 01:25:12,2016-08-13 01:25:12
C05527,1,1,2016-09-24 04:22:21,2016-09-24 04:22:21
C05528,1,3,2016-08-23 00:50:19,2016-12-28 18:14:38
C05529,1,1,2016-08-27 22:05:07,2016-08-27 22:05:07
C05530,2,1492,2016-07-06 00:23:41,2016-12-31 23:57:47
C05531,1,2,2016-10-02 04:20:16,2016-10-02 15:22:08
C05532,1,2,2016-11-15 21:44:27,2016-11-20 12:19:32
C05533,1,1,2016-07-22 06:34:39,2016-07-22 06:34:39
C05534,1,1,2016-12-25 17:20:48,2016-12-25 17:20:48
C05535,1,8,2016-07-19 17:28:40,2016-12-24 05:25:48
C05536,1,2,2016-09-10 11:32:49,2016-10-07 19:40:34
C05537,1,7,2016-07-23 01:28:48,2016-12-14 19:22:19
C05538,1,4,2016-10-10 18:44:24,2016-12-08 12:15:22
C05539,1,33,2016-08-13 15:45:36,2016-12-15 19:13:52
C05540,1,2,2016-07-03 07:34:11,2016-07-04 01:37:31
C05541,2,2,2016-09-05 14:59:45,2016-11-14 02:21:17
C05542,1,1,2016-07-03 00:25:26,2016-07-03 00:25:26
C05543,1,1,2016-07-20 14:44:01,2016-07-20 14:44:01
C05544,1,8,2016-07-22 23:42:57,2016-10-02 00:31:19
C05545,1,1,2016-10-31 04:22:29,2016-10-31 04:22:29
C05546,1,3,2016-08-17 12:06:13,2016-12-02 22:33:51
C05547,1,3,2016-07-05 14:26:27,2016-11-22 10:31:02
C05548,1,17,2016-07-05 21:08:42,2016-12-24 11:53:28
C05549,1,1,2016-08-02 21:56:56,2016-08-02 21:56:56
C05550,1,1,2016-10-01 02:11:49,2016-10-01 02:11:49
C05551,2,1277,2016-07-03 03:02:05,2016-12-31 21:00:40
C05552,1,31,2016-07-08 23:06:43,2016-12-22 03:06:41
C05553,1,4,2016-07-06 14:40:03,2016-09-27 20:14:15
C05554,1,10,2016-07-09 04:29:51,2016-11-24 11:51:05
C05555,1,10,2016-07-05 00:00:26,2016-12-29 17:42:03
C05556,1,16,2016-07-09 18:15:54,2016-12-17 20:05:36
C05557,1,1,2016-11-20 23:28:43,2016-11-20 23:28:43
C05558,1,1,2016-07-17 16:54:19,2016-07-17 16:54:19
C05559,1,6,2016-07-19 15:34:15,2016-12-26 21:54:45
C05560,2,996,2016-07-02 01:23:23,2016-12-28 18:01:47
C05561,1,37,2016-07-10 19:21:51,2016-12-17 16:22:18
C05562,1,2,2016-10-12 13:54:06,2016-10-12 13:59:31
C05563,1,9,2016-07-08 13:43:38,2016-12-13 13:58:45
C05564,1,5,2016-10-10 01:26:18,2016-12-31 17:06:17
C05565,1,3,2016-07-30 00:32:02,2016-09-09 17:14:49
C05566,1,38,2016-07-03 18:45:10,2016-12-27 15:44:46
C05567,1,8,2016-08-27 18:23:41,2016-12-25 17:10:18
C05568,1,2,2016-07-16 18:07:54,2016-07-16 21:46:24
C05569,1,5,2016-12-13 02:47:44,2016-12-21 03:37:21
C05570,1,1,2016-08-18 22:45:21,2016-08-18 22:45:21
C05571,1,5,2016-07-14 00:04:50,2016-10-17 18:45:17
C05572,1,37,2016-07-19 01:25:35,2016-12-23 16:11:42
C05573,1,1,2016-12-30 20:28:23,2016-12-30 20:28:23
C05574,1,4,2016-07-03 12:59:08,2016-10-04 22:38:17
C05575,1,1,2016-09-22 16:27:52,2016-09-22 16:27:52
C05576,1,9,2016-07-02 21:39:30,2016-11-01 20:28:28
C05577,1,1,2016-11-02 23:12:03,2016-11-02 23:12:03
C05578,1,1,2016-12-04 00:57:11,2016-12-04 00:57:11
C05579,1,15,2016-07-23 22:40:32,2016-12-30 00:54:46
C05580,1,1,2016-11-14 17:15:00,2016-11-14 17:15:00
C05581,1,3,2016-07-24 01:57:29,2016-07-24 02:13:13
C05582,1,1,2016-11-06 16:31:28,2016-11-06 16:31:28
C05583,1,4,2016-07-26 03:07:54,2016-08-05 05:02:33
C05584,1,1,2016-07-09 18:41:49,2016-07-09 18:41:49
C05585,1,29,2016-07-12 16:15:23,2016-12-04 17:44:43
C05586,1,1,2016-07-15 06:55:09,2016-07-15 06:55:09
C05587,1,1,2016-07-03 18:22:02,2016-07-03 18:22:02
C05588,1,1,2016-07-22 15:20:51,2016-07-22 15:20:51
C05589,1,1,2016-07-07 16:03:57,2016-07-07 16:03:57
C05590,1,4,2016-07-22 19:36:17,2016-07-22 19:48:13
C05591,1,2,2016-10-14 20:06:32,2016-10-15 22:04:13
C05592,1,2,2016-08-05 16:33:02,2016-10-01 14:38:35
C05593,1,1,2016-08-29 02:12:14,2016-08-29 02:12:14
C05594,2,84,2016-07-06 00:16:24,2016-12-31 14:42:25
C05595,2,54,2016-07-02 16:05:35,2016-12-28 22:43:11
C05596,2,6,2016-07-10 21:52:29,2016-12-26 21:30:49
C05597,1,16,2016-07-12 23:15:37,2016-10-31 17:27:20
C05598,1,9,2016-11-03 00:10:40,2016-12-31 00:34:18
C05599,1,1,2016-11-19 13:43:22,2016-11-19 13:43:22
C05600,1,19,2016-07-09 15:16:44,2016-12-12 15:10:56
C05601,1,29,2016-07-23 18:13:23,2016-12-05 16:50:21
C05602,1,1,2016-07-21 17:29:56,2016-07-21 17:29:56
C05603,1,4,2016-07-23 04:54:06,2016-12-10 17:39:34
C05604,2,55,2016-07-13 05:13:33,2016-12-29 23:46:01
C05605,1,47,2016-07-08 20:20:41,2016-12-15 15:04:22
C05606,1,1,2016-08-09 16:02:53,2016-08-09 16:02:53
C05607,1,1,2016-08-24 19:10:30,2016-08-24 19:10:30
C05608,1,2,2016-08-11 21:36:24,2016-08-15 23:29:16
C05609,1,3,2016-09-20 22:20:28,2016-10-09 00:33:12
C05610,1,66,2016-07-03 13:19:50,2016-12-29 14:29:35
C05611,1,28,2016-07-09 20:58:29,2016-12-09 16:37:27
C05612,1,4,2016-07-21 19:07:38,2016-09-07 13:52:11
C05613,1,26,2016-07-07 17:43:21,2016-12-22 15:43:13
C05614,1,2,2016-07-21 19:36:38,2016-09-30 17:02:33
C05615,1,1,2016-12-17 21:23:55,2016-12-17 21:23:55
C05616,1,30,2016-07-21 02:19:12,2016-12-28 21:47:49
C05617,1,4,2016-07-19 15:51:30,2016-10-07 02:04:22
C05618,1,11,2016-07-10 19:10:01,2016-12-13 20:12:29
C05619,1,1,2016-08-28 03:54:36,2016-08-28 03:54:36
C05620,1,4,2016-07-18 22:17:27,2016-12-30 20:06:24
C05621,1,13,2016-07-10 01:58:48,2016-12-15 16:39:59
C05622,2,175,2016-07-02 01:37:39,2016-12-25 20:51:01
C05623,1,22,2016-07-17 12:46:39,2016-12-22 14:44:19
C05624,1,9,2016-07-10 00:39:01,2016-10-09 20:47:20
C05625,2,898,2016-07-04 00:25:22,2016-12-31 23:06:44
C05626,1,1,2016-10-30 19:50:17,2016-10-30 19:50:17
C05627,1,2,2016-09-14 15:26:27,2016-12-03 18:51:33
C05628,1,2,2016-07-30 15:05:14,2016-08-14 01:17:28
C05629,1,3,2016-07-06 18:08:06,2016-10-15 23:59:11
C05630,1,6,2016-07-26 15:42:56,2016-12-28 22:14:13
C05631,1,18,2016-07-04 16:29:42,2016-12-28 01:20:01
C05632,1,2,2016-09-16 16:26:55,2016-09-23 16:28:11
C05633,1,13,2016-08-11 20:56:18,2016-12-27 17:27:23
C05634,1,47,2016-07-06 18:13:34,2016-12-30 23:46:22
C05635,1,3,2016-08-26 21:57:31,2016-11-19 00:12:34
C05636,2,194,2016-07-05 02:58:30,2016-12-31 18:12:52
C05637,1,1,2016-10-15 03:55:00,2016-10-15 03:55:00
C05638,1,1,2016-12-25 02:40:18,2016-12-25 02:40:18
C05639,1,1,2016-07-12 22:36:38,2016-07-12 22:36:38
C05640,1,7,2016-07-15 22:10:07,2016-12-13 22:25:43
C05641,1,1,2016-07-10 18:44:23,2016-07-10 18:44:23
C05642,1,2,2016-09-17 19:44:38,2016-09-17 20:04:13
C05643,1,2,2016-09-06 20:01:11,2016-09-07 18:40:20
C05644,1,1,2016-12-21 18:07:56,2016-12-21 18:07:56
C05645,1,48,2016-07-12 01:02:51,2016-12-31 22:05:36
C05646,1,1,2016-08-25 15:46:09,2016-08-25 15:46:09
C05647,1,9,2016-07-11 21:03:18,2016-12-20 12:38:07
C05648,1,21,2016-07-09 02:26:31,2016-12-26 10:09:32
C05649,1,2,2016-08-04 20:28:38,2016-08-08 23:15:22
C05650,1,13,2016-07-08 03:46:54,2016-12-22 00:00:15
C05651,1,2,2016-09-13 17:01:36,2016-09-13 17:02:43
C05652,1,1,2016-12-31 21:42:49,2016-12-31 21:42:49
C05653,1,5,2016-07-18 17:36:09,2016-12-22 15:09:33
C05654,1,79,2016-07-07 13:30:22,2016-12-29 17:37:45
C05655,1,44,2016-07-07 19:51:20,2016-12-31 02:31:00
C05656,1,2,2016-12-13 22:42:33,2016-12-28 19:01:18
C05657,1,9,2016-08-25 01:21:55,2016-11-26 01:46:02
C05658,1,2,2016-08-04 18:33:44,2016-08-27 19:02:18
C05659,1,5,2016-07-06 21:25:19,2016-09-15 19:43:42
C05660,1,1,2016-08-16 18:04:42,2016-08-16 18:04:42
C05661,1,47,2016-07-06 23:28:22,2016-12-30 16:28:56
C05662,1,1,2016-08-07 15:38:14,2016-08-07 15:38:14
C05663,1,1,2016-07-29 18:52:39,2016-07-29 18:52:39
C05664,1,29,2016-07-04 18:45:03,2016-11-15 13:29:52
C05665,1,6,2016-08-09 00:25:27,2016-10-19 05:30:07
C05666,1,2,2016-07-23 20:20:13,2016-07-25 13:16:21
C05667,1,1,2016-10-28 15:16:43,2016-10-28 15:16:43
C05668,1,1,2016-08-17 18:17:37,2016-08-17 18:17:37
C05669,1,1,2016-07-15 15:33:56,2016-07-15 15:33:56
C05670,1,168,2016-07-07 21:14:54,2016-12-31 21:37:55
C05671,1,1,2016-08-04 18:09:14,2016-08-04 18:09:14
C05672,1,2,2016-12-17 12:44:11,2016-12-31 11:29:21
C05673,1,31,2016-07-03 15:30:48,2016-12-27 23:31:29
C05674,1,2,2016-10-09 17:43:31,2016-12-23 01:44:18
C05675,1,1,2016-11-29 13:26:47,2016-11-29 13:26:47
C05676,1,3,2016-07-11 19:28:10,2016-09-04 18:44:14
C05677,1,51,2016-07-04 23:53:00,2016-12-18 22:01:06
C05678,1,40,2016-07-12 02:26:18,2016-12-31 03:31:41
C05679,1,7,2016-07-18 14:53:25,2016-11-01 23:29:38
C05680,2,3,2016-07-09 18:01:02,2016-10-21 04:07:40
C05681,1,1,2016-07-12 15:47:02,2016-07-12 15:47:02
C05682,1,4,2016-07-23 15:07:14,2016-12-25 13:59:27
C05683,1,49,2016-07-05 20:48:22,2016-12-31 14:44:31
C05684,1,28,2016-07-09 23:38:12,2016-12-24 20:52:29
C05685,1,11,2016-07-20 22:29:48,2016-11-27 20:51:00
C05686,1,5,2016-09-07 00:45:14,2016-10-27 12:53:48
C05687,1,4,2016-07-22 22:26:37,2016-11-13 23:20:57
C05688,1,1,2016-12-09 15:15:37,2016-12-09 15:15:37
C05689,2,702,2016-07-02 01:40:34,2016-12-29 23:42:59
C05690,1,457,2016-07-05 04:00:59,2016-12-31 22:33:57
C05691,1,2,2016-08-07 19:44:21,2016-11-29 03:12:04
C05692,1,23,2016-07-03 20:46:24,2016-12-24 23:54:10
C05693,1,3,2016-08-03 18:56:49,2016-10-11 02:33:20
C05694,1,12,2016-07-03 17:17:30,2016-11-17 00:11:18
C05695,1,9,2016-08-10 08:17:13,2016-11-11 16:23:01
C05696,1,3,2016-09-09 18:11:10,2016-11-22 20:03:38
C05697,1,5,2016-07-16 00:43:23,2016-12-10 02:55:42
C05698,1,33,2016-07-07 19:45:11,2016-12-31 19:30:38
C05699,1,2,2016-07-21 23:06:47,2016-08-09 10:33:06
C05700,1,3,2016-07-22 21:31:02,2016-11-25 14:28:20
C05701,1,1,2016-10-16 00:02:51,2016-10-16 00:02:51
C05702,1,13,2016-07-27 15:43:39,2016-12-21 23:22:38
C05703,1,1,2016-12-05 01:11:40,2016-12-05 01:11:40
C05704,2,2988,2016-07-02 00:24:29,2016-12-30 22:29:32
C05705,1,50,2016-07-05 19:27:08,2016-12-30 01:05:21
C05706,1,1,2016-10-24 17:50:34,2016-10-24 17:50:34
C05707,1,6,2016-07-22 03:53:08,2016-12-18 18:08:13
C05708,1,8,2016-07-13 17:45:00,2016-12-18 15:54:21
C05709,1,18,2016-07-20 06:02:35,2016-12-31 17:55:11
C05710,1,4,2016-08-29 18:10:53,2016-11-13 22:33:40
C05711,1,1,2016-08-20 18:56:05,2016-08-20 18:56:05
C05712,1,38,2016-07-08 12:47:49,2016-12-27 12:11:45
C05713,1,104,2016-07-07 21:59:30,2016-12-29 11:40:21
C05714,2,68,2016-07-05 16:12:27,2016-12-28 17:26:09
C05715,1,12,2016-08-15 19:55:56,2016-12-13 18:16:47
C05716,1,1,2016-07-19 22:34:31,2016-07-19 22:34:31
C05717,1,2,2016-11-14 14:36:29,2016-12-05 02:20:43
C05718,1,18,2016-07-06 04:30:34,2016-12-20 22:45:31
C05719,1,2,2016-09-12 00:34:34,2016-09-12 00:45:06
C05720,1,8,2016-07-22 00:04:32,2016-12-01 00:16:01
C05721,1,1,2016-08-30 14:46:56,2016-08-30 14:46:56
C05722,1,1,2016-08-30 02:10:57,2016-08-30 02:10:57
C05723,1,7,2016-07-11 02:05:14,2016-12-16 03:47:27
C05724,1,2,2016-07-21 22:27:30,2016-11-12 21:22:12
C05725,1,2,2016-07-05 11:54:09,2016-12-24 00:54:04
C05726,1,3,2016-07-19 16:07:30,2016-12-25 03:13:17
C05727,1,1,2016-09-01 18:59:42,2016-09-01 18:59:42
C05728,1,44,2016-07-09 13:40:23,2016-12-22 21:10:49
C05729,1,2,2016-07-04 22:44:10,2016-07-18 17:01:16
C05730,1,2,2016-12-23 16:20:36,2016-12-23 16:59:02
C05731,1,54,2016-07-13 02:34:29,2016-12-27 02:24:34
C05732,1,6,2016-09-19 00:29:48,2016-12-11 14:30:56
C05733,1,52,2016-07-05 23:08:09,2016-12-23 14:56:59
C05734,1,9,2016-07-09 22:46:25,2016-12-01 17:12:25
C05735,1,23,2016-07-06 04:42:18,2016-10-20 23:34:28
C05736,1,28,2016-07-03 12:19:25,2016-12-28 21:35:22
C05737,1,1,2016-09-21 21:26:15,2016-09-21 21:26:15
C05738,1,19,2016-07-03 15:29:52,2016-10-31 14:30:14
C05739,2,62,2016-07-04 04:09:45,2016-12-30 19:31:59
C05740,1,1,2016-07-28 23:23:12,2016-07-28 23:23:12
C05741,1,3,2016-07-13 00:40:46,2016-12-18 18:07:33
C05742,1,4,2016-07-25 20:22:39,2016-09-19 12:05:03
C05743,1,2,2016-07-21 12:43:09,2016-09-01 15:35:55
C05744,2,3,2016-11-15 21:05:54,2016-12-31 22:03:04
C05745,1,2,2016-12-18 17:07:43,2016-12-18 17:18:16
C05746,1,8,2016-07-04 19:11:28,2016-12-28 12:31:35
C05747,1,10,2016-07-04 19:49:00,2016-12-09 19:04:06
C05748,1,8,2016-07-03 21:11:49,2016-12-12 20:45:37
C05749,1,1,2016-12-25 22:24:52,2016-12-25 22:24:52
C05750,1,7,2016-07-18 18:45:49,2016-12-20 21:50:42
C05751,2,41,2016-07-04 03:03:23,2016-12-29 12:13:31
C05752,1,1,2016-11-07 00:55:15,2016-11-07 00:55:15
C05753,1,108,2016-07-03 04:55:51,2016-12-28 01:52:44
C05754,1,1,2016-08-24 22:07:45,2016-08-24 22:07:45
C05755,1,17,2016-07-16 00:30:00,2016-12-11 14:27:59
C05756,1,5,2016-07-14 23:26:14,2016-11-13 20:06:03
C05757,1,4,2016-09-09 16:22:45,2016-10-17 20:04:07
C05758,1,1,2016-12-07 21:34:52,2016-12-07 21:34:52
C05759,1,6,2016-07-21 20:44:29,2016-12-11 21:29:36
C05760,1,4,2016-07-05 22:36:29,2016-12-25 16:54:40
C05761,1,7,2016-07-07 21:47:10,2016-10-17 16:15:29
C05762,1,2,2016-09-20 19:04:44,2016-12-15 23:18:37
C05763,1,7,2016-11-13 22:50:46,2016-11-29 01:03:02
C05764,1,5,2016-07-21 17:41:23,2016-11-28 15:55:09
C05765,1,1,2016-12-14 22:42:37,2016-12-14 22:42:37
C05766,1,85,2016-07-03 22:08:25,2016-12-21 14:37:44
C05767,1,26,2016-07-04 20:45:34,2016-12-21 16:48:38
C05768,1,1,2016-12-18 19:38:11,2016-12-18 19:38:11
C05769,1,1,2016-07-04 17:30:19,2016-07-04 17:30:19
C05770,1,41,2016-07-07 17:44:42,2016-12-24 03:29:51
C05771,1,1,2016-10-26 04:03:06,2016-10-26 04:03:06
C05772,1,223,2016-07-05 00:06:44,2016-12-31 17:11:32
C05773,1,1,2016-07-09 05:16:54,2016-07-09 05:16:54
C05774,1,3,2016-09-01 14:41:37,2016-10-06 15:34:17
C05775,1,2,2016-08-23 23:52:56,2016-08-24 00:13:43
C05776,1,9,2016-07-20 22:30:03,2016-11-01 13:03:41
C05777,1,13,2016-08-09 17:34:58,2016-12-30 16:43:35
C05778,1,2,2016-07-20 02:20:14,2016-11-23 02:50:13
C05779,1,1,2016-09-09 22:40:19,2016-09-09 22:40:19
C05780,1,3,2016-07-19 18:31:03,2016-07-19 18:37:31
C05781,1,13,2016-07-13 22:36:52,2016-11-01 15:21:42
C05782,2,457,2016-07-02 13:59:48,2016-12-28 23:46:36
C05783,1,3,2016-08-18 20:07:06,2016-12-14 20:46:54
C05784,1,1,2016-08-09 17:12:16,2016-08-09 17:12:16
C05785,1,8,2016-07-19 19:19:19,2016-11-07 14:20:30
C05786,2,447,2016-07-03 12:43:39,2016-12-30 21:22:06
C05787,1,9,2016-07-18 02:15:28,2016-12-18 13:48:33
C05788,1,6,2016-07-23 19:49:29,2016-10-29 16:32:59
C05789,1,1,2016-10-19 19:23:54,2016-10-19 19:23:54
C05790,1,2,2016-07-10 02:47:25,2016-08-14 03:29:16
C05791,2,382,2016-07-04 02:13:36,2016-12-31 18:30:43
C05792,1,4,2016-10-07 04:55:51,2016-11-02 01:26:43
C05793,1,14,2016-07-17 00:56:20,2016-12-09 20:34:12
C05794,1,1,2016-07-21 17:55:25,2016-07-21 17:55:25
C05795,1,1,2016-07-16 00:51:32,2016-07-16 00:51:32
C05796,1,2,2016-08-07 09:04:19,2016-10-16 18:02:38
C05797,1,24,2016-07-08 22:51:03,2016-12-20 17:43:16
C05798,1,5,2016-07-16 14:22:11,2016-11-06 18:05:50
C05799,1,38,2016-07-29 09:08:51,2016-12-25 12:07:27
C05800,1,6,2016-08-18 22:10:30,2016-12-10 19:10:52
C05801,1,7,2016-07-04 21:26:20,2016-10-03 01:50:01
C05802,1,7,2016-07-08 15:47:46,2016-12-21 23:47:13
C05803,1,1,2016-10-03 23:18:11,2016-10-03 23:18:11
C05804,1,3,2016-09-02 12:56:10,2016-12-07 16:16:57
C05805,1,2,2016-12-21 20:30:26,2016-12-21 20:30:47
C05806,1,4,2016-08-24 18:21:56,2016-11-24 20:40:31
C05807,1,3,2016-07-21 01:56:10,2016-12-11 22:58:53
C05808,1,18,2016-07-03 08:19:40,2016-12-10 18:04:50
C05809,1,13,2016-07-20 17:50:17,2016-12-07 14:29:14
C05810,1,5,2016-07-07 18:03:22,2016-09-21 19:18:25
C05811,1,1,2016-07-14 16:54:31,2016-07-14 16:54:31
C05812,1,9,2016-07-11 03:35:08,2016-12-25 02:52:12
C05813,1,3,2016-08-04 16:37:51,2016-11-24 10:30:18
C05814,2,185,2016-07-07 00:56:28,2016-12-31 03:13:29
C05815,1,1,2016-07-30 23:45:48,2016-07-30 23:45:48
C05816,1,5,2016-07-14 19:47:22,2016-11-08 15:04:24
C05817,1,4,2016-07-29 21:39:35,2016-09-10 00:44:36
C05818,1,16,2016-07-05 18:37:20,2016-12-01 13:11:08
C05819,1,7,2016-08-06 14:32:54,2016-12-28 13:38:29
C05820,1,92,2016-07-02 22:34:57,2016-12-30 13:17:48
C05821,1,18,2016-09-15 21:26:46,2016-10-18 21:13:43
C05822,1,37,2016-07-09 21:54:19,2016-12-31 17:52:51
C05823,1,1,2016-11-25 19:56:09,2016-11-25 19:56:09
C05824,1,5,2016-07-08 01:33:11,2016-12-14 18:20:26
C05825,1,56,2016-07-11 16:08:48,2016-12-25 21:32:08
C05826,1,8,2016-07-25 06:46:31,2016-11-21 18:41:20
C05827,1,1,2016-07-28 15:59:48,2016-07-28 15:59:48
C05828,1,1,2016-12-31 02:06:59,2016-12-31 02:06:59
C05829,1,1,2016-10-08 17:51:41,2016-10-08 17:51:41
C05830,1,1,2016-10-01 12:24:32,2016-10-01 12:24:32
C05831,1,20,2016-07-07 18:31:04,2016-12-20 03:51:25
C05832,1,46,2016-07-20 13:56:57,2016-12-30 12:28:21
C05833,1,141,2016-07-06 14:45:09,2016-12-30 13:19:47
C05834,1,6,2016-08-23 00:47:43,2016-10-18 11:02:36
C05835,3,7,2016-07-16 16:03:05,2016-11-15 14:32:59
C05836,1,7,2016-07-13 20:56:12,2016-11-12 19:45:43
C05837,1,1,2016-07-18 23:40:22,2016-07-18 23:40:22
C05838,1,1,2016-07-29 03:47:39,2016-07-29 03:47:39
C05839,1,1,2016-07-13 16:42:27,2016-07-13 16:42:27
C05840,1,2,2016-07-23 19:36:55,2016-09-26 21:06:24
C05841,1,1,2016-07-06 00:28:45,2016-07-06 00:28:45
C05842,1,3,2016-09-17 17:59:13,2016-10-29 17:38:06
C05843,1,6,2016-07-20 18:40:25,2016-08-29 20:31:00
C05844,1,10,2016-07-10 22:32:17,2016-12-15 19:41:59
C05845,1,10,2016-07-06 00:47:55,2016-12-20 22:00:48
C05846,1,27,2016-07-03 15:58:48,2016-12-22 22:46:47
C05847,1,2,2016-07-25 20:33:17,2016-08-18 17:35:08
C05848,1,1,2016-12-03 18:31:26,2016-12-03 18:31:26
C05849,1,2,2016-07-07 18:27:40,2016-09-06 00:28:31
C05850,1,1,2016-08-07 17:58:14,2016-08-07 17:58:14
C05851,1,28,2016-07-06 22:30:07,2016-12-26 16:55:27
C05852,1,9,2016-07-13 00:23:48,2016-12-22 19:52:34
C05853,1,5,2016-07-15 19:30:22,2016-07-25 19:03:27
C05854,1,194,2016-07-02 00:59:28,2016-12-29 10:19:36
C05855,1,28,2016-07-07 03:00:39,2016-10-29 01:23:02
C05856,1,1,2016-07-21 16:46:59,2016-07-21 16:46:59
C05857,1,8,2016-10-21 15:23:20,2016-12-26 23:37:32
C05858,1,53,2016-07-04 18:00:05,2016-12-16 20:05:03
C05859,1,305,2016-07-03 12:35:15,2016-12-30 23:03:36
C05860,2,14,2016-07-07 20:57:47,2016-12-29 00:20:15
C05861,1,18,2016-07-09 14:28:59,2016-12-30 02:10:12
C05862,1,3,2016-10-09 17:33:03,2016-12-25 22:43:38
C05863,1,11,2016-08-15 11:48:19,2016-12-30 16:43:54
C05864,1,1,2016-12-13 00:53:08,2016-12-13 00:53:08
C05865,1,3,2016-09-16 23:47:26,2016-11-10 18:23:16
C05866,1,4,2016-07-14 18:19:31,2016-10-22 13:52:11
C05867,1,10,2016-07-12 20:41:42,2016-11-06 07:12:57
C05868,1,74,2016-07-09 17:41:00,2016-12-23 16:32:05
C05869,1,4,2016-09-24 15:52:30,2016-11-23 01:48:01
C05870,1,1,2016-07-23 15:34:38,2016-07-23 15:34:38
C05871,1,8,2016-08-11 18:32:10,2016-12-28 14:16:25
C05872,1,22,2016-07-03 17:29:10,2016-12-26 20:27:43
C05873,1,2,2016-10-06 21:20:16,2016-10-08 14:11:10
C05874,1,1,2016-09-24 00:33:46,2016-09-24 00:33:46
C05875,1,1,2016-07-24 02:03:08,2016-07-24 02:03:08
C05876,2,991,2016-07-02 13:34:01,2016-12-29 21:31:25
C05877,1,6,2016-08-29 14:20:18,2016-11-12 23:45:02
C05878,1,1,2016-10-13 23:24:43,2016-10-13 23:24:43
C05879,1,19,2016-07-07 13:19:47,2016-12-01 03:17:30
C05880,1,1,2016-09-27 21:09:20,2016-09-27 21:09:20
C05881,1,5,2016-07-14 19:42:02,2016-12-16 16:51:21
C05882,1,12,2016-07-15 01:56:09,2016-12-21 13:20:01
C05883,1,2,2016-08-27 23:35:10,2016-10-10 03:26:37
C05884,1,1,2016-07-26 08:34:48,2016-07-26 08:34:48
C05885,1,14,2016-07-13 20:49:40,2016-12-18 19:15:52
C05886,1,1,2016-11-27 20:11:26,2016-11-27 20:11:26
C05887,1,44,2016-07-04 14:05:27,2016-12-31 02:28:26
C05888,1,1,2016-08-31 21:17:08,2016-08-31 21:17:08
C05889,1,1,2016-07-19 19:26:26,2016-07-19 19:26:26
C05890,1,1,2016-07-31 03:56:08,2016-07-31 03:56:08
C05891,1,16,2016-07-21 14:12:08,2016-12-18 14:52:54
C05892,1,4,2016-07-31 12:28:36,2016-07-31 12:44:05
C05893,1,4,2016-07-08 12:41:40,2016-07-19 21:00:17
C05894,1,4,2016-07-25 23:42:10,2016-10-23 18:45:42
C05895,1,8,2016-07-14 22:17:04,2016-10-20 18:04:47
C05896,1,3,2016-07-06 21:07:41,2016-10-25 16:11:29
C05897,1,3,2016-08-16 13:00:48,2016-10-23 23:18:17
C05898,1,1,2016-10-04 02:20:10,2016-10-04 02:20:10
C05899,1,2,2016-07-24 16:24:41,2016-11-07 15:09:39
C05900,1,7,2016-10-21 22:39:43,2016-12-31 22:20:36
C05901,1,1,2016-08-07 21:57:52,2016-08-07 21:57:52
C05902,1,28,2016-07-10 16:17:01,2016-12-20 23:11:50
C05903,1,3,2016-07-26 17:01:22,2016-11-20 17:06:57
C05904,1,6,2016-08-12 20:32:48,2016-11-11 20:53:28
C05905,1,26,2016-07-06 15:28:13,2016-12-22 15:27:14
C05906,1,7,2016-07-17 20:15:29,2016-10-12 14:24:31
C05907,1,1,2016-07-30 01:55:07,2016-07-30 01:55:07
C05908,1,1,2016-08-28 02:47:04,2016-08-28 02:47:04
C05909,1,1,2016-11-21 21:38:31,2016-11-21 21:38:31
C05910,1,1,2016-10-23 21:54:08,2016-10-23 21:54:08
C05911,1,7,2016-07-13 02:30:20,2016-12-21 01:17:06
C05912,1,2,2016-07-21 18:23:41,2016-08-19 01:10:18
C05913,1,25,2016-07-14 01:15:15,2016-12-31 19:44:25
C05914,1,2,2016-08-22 22:31:30,2016-10-28 20:20:57
C05915,1,3,2016-10-02 20:18:30,2016-10-10 01:51:02
C05916,1,3,2016-08-08 20:02:16,2016-09-26 19:11:51
C05917,1,1,2016-07-29 16:08:24,2016-07-29 16:08:24
C05918,1,3,2016-07-13 02:11:59,2016-10-23 00:26:11
C05919,1,1,2016-11-30 00:46:28,2016-11-30 00:46:28
C05920,1,3,2016-10-03 05:03:26,2016-11-21 03:56:21
C05921,1,4,2016-07-31 15:01:07,2016-12-16 16:54:24
C05922,2,26,2016-07-20 20:29:45,2016-12-31 02:01:11
C05923,1,2,2016-07-24 19:26:27,2016-07-24 20:05:31
C05924,1,6,2016-07-03 02:46:41,2016-10-07 21:40:21
C05925,1,23,2016-07-19 00:46:44,2016-12-24 18:35:14
C05926,1,3,2016-10-04 16:58:29,2016-12-20 20:08:44
C05927,1,17,2016-07-15 14:06:26,2016-11-18 12:37:41
C05928,1,1,2016-11-29 13:29:13,2016-11-29 13:29:13
C05929,1,1,2016-10-13 22:00:50,2016-10-13 22:00:50
C05930,1,5,2016-07-18 20:25:32,2016-11-04 23:34:39
C05931,1,1,2016-11-15 21:19:29,2016-11-15 21:19:29
C05932,1,20,2016-07-03 06:50:48,2016-12-31 15:19:55
C05933,1,2,2016-07-18 21:19:07,2016-09-25 17:34:33
C05934,1,20,2016-07-16 03:14:18,2016-12-18 19:38:02
C05935,2,38,2016-07-04 03:37:46,2016-12-29 20:33:44
C05936,1,2,2016-07-11 01:37:22,2016-09-03 00:15:43
C05937,1,6,2016-08-18 17:22:32,2016-09-21 00:37:21
C05938,1,2,2016-07-24 14:24:43,2016-09-08 13:54:18
C05939,1,3,2016-09-02 20:19:16,2016-12-02 22:36:51
C05940,1,6,2016-08-23 20:28:56,2016-10-11 15:29:20
C05941,1,21,2016-07-26 18:51:33,2016-10-10 03:06:52
C05942,1,37,2016-07-11 19:14:57,2016-12-16 04:21:41
C05943,1,10,2016-07-08 21:33:48,2016-12-07 20:35:19
C05944,1,2,2016-07-21 20:40:43,2016-09-20 16:45:26
C05945,1,1,2016-09-04 16:59:27,2016-09-04 16:59:27
C05946,1,5,2016-07-19 02:50:02,2016-07-24 12:50:40
C05947,1,1,2016-09-23 01:16:28,2016-09-23 01:16:28
C05948,1,10,2016-07-08 22:54:50,2016-12-14 12:11:50
C05949,1,1,2016-07-06 16:36:13,2016-07-06 16:36:13
C05950,1,4,2016-11-10 18:20:14,2016-12-09 03:04:21
C05951,1,1,2016-09-17 15:45:04,2016-09-17 15:45:04
C05952,1,1,2016-07-23 17:41:50,2016-07-23 17:41:50
C05953,1,1,2016-07-10 15:10:37,2016-07-10 15:10:37
C05954,1,6,2016-07-15 20:36:09,2016-12-16 22:09:08
C05955,1,4,2016-07-23 04:01:55,2016-07-24 03:07:37
C05956,1,1,2016-07-24 02:32:43,2016-07-24 02:32:43
C05957,2,121,2016-07-09 01:09:50,2016-12-30 08:26:55
C05958,1,77,2016-07-02 04:03:12,2016-12-29 13:55:26
C05959,1,3,2016-10-19 22:57:45,2016-11-25 18:24:04
C05960,1,1,2016-08-17 18:11:35,2016-08-17 18:11:35
C05961,1,120,2016-07-02 04:35:35,2016-12-29 21:06:46
C05962,1,1,2016-07-27 05:58:21,2016-07-27 05:58:21
C05963,1,1,2016-10-18 21:40:55,2016-10-18 21:40:55
C05964,1,1,2016-11-29 03:59:54,2016-11-29 03:59:54
C05965,1,20,2016-07-19 17:49:10,2016-12-23 21:35:14
C05966,1,4,2016-08-11 15:16:28,2016-12-23 21:19:38
C05967,1,10,2016-07-04 17:02:58,2016-10-11 23:05:41
C05968,1,1,2016-08-26 13:35:23,2016-08-26 13:35:23
C05969,1,5,2016-07-03 00:29:55,2016-11-17 19:31:09
C05970,1,14,2016-07-06 21:55:20,2016-11-14 21:31:58
C05971,1,7,2016-07-14 07:17:24,2016-12-23 04:53:58
C05972,1,1,2016-11-07 14:29:31,2016-11-07 14:29:31
C05973,1,347,2016-07-03 01:16:52,2016-12-31 23:55:40
C05974,1,2,2016-10-16 23:32:56,2016-11-01 19:42:11
C05975,1,2,2016-07-11 13:23:50,2016-07-16 20:25:32
C05976,1,7,2016-07-04 10:43:02,2016-12-16 14:34:31
C05977,1,8,2016-07-16 06:31:02,2016-11-11 15:02:45
C05978,1,5,2016-07-25 01:44:56,2016-12-15 16:37:13
C05979,1,68,2016-07-05 04:41:57,2016-12-18 13:54:13
C05980,1,18,2016-07-27 18:00:12,2016-12-31 19:57:46
C05981,2,4,2016-07-06 18:32:54,2016-11-16 17:49:48
C05982,1,3,2016-07-17 23:34:44,2016-12-12 21:11:08
C05983,1,3,2016-08-13 14:22:20,2016-10-07 11:39:31
C05984,1,2,2016-09-30 18:58:04,2016-11-10 18:36:26
C05985,2,6,2016-08-04 13:49:07,2016-12-15 04:01:54
C05986,2,165,2016-07-06 17:34:47,2016-12-31 15:21:24
C05987,1,2,2016-08-29 07:47:54,2016-10-19 20:46:05
C05988,1,6,2016-08-02 23:29:24,2016-11-24 02:36:01
C05989,1,3,2016-09-08 20:03:17,2016-09-08 21:30:51
C05990,1,1,2016-10-31 17:38:26,2016-10-31 17:38:26
C05991,1,5,2016-09-09 17:35:27,2016-12-18 21:23:25
C05992,1,7,2016-07-20 02:25:14,2016-11-11 01:23:24
C05993,1,1,2016-10-17 14:04:22,2016-10-17 14:04:22
C05994,1,4,2016-07-17 21:25:43,2016-08-23 21:49:29
C05995,1,3,2016-07-27 00:12:08,2016-07-27 00:26:50
C05996,2,167,2016-07-02 02:05:57,2016-12-24 23:47:36
C05997,1,1,2016-07-23 08:10:43,2016-07-23 08:10:43
C05998,1,7,2016-08-17 20:41:10,2016-11-06 01:53:00
C05999,1,95,2016-07-03 14:43:50,2016-12-29 23:39:59
C06000,1,27,2016-07-13 05:26:05,2016-12-24 20:42:56
C06001,1,5,2016-07-19 17:19:55,2016-12-23 18:06:22
C06002,1,46,2016-07-06 23:16:10,2016-12-26 13:31:46
C06003,1,5,2016-10-06 05:11:09,2016-12-29 18:42:24
C06004,1,13,2016-07-25 18:31:21,2016-11-03 20:05:22
C06005,1,25,2016-07-12 17:09:38,2016-12-20 18:40:24
C06006,1,38,2016-07-05 17:09:27,2016-12-02 21:29:58
C06007,1,1,2016-07-15 16:13:31,2016-07-15 16:13:31
C06008,1,15,2016-07-07 01:17:31,2016-12-29 21:40:56
C06009,1,14,2016-07-05 17:38:59,2016-12-25 21:19:23
C06010,2,7,2016-08-02 14:28:16,2016-12-25 03:02:47
C06011,1,6,2016-08-04 18:58:37,2016-11-09 00:29:50
C06012,1,4,2016-07-22 16:54:39,2016-12-06 22:26:56
C06013,1,20,2016-07-25 17:12:49,2016-12-04 21:05:42
C06014,1,14,2016-07-03 15:54:57,2016-12-27 00:12:18
C06015,1,3,2016-08-06 02:47:35,2016-09-12 01:05:48
C06016,1,16,2016-07-16 02:49:16,2016-12-18 01:30:27
C06017,1,2,2016-07-31 05:23:06,2016-11-29 02:35:41
C06018,1,2,2016-09-19 04:09:03,2016-11-11 14:14:26
C06019,1,3,2016-10-19 04:44:32,2016-12-29 11:15:11
C06020,1,3,2016-07-07 03:00:23,2016-12-11 15:57:32
C06021,2,33,2016-07-07 19:37:03,2016-12-21 02:15:55
C06022,2,47,2016-07-03 11:41:29,2016-12-06 22:17:38
C06023,1,2,2016-07-24 15:10:41,2016-10-28 15:22:55
C06024,1,138,2016-07-06 13:15:52,2016-12-31 14:58:47
C06025,1,24,2016-07-13 00:56:05,2016-12-30 03:05:19
C06026,2,368,2016-07-06 04:00:48,2016-12-31 18:39:34
C06027,1,12,2016-07-10 15:17:35,2016-12-30 02:35:30
C06028,1,12,2016-07-07 15:47:45,2016-12-23 21:16:03
C06029,1,13,2016-08-10 23:07:24,2016-12-22 00:46:58
C06030,1,9,2016-07-22 18:52:27,2016-11-22 03:05:22
C06031,2,1308,2016-07-03 00:45:34,2016-12-31 21:51:02
C06032,1,1,2016-07-30 15:17:03,2016-07-30 15:17:03
C06033,1,1,2016-09-16 23:22:31,2016-09-16 23:22:31
C06034,1,6,2016-08-28 23:59:22,2016-08-29 15:34:21
C06035,1,2,2016-07-13 22:24:16,2016-07-19 22:48:29
C06036,1,62,2016-07-07 00:40:13,2016-12-30 05:06:58
C06037,1,8,2016-07-23 14:51:10,2016-12-25 03:11:01
C06038,1,5,2016-07-12 22:09:14,2016-11-04 12:07:48
C06039,1,9,2016-07-03 23:35:14,2016-11-03 21:48:28
C06040,1,123,2016-07-03 11:43:45,2016-12-22 21:18:50
C06041,1,1,2016-09-03 22:34:47,2016-09-03 22:34:47
C06042,1,6,2016-07-11 21:36:35,2016-12-03 05:04:12
C06043,1,5,2016-07-10 18:08:00,2016-10-06 23:17:34
C06044,1,9,2016-07-06 19:50:15,2016-12-09 14:29:47
C06045,1,11,2016-07-05 03:59:43,2016-11-16 19:36:23
C06046,1,108,2016-07-05 01:26:14,2016-12-31 21:34:51
C06047,1,5,2016-08-14 16:00:16,2016-11-30 18:46:15
C06048,1,3,2016-08-12 16:36:44,2016-08-26 02:03:43
C06049,2,32,2016-07-19 19:04:32,2016-12-22 12:41:04
C06050,1,1,2016-09-17 21:28:19,2016-09-17 21:28:19
C06051,1,1,2016-07-20 23:34:06,2016-07-20 23:34:06
C06052,1,1,2016-08-09 23:14:35,2016-08-09 23:14:35
C06053,1,2,2016-07-13 03:50:01,2016-07-15 14:14:12
C06054,1,2,2016-07-24 03:35:52,2016-11-26 00:09:57
C06055,1,47,2016-07-02 02:09:45,2016-12-26 21:38:51
C06056,1,5,2016-07-25 14:40:11,2016-09-04 01:12:37
C06057,1,2,2016-11-05 17:45:34,2016-11-08 03:29:09
C06058,1,2,2016-07-24 18:31:29,2016-11-02 22:49:27
C06059,2,311,2016-07-03 12:46:45,2016-12-29 19:47:32
C06060,1,1,2016-10-14 19:21:59,2016-10-14 19:21:59
C06061,1,5,2016-08-04 00:50:16,2016-12-06 00:19:49
C06062,1,1,2016-12-15 00:30:24,2016-12-15 00:30:24
C06063,1,1,2016-09-19 19:02:09,2016-09-19 19:02:09
C06064,1,8,2016-07-05 20:16:22,2016-12-21 18:10:52
C06065,1,18,2016-07-13 19:07:44,2016-11-29 12:44:43
C06066,1,1,2016-10-26 12:14:37,2016-10-26 12:14:37
C06067,2,844,2016-07-05 07:54:25,2016-12-31 16:24:46
C06068,1,65,2016-07-06 13:59:33,2016-12-27 16:35:53
C06069,1,1,2016-08-28 22:28:41,2016-08-28 22:28:41
C06070,1,8,2016-07-10 01:10:44,2016-12-31 12:47:59
C06071,1,3,2016-07-17 20:35:10,2016-11-06 05:40:38
C06072,2,2,2016-07-22 13:33:06,2016-12-22 21:43:44
C06073,1,1,2016-07-11 02:25:15,2016-07-11 02:25:15
C06074,1,8,2016-07-15 22:33:27,2016-12-20 01:56:45
C06075,1,15,2016-07-02 00:02:21,2016-11-29 20:21:21
C06076,1,13,2016-07-07 18:17:28,2016-12-04 00:48:09
C06077,1,2,2016-09-02 00:24:30,2016-09-02 00:51:50
C06078,1,1,2016-07-03 19:25:06,2016-07-03 19:25:06
C06079,1,21,2016-07-10 19:52:00,2016-12-15 18:19:41
C06080,1,1,2016-08-21 18:10:51,2016-08-21 18:10:51
C06081,1,4,2016-07-29 10:04:15,2016-08-26 18:03:02
C06082,1,1,2016-11-10 23:15:05,2016-11-10 23:15:05
C06083,1,8,2016-07-14 02:25:35,2016-12-14 13:13:20
C06084,2,339,2016-07-05 16:08:49,2016-12-31 21:40:00
C06085,1,17,2016-09-20 04:42:29,2016-12-28 10:10:43
C06086,1,1,2016-07-20 02:10:41,2016-07-20 02:10:41
C06087,1,2,2016-07-18 17:24:41,2016-10-13 01:14:07
C06088,1,17,2016-07-06 16:47:58,2016-12-04 03:36:12
C06089,1,3,2016-07-06 22:20:40,2016-10-16 00:48:23
C06090,1,1,2016-08-11 06:34:57,2016-08-11 06:34:57
C06091,1,1,2016-07-24 22:52:20,2016-07-24 22:52:20
C06092,1,12,2016-07-11 16:10:49,2016-12-20 16:38:13
C06093,1,21,2016-09-15 03:09:30,2016-12-27 16:47:56
C06094,1,14,2016-08-08 00:59:40,2016-11-08 02:55:16
C06095,1,1,2016-11-08 00:04:49,2016-11-08 00:04:49
C06096,1,11,2016-07-04 20:36:29,2016-12-16 23:43:54
C06097,1,20,2016-07-07 22:33:28,2016-12-25 03:09:40
C06098,2,6,2016-07-29 14:41:39,2016-12-11 03:18:41
C06099,1,4,2016-07-17 22:56:32,2016-11-28 16:30:41
C06100,1,14,2016-08-29 03:39:31,2016-12-23 16:00:49
C06101,1,6,2016-07-17 02:27:27,2016-12-28 14:40:13
C06102,1,4,2016-09-01 17:28:15,2016-10-23 13:29:44
C06103,1,6,2016-07-09 18:17:14,2016-10-02 21:13:45
C06104,1,1,2016-11-09 18:42:51,2016-11-09 18:42:51
C06105,1,16,2016-07-06 22:07:27,2016-12-29 02:46:07
C06106,1,1,2016-10-27 22:05:59,2016-10-27 22:05:59
C06107,1,5,2016-07-13 07:18:46,2016-10-14 13:28:58
C06108,1,33,2016-07-09 03:12:56,2016-12-29 11:38:41
C06109,1,2,2016-07-26 23:18:19,2016-12-19 14:25:50
C06110,1,7,2016-07-19 16:02:18,2016-11-24 04:27:25
C06111,1,31,2016-07-09 16:11:47,2016-12-29 21:39:43
C06112,1,2,2016-10-18 02:27:03,2016-11-22 15:02:28
C06113,1,24,2016-07-06 20:44:05,2016-12-27 14:17:24
C06114,1,1,2016-07-07 19:22:53,2016-07-07 19:22:53
C06115,1,75,2016-08-27 14:07:23,2016-12-31 20:29:43
C06116,1,15,2016-07-09 20:13:14,2016-12-26 22:38:13
C06117,1,19,2016-08-07 15:48:40,2016-12-30 15:25:35
C06118,1,7,2016-09-02 18:08:31,2016-11-22 00:08:06
C06119,1,3,2016-07-29 23:01:28,2016-10-09 22:20:43
C06120,1,3,2016-07-14 03:09:10,2016-07-24 00:49:11
C06121,2,2632,2016-07-05 01:59:30,2016-12-31 23:56:31
C06122,1,5,2016-07-11 09:09:05,2016-12-23 21:39:25
C06123,1,8,2016-09-13 19:27:57,2016-12-17 21:31:29
C06124,1,2,2016-07-14 16:49:51,2016-07-26 15:36:03
C06125,1,3,2016-08-21 14:14:08,2016-09-13 17:32:52
C06126,1,3,2016-07-15 19:42:47,2016-07-20 17:10:45
C06127,1,16,2016-07-12 19:32:20,2016-11-11 16:09:29
C06128,1,1,2016-09-23 00:42:17,2016-09-23 00:42:17
C06129,1,16,2016-07-21 00:52:07,2016-12-04 03:30:39
C06130,1,228,2016-07-03 13:58:00,2016-12-30 12:12:29
C06131,1,7,2016-07-08 15:41:28,2016-12-31 20:15:55
C06132,1,2,2016-07-26 18:36:41,2016-12-31 14:57:44
C06133,1,3,2016-07-20 22:25:36,2016-11-07 15:51:13
C06134,1,24,2016-07-05 22:44:15,2016-12-26 17:27:53
C06135,1,23,2016-07-08 14:20:09,2016-12-23 23:25:48
C06136,1,62,2016-07-04 23:47:34,2016-12-29 23:37:55
C06137,1,1,2016-09-05 03:56:06,2016-09-05 03:56:06
C06138,1,23,2016-07-21 02:56:34,2016-12-12 02:00:57
C06139,2,314,2016-07-06 16:51:58,2016-12-31 12:18:47
C06140,1,28,2016-07-05 23:16:14,2016-12-29 13:17:54
C06141,1,6,2016-10-27 15:33:18,2016-12-14 00:05:36
C06142,1,6,2016-08-05 18:54:08,2016-11-13 09:01:38
C06143,1,44,2016-07-04 22:03:25,2016-12-31 02:49:50
C06144,2,3,2016-11-04 23:07:11,2016-11-10 15:50:56
C06145,1,1,2016-07-20 18:21:07,2016-07-20 18:21:07
C06146,1,3,2016-09-06 00:08:04,2016-11-20 18:57:18
C06147,2,2080,2016-07-02 02:27:15,2016-12-28 22:26:17
C06148,1,13,2016-07-23 06:46:04,2016-12-29 22:16:25
C06149,1,8,2016-07-09 16:50:04,2016-12-25 13:50:41
C06150,1,2,2016-07-13 14:18:45,2016-08-06 04:53:43
C06151,1,2,2016-07-20 20:23:46,2016-10-16 14:42:25
C06152,1,1,2016-11-24 19:14:00,2016-11-24 19:14:00
C06153,1,4,2016-10-12 16:29:31,2016-12-17 15:02:35
C06154,1,1,2016-08-24 22:13:13,2016-08-24 22:13:13
C06155,1,1,2016-11-03 23:44:47,2016-11-03 23:44:47
C06156,1,13,2016-07-22 22:51:30,2016-12-13 06:06:37
C06157,1,1,2016-08-02 23:12:49,2016-08-02 23:12:49
C06158,1,1,2016-11-23 19:49:43,2016-11-23 19:49:43
C06159,1,13,2016-08-06 00:02:22,2016-12-31 12:38:35
C06160,1,4,2016-07-30 16:16:08,2016-12-28 10:51:36
C06161,1,23,2016-07-03 18:08:36,2016-12-11 17:59:08
C06162,1,2,2016-11-09 13:05:30,2016-11-09 13:10:41
C06163,1,13,2016-10-27 21:06:41,2016-12-30 19:39:26
C06164,1,1,2016-07-17 16:47:27,2016-07-17 16:47:27
C06165,1,19,2016-07-20 06:12:09,2016-11-29 21:24:35
C06166,1,7,2016-07-16 02:18:16,2016-10-08 22:32:47
C06167,1,2,2016-09-01 20:34:32,2016-12-09 14:53:05
C06168,1,31,2016-07-07 13:25:22,2016-12-27 22:17:04
C06169,1,3,2016-07-14 17:40:50,2016-11-25 14:56:22
C06170,1,1,2016-07-05 19:06:46,2016-07-05 19:06:46
C06171,1,1,2016-07-13 17:50:35,2016-07-13 17:50:35
C06172,1,7,2016-08-13 01:00:54,2016-12-14 19:53:17
C06173,1,13,2016-07-03 12:36:58,2016-10-31 19:37:43
C06174,1,1,2016-07-11 22:24:15,2016-07-11 22:24:15
C06175,1,8,2016-07-28 02:57:02,2016-11-17 07:15:47
C06176,1,6,2016-08-17 04:00:22,2016-12-24 15:40:49
C06177,1,9,2016-07-25 21:52:23,2016-11-09 23:45:55
C06178,1,1,2016-07-06 23:29:12,2016-07-06 23:29:12
C06179,1,2,2016-07-10 16:03:26,2016-09-03 19:35:36
C06180,1,5,2016-07-22 08:06:17,2016-10-21 13:54:02
C06181,1,6,2016-08-17 01:41:39,2016-12-27 18:07:35
C06182,1,3,2016-12-27 13:12:42,2016-12-27 14:05:07
C06183,1,27,2016-07-10 20:55:52,2016-12-08 19:09:26
C06184,1,5,2016-08-07 20:03:20,2016-12-22 00:06:31
C06185,1,8,2016-07-08 21:21:56,2016-10-31 23:24:08
C06186,1,5,2016-08-12 19:57:03,2016-11-12 22:48:51
C06187,1,4,2016-12-16 11:47:52,2016-12-23 13:11:40
C06188,1,7,2016-07-14 23:50:38,2016-11-01 00:18:54
C06189,1,18,2016-07-15 00:47:18,2016-12-21 16:14:23
C06190,1,364,2016-07-03 00:16:27,2016-12-31 00:18:24
C06191,1,5,2016-08-19 01:07:22,2016-12-27 19:43:00
C06192,1,2,2016-11-04 01:23:02,2016-11-17 19:15:42
C06193,1,22,2016-07-04 14:34:16,2016-11-29 14:43:06
C06194,1,40,2016-07-03 07:10:58,2016-12-27 19:33:26
C06195,1,1,2016-09-19 18:37:42,2016-09-19 18:37:42
C06196,1,2,2016-10-10 17:48:30,2016-11-06 19:41:59
C06197,2,42,2016-07-03 18:38:37,2016-12-19 20:30:19
C06198,1,222,2016-07-03 12:17:35,2016-12-31 23:33:33
C06199,1,2,2016-07-14 22:50:38,2016-07-30 02:56:07
C06200,1,42,2016-07-08 18:15:28,2016-12-28 01:07:28
C06201,1,1,2016-11-05 19:13:11,2016-11-05 19:13:11
C06202,1,8,2016-08-28 02:30:21,2016-08-28 08:52:20
C06203,1,2,2016-12-17 02:37:38,2016-12-24 21:22:49
C06204,1,8,2016-08-21 20:53:46,2016-11-23 21:54:24
C06205,2,2,2016-07-04 14:36:36,2016-07-07 01:00:14
C06206,1,2,2016-08-08 12:46:55,2016-08-08 12:57:03
C06207,1,1,2016-10-15 21:16:22,2016-10-15 21:16:22
C06208,1,307,2016-07-03 01:52:10,2016-12-31 11:54:21
C06209,1,2,2016-10-31 16:45:12,2016-10-31 21:10:53
C06210,1,27,2016-07-09 18:25:52,2016-12-25 00:29:00
C06211,1,1,2016-07-20 18:41:02,2016-07-20 18:41:02
C06212,1,26,2016-07-07 15:08:33,2016-12-31 20:52:36
C06213,1,23,2016-07-19 17:25:17,2016-12-18 23:54:22
C06214,1,1,2016-07-21 17:21:01,2016-07-21 17:21:01
C06215,1,205,2016-07-03 17:54:48,2016-12-28 20:21:29
C06216,1,6,2016-08-26 20:28:50,2016-10-20 15:39:37
C06217,1,1,2016-11-20 19:29:01,2016-11-20 19:29:01
C06218,1,186,2016-07-03 16:02:49,2016-12-29 15:21:05
C06219,1,1,2016-09-07 19:20:00,2016-09-07 19:20:00
C06220,1,323,2016-07-03 00:15:00,2016-12-30 20:40:49
C06221,1,5,2016-07-05 16:26:25,2016-12-12 12:16:54
C06222,1,1,2016-07-30 22:29:04,2016-07-30 22:29:04
C06223,1,5,2016-07-18 16:40:44,2016-12-10 03:27:53
C06224,2,6771,2016-07-03 00:45:08,2016-12-31 23:55:35
C06225,1,8,2016-08-06 15:47:39,2016-12-19 00:10:13
C06226,1,3,2016-10-05 02:17:53,2016-10-28 21:46:39
C06227,1,10,2016-07-10 16:43:22,2016-11-28 16:16:58
C06228,1,29,2016-07-15 14:43:15,2016-12-31 17:19:19
C06229,1,3,2016-09-20 18:13:35,2016-09-25 00:17:13
C06230,1,2,2016-07-17 18:59:15,2016-09-13 16:28:43
C06231,1,3,2016-08-23 23:16:56,2016-11-12 01:44:25
C06232,1,1,2016-09-01 05:34:27,2016-09-01 05:34:27
C06233,1,1,2016-09-29 13:52:15,2016-09-29 13:52:15
C06234,1,2,2016-07-17 22:40:42,2016-10-03 15:46:50
C06235,1,4,2016-07-11 16:11:34,2016-09-13 01:59:44
C06236,1,3,2016-10-10 17:01:20,2016-12-11 19:30:28
C06237,1,28,2016-07-03 20:43:28,2016-12-02 17:00:40
C06238,1,23,2016-07-07 21:28:13,2016-10-10 23:00:39
C06239,1,2,2016-07-21 00:25:31,2016-09-18 20:38:18
C06240,1,10,2016-07-19 15:39:37,2016-12-25 16:07:55
C06241,1,11,2016-07-15 15:31:06,2016-12-24 02:04:17
C06242,1,4,2016-07-24 16:07:42,2016-10-07 20:48:40
C06243,1,19,2016-08-29 19:04:41,2016-12-25 23:16:51
C06244,1,3,2016-07-09 23:18:11,2016-10-27 22:06:57
C06245,1,1,2016-10-02 17:26:16,2016-10-02 17:26:16
C06246,1,5,2016-07-29 03:49:10,2016-12-08 02:56:07
C06247,1,45,2016-07-09 22:05:48,2016-12-29 16:33:13
C06248,1,1,2016-07-02 01:03:12,2016-07-02 01:03:12
C06249,1,2,2016-09-08 16:26:37,2016-12-25 17:02:52
C06250,1,6,2016-09-29 23:38:16,2016-11-05 19:35:22
C06251,1,1,2016-08-01 22:43:41,2016-08-01 22:43:41
C06252,1,1,2016-11-01 05:53:23,2016-11-01 05:53:23
C06253,1,58,2016-07-02 15:52:02,2016-12-24 00:24:28
C06254,1,8,2016-07-23 23:01:16,2016-12-07 23:33:58
C06255,1,2,2016-07-20 16:19:39,2016-08-19 17:17:09
C06256,1,4,2016-07-24 02:59:08,2016-10-11 03:28:06
C06257,1,264,2016-07-11 17:36:48,2016-12-31 11:29:46
C06258,1,1,2016-12-18 20:44:58,2016-12-18 20:44:58
C06259,1,8,2016-08-23 03:36:11,2016-12-29 03:03:19
C06260,1,2,2016-10-02 23:33:32,2016-10-17 13:33:15
C06261,1,2,2016-07-24 01:19:35,2016-10-15 18:13:37
C06262,1,20,2016-08-02 19:19:56,2016-12-04 00:57:55
C06263,1,1,2016-09-02 18:38:05,2016-09-02 18:38:05
C06264,1,2,2016-07-06 20:09:24,2016-08-16 19:46:06
C06265,1,27,2016-07-07 19:06:39,2016-12-05 04:35:35
C06266,1,5,2016-07-11 14:09:37,2016-10-04 20:10:48
C06267,1,6,2016-07-04 20:22:06,2016-12-12 21:48:34
C06268,1,39,2016-07-04 14:43:14,2016-12-27 12:10:10
C06269,1,18,2016-07-15 08:35:31,2016-12-16 21:49:41
C06270,1,6,2016-07-13 21:49:33,2016-11-16 17:00:57
C06271,1,13,2016-07-15 13:40:24,2016-12-19 15:58:23
C06272,1,1,2016-09-12 00:45:11,2016-09-12 00:45:11
C06273,1,3,2016-10-26 08:57:47,2016-10-27 02:27:27
C06274,1,13,2016-07-06 17:00:13,2016-12-10 05:58:57
C06275,1,4,2016-07-08 23:48:07,2016-11-07 21:30:50
C06276,1,5,2016-07-06 03:01:40,2016-12-24 02:23:31
C06277,1,7,2016-07-16 19:45:55,2016-08-26 02:00:03
C06278,1,2,2016-07-16 23:44:24,2016-10-04 22:41:38
C06279,1,84,2016-07-04 03:31:44,2016-12-28 19:33:10
C06280,1,1,2016-07-31 04:35:47,2016-07-31 04:35:47
C06281,1,6,2016-07-22 16:50:10,2016-12-26 19:46:28
C06282,1,2,2016-08-01 20:14:00,2016-12-05 21:16:23
C06283,1,1,2016-12-25 22:46:50,2016-12-25 22:46:50
C06284,1,1,2016-09-10 22:07:22,2016-09-10 22:07:22
C06285,1,4,2016-07-16 16:22:23,2016-10-10 12:49:04
C06286,1,21,2016-07-09 01:25:42,2016-12-20 18:33:50
C06287,1,9,2016-08-25 00:57:27,2016-12-03 16:09:03
C06288,1,32,2016-07-07 16:52:54,2016-07-18 23:36:35
C06289,1,1,2016-09-19 16:57:27,2016-09-19 16:57:27
C06290,1,3,2016-07-19 00:06:50,2016-08-31 17:28:04
C06291,1,1,2016-07-23 16:50:41,2016-07-23 16:50:41
C06292,1,3,2016-07-16 22:25:22,2016-10-14 17:56:11
C06293,1,4,2016-09-12 20:09:16,2016-12-17 19:51:25
C06294,1,1,2016-12-17 12:48:38,2016-12-17 12:48:38
C06295,1,22,2016-07-07 20:38:42,2016-12-25 21:19:45
C06296,1,27,2016-07-08 00:37:31,2016-12-27 04:09:14
C06297,1,5,2016-08-04 21:35:30,2016-12-07 17:07:39
C06298,1,3,2016-08-22 20:30:29,2016-12-20 23:59:14
C06299,1,127,2016-07-05 15:46:39,2016-12-30 02:10:12
C06300,2,23,2016-07-11 15:21:25,2016-12-25 02:49:01
C06301,1,4,2016-07-17 18:25:43,2016-09-08 23:09:01
C06302,1,7,2016-07-07 22:59:26,2016-12-17 15:49:07
C06303,1,366,2016-07-06 16:21:33,2016-12-31 18:49:55
C06304,1,1,2016-11-24 12:42:47,2016-11-24 12:42:47
C06305,1,15,2016-07-14 14:22:35,2016-12-13 00:14:28
C06306,1,2,2016-07-02 23:06:04,2016-11-19 00:17:04
C06307,1,6,2016-07-15 11:03:04,2016-12-27 13:46:00
C06308,1,12,2016-07-09 02:20:23,2016-12-22 13:57:24
C06309,1,2,2016-07-10 01:30:27,2016-10-07 21:17:01
C06310,1,2,2016-08-23 17:31:21,2016-08-23 17:58:22
C06311,1,38,2016-07-05 19:29:26,2016-12-28 00:11:05
C06312,1,1,2016-07-23 02:51:21,2016-07-23 02:51:21
C06313,1,21,2016-07-04 15:32:12,2016-12-08 13:21:32
C06314,1,40,2016-07-06 22:48:09,2016-12-31 11:25:48
C06315,1,8,2016-07-27 21:33:25,2016-11-11 14:13:43
C06316,1,6,2016-07-13 22:05:33,2016-10-02 20:21:49
C06317,1,3,2016-11-02 17:50:42,2016-12-02 13:45:39
C06318,1,1,2016-08-30 22:29:33,2016-08-30 22:29:33
C06319,1,1,2016-07-12 00:17:54,2016-07-12 00:17:54
C06320,1,61,2016-07-03 18:15:00,2016-12-19 00:51:35
C06321,1,1,2016-10-30 03:41:24,2016-10-30 03:41:24
C06322,1,4,2016-07-10 20:50:03,2016-12-17 14:05:50
C06323,1,3,2016-07-18 01:50:09,2016-12-28 22:25:53
C06324,1,3,2016-07-12 21:16:12,2016-07-26 21:09:57
C06325,1,5,2016-08-05 22:10:45,2016-11-22 01:57:38
C06326,1,8,2016-07-07 05:19:30,2016-12-19 13:59:05
C06327,1,8,2016-07-02 17:55:41,2016-12-24 03:26:48
C06328,1,2,2016-07-21 16:13:45,2016-07-21 16:21:31
C06329,1,4,2016-07-07 23:44:02,2016-08-30 15:29:02
C06330,1,10,2016-07-18 17:27:48,2016-11-19 03:46:33
C06331,2,180,2016-07-03 02:11:34,2016-12-31 20:18:41
C06332,1,1,2016-11-08 16:41:52,2016-11-08 16:41:52
C06333,1,1,2016-08-07 13:20:23,2016-08-07 13:20:23
C06334,1,1,2016-11-03 14:47:50,2016-11-03 14:47:50
C06335,1,1,2016-12-27 02:07:28,2016-12-27 02:07:28
C06336,1,27,2016-07-17 20:26:41,2016-12-29 03:10:11
C06337,1,8,2016-07-19 01:05:29,2016-12-21 22:59:54
C06338,1,3,2016-07-21 14:04:32,2016-12-11 16:52:09
C06339,1,96,2016-07-05 08:26:48,2016-12-21 19:56:20
C06340,1,4,2016-07-06 18:21:32,2016-11-27 23:47:02
C06341,1,3,2016-07-09 03:04:31,2016-12-03 22:03:09
C06342,1,15,2016-07-05 22:25:12,2016-12-25 22:39:48
C06343,1,68,2016-07-04 23:53:45,2016-12-26 16:04:47
C06344,1,4,2016-09-17 13:16:35,2016-12-20 16:55:23
C06345,1,5,2016-09-24 17:47:48,2016-10-11 23:13:02
C06346,1,2,2016-11-14 08:52:25,2016-11-16 03:02:17
C06347,1,1,2016-11-18 23:46:20,2016-11-18 23:46:20
C06348,1,46,2016-07-02 17:15:31,2016-12-29 21:24:15
C06349,1,4,2016-07-11 20:54:42,2016-11-14 18:12:46
C06350,1,72,2016-07-03 20:06:07,2016-12-22 19:32:41
C06351,1,34,2016-07-23 21:39:32,2016-12-30 01:30:00
C06352,1,2,2016-12-03 17:28:12,2016-12-10 01:13:38
C06353,1,3,2016-08-18 18:25:20,2016-09-26 17:11:18
C06354,2,75,2016-07-08 22:04:44,2016-12-28 04:59:13
C06355,1,1,2016-10-29 16:04:46,2016-10-29 16:04:46
C06356,1,1,2016-09-12 15:44:31,2016-09-12 15:44:31
C06357,1,6,2016-08-25 19:05:31,2016-12-28 13:30:41
C06358,1,145,2016-07-06 14:07:02,2016-12-28 19:55:09
C06359,1,2,2016-10-16 16:55:45,2016-12-17 21:00:59
C06360,1,11,2016-07-06 03:03:00,2016-12-17 18:03:26
C06361,1,4,2016-07-11 21:39:31,2016-08-08 23:44:41
C06362,1,50,2016-07-09 00:53:34,2016-12-23 22:19:37
C06363,1,3,2016-07-12 00:57:02,2016-07-12 01:12:51
C06364,1,1,2016-07-17 15:39:50,2016-07-17 15:39:50
C06365,1,3,2016-07-24 02:53:47,2016-09-16 23:41:32
C06366,1,4,2016-08-06 20:44:50,2016-12-26 15:34:48
C06367,1,14,2016-07-20 05:35:53,2016-12-29 04:03:14
C06368,1,16,2016-07-10 01:26:41,2016-12-31 11:41:35
C06369,1,7,2016-08-04 12:31:40,2016-11-05 16:43:06
C06370,1,8,2016-07-19 02:52:05,2016-12-20 02:25:10
C06371,1,9,2016-07-20 14:40:36,2016-12-06 15:25:23
C06372,1,24,2016-07-08 19:40:01,2016-12-30 14:31:11
C06373,1,58,2016-07-04 00:20:09,2016-12-27 01:57:34
C06374,1,1,2016-11-08 00:17:36,2016-11-08 00:17:36
C06375,1,6,2016-10-15 01:42:14,2016-12-21 17:22:25
C06376,1,6,2016-07-05 23:12:54,2016-11-05 17:38:13
C06377,1,1,2016-10-15 15:38:09,2016-10-15 15:38:09
C06378,1,2,2016-10-19 14:57:44,2016-12-02 12:19:09
C06379,1,1,2016-09-18 22:15:36,2016-09-18 22:15:36
C06380,1,10,2016-07-20 21:04:38,2016-10-26 18:13:26
C06381,1,1,2016-07-25 08:54:40,2016-07-25 08:54:40
C06382,1,1,2016-08-20 19:48:20,2016-08-20 19:48:20
C06383,1,1,2016-09-22 14:28:02,2016-09-22 14:28:02
C06384,1,1,2016-07-10 15:37:02,2016-07-10 15:37:02
C06385,1,1,2016-07-21 15:57:50,2016-07-21 15:57:50
C06386,1,2,2016-12-07 21:50:39,2016-12-07 21:53:25
C06387,1,3,2016-08-25 22:56:01,2016-10-28 22:50:07
C06388,1,20,2016-07-02 21:08:11,2016-12-24 17:28:15
C06389,1,9,2016-07-09 21:10:32,2016-12-07 20:52:29
C06390,1,1,2016-07-11 17:27:13,2016-07-11 17:27:13
C06391,1,5,2016-07-12 18:59:45,2016-10-16 01:37:15
C06392,1,5,2016-07-12 20:51:59,2016-10-15 22:42:08
C06393,1,4,2016-09-04 15:34:10,2016-11-08 17:08:03
C06394,1,1,2016-12-23 23:02:02,2016-12-23 23:02:02
C06395,1,2,2016-11-20 04:09:14,2016-11-23 17:22:10
C06396,1,21,2016-07-13 21:42:59,2016-12-27 13:20:13
C06397,1,2,2016-07-07 14:17:58,2016-08-23 21:55:30
C06398,1,8,2016-07-07 12:59:58,2016-11-23 19:23:28
C06399,1,52,2016-08-01 21:58:07,2016-12-30 19:14:44
C06400,1,3,2016-09-27 19:36:16,2016-11-05 19:43:27
C06401,1,7,2016-07-07 14:09:28,2016-12-24 15:33:51
C06402,1,6,2016-07-09 17:31:35,2016-12-03 17:24:42
C06403,2,1051,2016-07-02 03:25:00,2016-12-28 22:15:15
C06404,1,8,2016-07-13 22:13:13,2016-11-11 15:16:49
C06405,1,2,2016-10-14 22:39:56,2016-10-14 22:52:45
C06406,1,2,2016-07-17 19:01:38,2016-07-24 19:35:06
C06407,1,18,2016-07-08 21:44:41,2016-12-02 10:31:18
C06408,1,3,2016-07-18 18:17:54,2016-08-05 21:48:56
C06409,1,18,2016-07-06 16:31:09,2016-12-29 20:52:43
C06410,1,3,2016-12-01 02:28:51,2016-12-12 03:28:44
C06411,1,2,2016-08-17 05:20:35,2016-10-07 21:16:27
C06412,1,4,2016-08-13 03:42:21,2016-11-13 23:35:09
C06413,1,5,2016-07-10 19:08:49,2016-12-19 15:40:28
C06414,1,4,2016-11-13 11:16:31,2016-11-16 12:33:15
C06415,2,30,2016-07-12 23:12:14,2016-12-27 22:10:48
C06416,1,1,2016-09-29 21:03:51,2016-09-29 21:03:51
C06417,1,1,2016-07-24 05:45:21,2016-07-24 05:45:21
C06418,1,4,2016-12-26 05:35:53,2016-12-26 06:43:25
C06419,1,2,2016-10-04 03:20:03,2016-10-04 08:57:29
C06420,1,28,2016-07-18 19:39:41,2016-12-31 22:14:13
C06421,1,9,2016-08-10 17:26:05,2016-12-24 23:25:48
C06422,1,3,2016-07-27 19:38:57,2016-12-16 16:55:15
C06423,1,1,2016-07-18 15:50:03,2016-07-18 15:50:03
C06424,2,94,2016-07-07 21:28:46,2016-12-30 23:47:32
C06425,1,7,2016-07-22 16:03:53,2016-12-04 20:16:25
C06426,1,35,2016-07-03 15:43:51,2016-12-27 14:15:26
C06427,1,47,2016-07-07 10:44:41,2016-12-26 16:06:32
C06428,1,9,2016-08-21 06:08:15,2016-12-03 12:16:15
C06429,1,2,2016-07-06 14:54:34,2016-07-18 19:21:36
C06430,1,7,2016-07-04 06:24:29,2016-10-21 01:08:40
C06431,1,3,2016-09-16 21:59:37,2016-09-17 06:13:19
C06432,1,7,2016-07-20 22:44:05,2016-11-08 20:09:40
C06433,1,4,2016-08-29 02:03:14,2016-12-30 21:12:27
C06434,1,16,2016-07-03 15:20:38,2016-12-25 01:13:18
C06435,1,3,2016-08-21 01:29:07,2016-10-28 19:38:43
C06436,1,1,2016-08-31 21:14:34,2016-08-31 21:14:34
C06437,1,179,2016-07-03 22:19:30,2016-12-29 22:00:42
C06438,1,139,2016-07-02 22:53:08,2016-12-29 01:11:43
C06439,1,2,2016-07-12 06:08:37,2016-07-12 06:21:02
C06440,1,2,2016-12-29 02:39:29,2016-12-30 04:31:05
C06441,1,1,2016-08-04 20:27:19,2016-08-04 20:27:19
C06442,1,4,2016-10-21 18:54:14,2016-11-25 22:14:06
C06443,1,215,2016-07-05 03:13:16,2016-12-31 15:40:40
C06444,1,1,2016-07-21 15:39:19,2016-07-21 15:39:19
C06445,1,2,2016-07-19 23:09:46,2016-10-22 02:38:47
C06446,1,19,2016-07-09 20:04:52,2016-12-21 23:28:48
C06447,1,1,2016-10-08 20:35:39,2016-10-08 20:35:39
C06448,1,3,2016-10-05 21:10:58,2016-10-21 23:14:02
C06449,1,1,2016-11-16 17:24:14,2016-11-16 17:24:14
C06450,1,1,2016-07-21 03:51:15,2016-07-21 03:51:15
C06451,1,24,2016-07-25 00:57:50,2016-12-15 20:43:58
C06452,1,2,2016-10-16 02:15:53,2016-10-19 16:41:10
C06453,1,4,2016-07-11 20:32:46,2016-12-21 13:12:19
C06454,1,6,2016-09-16 14:24:12,2016-09-16 14:43:42
C06455,1,6,2016-08-18 02:53:39,2016-11-24 16:11:18
C06456,1,5,2016-08-22 19:16:44,2016-12-04 15:22:26
C06457,1,5,2016-08-01 15:21:14,2016-11-01 18:16:48
C06458,1,8,2016-08-05 03:31:20,2016-12-31 04:00:57
C06459,1,7,2016-09-08 01:12:05,2016-11-25 02:26:26
C06460,1,46,2016-07-11 20:32:21,2016-12-25 04:03:49
C06461,1,10,2016-07-19 18:30:53,2016-11-08 18:41:33
C06462,1,2,2016-09-09 22:32:26,2016-12-19 18:04:49
C06463,1,4,2016-08-11 05:15:58,2016-11-07 23:20:10
C06464,1,476,2016-07-06 03:42:11,2016-12-31 19:11:27
C06465,1,2,2016-07-09 23:16:39,2016-07-19 01:58:10
C06466,1,1,2016-09-12 18:11:39,2016-09-12 18:11:39
C06467,1,1,2016-07-03 20:54:57,2016-07-03 20:54:57
C06468,1,1,2016-08-03 00:05:08,2016-08-03 00:05:08
C06469,1,25,2016-07-09 17:38:03,2016-12-24 16:49:45
C06470,1,1,2016-07-20 14:52:31,2016-07-20 14:52:31
C06471,1,1,2016-07-11 19:18:09,2016-07-11 19:18:09
C06472,1,2,2016-07-25 22:28:25,2016-10-03 19:26:33
C06473,1,1,2016-12-21 00:03:43,2016-12-21 00:03:43
C06474,1,1,2016-09-10 03:08:36,2016-09-10 03:08:36
C06475,1,3,2016-10-23 21:45:51,2016-10-29 00:22:18
C06476,1,1,2016-11-08 02:15:51,2016-11-08 02:15:51
C06477,1,6,2016-08-24 00:36:16,2016-11-20 20:10:58
C06478,1,2,2016-07-19 22:53:14,2016-11-26 14:05:15
C06479,1,40,2016-07-04 07:20:12,2016-12-27 12:21:38
C06480,1,1,2016-12-09 13:46:06,2016-12-09 13:46:06
C06481,2,123,2016-07-02 16:23:49,2016-12-29 23:52:12
C06482,1,3,2016-07-17 15:20:51,2016-12-15 16:34:33
C06483,1,1,2016-12-10 18:38:51,2016-12-10 18:38:51
C06484,1,5,2016-08-24 04:05:11,2016-10-28 18:14:36
C06485,1,9,2016-07-04 01:32:56,2016-09-28 03:02:22
C06486,1,12,2016-07-13 05:19:23,2016-12-22 03:03:55
C06487,1,4,2016-07-07 17:23:03,2016-07-12 05:25:37
C06488,1,2,2016-10-12 15:05:51,2016-10-13 11:59:41
C06489,1,11,2016-10-16 23:42:10,2016-12-30 00:49:06
C06490,1,6,2016-08-12 22:17:50,2016-12-14 00:39:33
C06491,1,11,2016-08-30 14:19:53,2016-11-03 16:17:30
C06492,1,3,2016-07-21 19:26:57,2016-07-22 17:04:36
C06493,1,1,2016-09-22 01:27:46,2016-09-22 01:27:46
C06494,2,843,2016-07-03 13:02:18,2016-12-31 12:46:58
C06495,1,2,2016-08-01 21:21:45,2016-08-01 21:31:50
C06496,1,9,2016-07-19 18:12:31,2016-11-08 23:44:03
C06497,1,3,2016-08-18 18:50:13,2016-09-29 00:08:22
C06498,1,3,2016-11-12 20:35:43,2016-12-22 23:48:02
C06499,1,1,2016-07-06 18:12:41,2016-07-06 18:12:41
C06500,1,8,2016-07-04 19:02:00,2016-12-21 18:55:59
C06501,1,6,2016-12-25 04:15:20,2016-12-27 02:44:21
C06502,1,2,2016-09-11 19:03:24,2016-10-25 18:27:48
C06503,1,1,2016-07-24 21:26:41,2016-07-24 21:26:41
C06504,1,1,2016-12-09 21:19:20,2016-12-09 21:19:20
C06505,1,2,2016-10-04 19:32:13,2016-10-04 19:50:25
C06506,1,1,2016-09-19 13:41:50,2016-09-19 13:41:50
C06507,1,2,2016-10-26 20:25:10,2016-12-03 20:26:33
C06508,1,2,2016-07-18 01:46:33,2016-07-18 02:02:56
C06509,1,17,2016-07-10 15:21:08,2016-12-08 20:21:59
C06510,1,1,2016-12-25 01:26:02,2016-12-25 01:26:02
C06511,1,19,2016-07-13 18:15:07,2016-09-23 19:22:48
C06512,1,4,2016-07-20 18:40:42,2016-12-14 03:52:44
C06513,1,2,2016-08-09 23:15:17,2016-08-31 14:12:40
C06514,1,91,2016-07-05 18:03:29,2016-12-31 17:16:29
C06515,1,12,2016-07-17 17:33:42,2016-12-22 01:19:14
C06516,1,3,2016-07-27 14:30:44,2016-12-20 02:17:09
C06517,1,4,2016-11-02 19:00:22,2016-11-11 04:02:58
C06518,1,3,2016-07-14 01:47:29,2016-11-27 22:44:37
C06519,1,3,2016-07-23 19:26:18,2016-10-05 15:41:04
C06520,2,2,2016-07-27 03:26:19,2016-12-10 00:04:59
C06521,1,1,2016-08-27 21:56:51,2016-08-27 21:56:51
C06522,1,9,2016-07-15 16:43:17,2016-11-29 00:41:43
C06523,1,1,2016-11-27 21:23:45,2016-11-27 21:23:45
C06524,1,1,2016-07-11 22:27:31,2016-07-11 22:27:31
C06525,1,1,2016-08-19 13:14:27,2016-08-19 13:14:27
C06526,1,2,2016-09-06 13:51:04,2016-12-21 21:26:17
C06527,1,2,2016-07-22 13:06:50,2016-11-22 18:17:10
C06528,1,10,2016-09-23 21:57:04,2016-12-14 11:55:15
C06529,1,9,2016-07-28 04:11:14,2016-12-08 16:55:04
C06530,1,6,2016-08-24 15:35:57,2016-12-20 00:39:30
C06531,1,5,2016-07-10 17:56:01,2016-12-04 20:58:06
C06532,2,305,2016-07-03 14:02:11,2016-12-28 17:33:22
C06533,1,6,2016-07-28 16:55:15,2016-11-22 05:07:22
C06534,1,1,2016-07-15 19:14:13,2016-07-15 19:14:13
C06535,1,4,2016-07-12 20:10:46,2016-08-12 20:33:43
C06536,1,42,2016-07-05 16:22:41,2016-12-30 19:42:00
C06537,1,2,2016-07-22 21:46:15,2016-09-21 18:23:02
C06538,1,42,2016-07-03 23:27:00,2016-12-24 20:47:26
C06539,1,1,2016-07-06 23:44:42,2016-07-06 23:44:42
C06540,1,2,2016-09-10 19:15:43,2016-10-27 00:04:04
C06541,1,1,2016-10-11 21:14:48,2016-10-11 21:14:48
C06542,1,14,2016-07-05 21:48:13,2016-12-09 19:33:47
C06543,1,3,2016-08-03 21:06:45,2016-12-27 15:58:22
C06544,1,2,2016-08-14 01:57:02,2016-11-28 09:13:50
C06545,1,15,2016-07-12 15:09:12,2016-12-25 12:32:11
C06546,1,1,2016-09-29 20:50:03,2016-09-29 20:50:03
C06547,1,2,2016-09-04 17:53:06,2016-12-12 19:34:25
C06548,1,2,2016-07-10 19:36:45,2016-07-26 04:10:29
C06549,1,12,2016-07-03 16:09:39,2016-12-01 21:59:43
C06550,1,69,2016-07-04 19:26:36,2016-12-31 14:00:53
C06551,1,2,2016-07-15 18:31:12,2016-08-07 17:33:53
C06552,2,122,2016-07-02 20:33:46,2016-12-28 10:31:37
C06553,1,4,2016-10-01 21:58:49,2016-12-24 17:07:21
C06554,1,11,2016-07-04 02:04:19,2016-11-08 22:30:45
C06555,1,1,2016-08-04 21:29:30,2016-08-04 21:29:30
C06556,1,49,2016-07-03 15:18:04,2016-12-25 19:00:12
C06557,1,3,2016-07-23 17:39:08,2016-12-02 12:50:01
C06558,1,1,2016-08-10 00:12:28,2016-08-10 00:12:28
C06559,1,64,2016-07-03 17:19:47,2016-12-26 18:40:38
C06560,1,1,2016-08-29 03:29:55,2016-08-29 03:29:55
C06561,1,6,2016-08-21 21:45:19,2016-10-12 06:33:40
C06562,1,1,2016-07-28 23:48:42,2016-07-28 23:48:42
C06563,1,4,2016-07-20 20:01:20,2016-12-14 19:27:10
C06564,1,1,2016-07-22 23:46:37,2016-07-22 23:46:37
C06565,1,12,2016-07-19 15:11:11,2016-12-30 16:32:08
C06566,1,11,2016-07-16 21:30:50,2016-12-25 18:52:30
C06567,1,4,2016-07-26 19:06:35,2016-07-31 01:46:49
C06568,1,3,2016-07-12 01:18:15,2016-10-29 23:50:26
C06569,1,2,2016-09-15 16:12:22,2016-12-27 20:46:19
C06570,1,2,2016-09-01 10:29:31,2016-10-19 14:03:40
C06571,1,10,2016-07-16 19:40:17,2016-11-22 01:13:17
C06572,1,4,2016-07-15 15:59:22,2016-11-10 21:40:56
C06573,1,3,2016-07-18 02:37:54,2016-10-14 13:20:17
C06574,1,4,2016-07-23 19:20:15,2016-10-11 15:54:31
C06575,1,3,2016-07-25 21:41:11,2016-10-20 20:55:44
C06576,1,2,2016-07-14 16:19:16,2016-07-18 02:40:55
C06577,1,2,2016-07-25 14:09:57,2016-08-08 11:19:32
C06578,1,32,2016-07-03 15:47:24,2016-12-26 13:49:05
C06579,1,23,2016-07-08 13:35:42,2016-09-26 23:15:46
C06580,1,7,2016-08-14 20:38:57,2016-12-25 13:44:18
C06581,1,4,2016-07-28 01:11:43,2016-10-13 03:05:15
C06582,2,220,2016-07-03 15:49:48,2016-12-29 15:36:32
C06583,1,1,2016-11-01 12:46:02,2016-11-01 12:46:02
C06584,1,3,2016-07-24 22:50:56,2016-08-27 10:09:49
C06585,1,1,2016-10-17 16:41:58,2016-10-17 16:41:58
C06586,1,2,2016-07-30 16:07:32,2016-08-09 05:05:16
C06587,1,10,2016-07-15 04:04:14,2016-12-20 23:42:24
C06588,1,11,2016-07-24 17:36:16,2016-11-26 01:03:24
C06589,1,1,2016-10-09 22:37:55,2016-10-09 22:37:55
C06590,1,15,2016-07-03 19:23:41,2016-12-15 01:57:42
C06591,1,1,2016-07-10 21:11:37,2016-07-10 21:11:37
C06592,1,1,2016-07-21 23:25:46,2016-07-21 23:25:46
C06593,1,4,2016-08-07 17:00:12,2016-12-08 17:17:38
C06594,1,1,2016-11-06 08:21:12,2016-11-06 08:21:12
C06595,1,3,2016-07-10 22:13:16,2016-11-16 11:54:51
C06596,1,4,2016-10-22 18:13:30,2016-11-29 23:48:48
C06597,1,14,2016-07-11 19:52:30,2016-12-23 11:14:33
C06598,1,74,2016-07-02 00:10:07,2016-12-27 19:54:08
C06599,1,21,2016-07-03 15:39:02,2016-12-15 23:50:20
C06600,1,3,2016-08-06 00:17:55,2016-12-11 01:03:44
C06601,1,4,2016-07-10 18:26:16,2016-12-20 18:59:03
C06602,1,5,2016-08-21 21:23:50,2016-09-27 20:37:32
C06603,1,1,2016-07-19 17:01:28,2016-07-19 17:01:28
C06604,1,3,2016-07-06 12:31:22,2016-07-08 14:05:14
C06605,1,182,2016-07-04 21:51:29,2016-12-29 20:35:26
C06606,1,1,2016-08-09 02:46:20,2016-08-09 02:46:20
C06607,1,1,2016-07-13 17:01:42,2016-07-13 17:01:42
C06608,1,2,2016-07-13 02:30:17,2016-12-05 12:38:59
C06609,1,4,2016-08-11 18:09:07,2016-12-08 07:05:01
C06610,1,4,2016-08-04 00:42:01,2016-12-07 17:04:32
C06611,1,10,2016-07-16 22:31:56,2016-12-16 17:17:23
C06612,1,1,2016-09-08 17:50:14,2016-09-08 17:50:14
C06613,1,1,2016-09-04 09:20:11,2016-09-04 09:20:11
C06614,1,11,2016-08-14 17:35:24,2016-12-04 00:50:17
C06615,1,1,2016-10-03 00:14:44,2016-10-03 00:14:44
C06616,1,1,2016-07-25 02:19:39,2016-07-25 02:19:39
C06617,1,30,2016-07-22 20:04:30,2016-12-31 00:12:17
C06618,1,11,2016-07-28 18:28:30,2016-12-20 17:09:47
C06619,1,3,2016-08-04 21:40:04,2016-10-06 01:28:39
C06620,1,2,2016-07-22 21:59:14,2016-07-22 22:30:05
C06621,1,2,2016-07-11 00:47:05,2016-09-21 00:32:23
C06622,1,1,2016-11-24 00:29:27,2016-11-24 00:29:27
C06623,1,4,2016-07-08 20:48:21,2016-12-23 12:48:03
C06624,1,11,2016-07-03 19:00:44,2016-12-24 10:02:06
C06625,1,6,2016-07-22 16:08:17,2016-11-20 02:51:20
C06626,1,1,2016-11-21 16:12:21,2016-11-21 16:12:21
C06627,1,1,2016-07-14 02:41:33,2016-07-14 02:41:33
C06628,1,1,2016-07-18 21:03:58,2016-07-18 21:03:58
C06629,1,3,2016-07-07 03:14:41,2016-09-20 18:51:18
C06630,2,1013,2016-07-04 03:32:24,2016-12-31 18:42:18
C06631,1,53,2016-07-03 02:19:28,2016-12-28 21:06:19
C06632,1,1,2016-11-05 03:03:48,2016-11-05 03:03:48
C06633,1,13,2016-08-19 22:03:45,2016-12-29 17:51:51
C06634,1,1,2016-11-28 22:08:15,2016-11-28 22:08:15
C06635,1,14,2016-07-08 19:49:04,2016-12-26 16:08:01
C06636,1,2,2016-08-22 20:40:36,2016-12-06 17:50:31
C06637,1,2,2016-08-03 18:29:39,2016-08-06 15:59:05
C06638,1,7,2016-07-17 12:55:12,2016-12-10 02:55:11
C06639,1,52,2016-07-05 00:22:40,2016-12-27 20:04:18
C06640,1,36,2016-07-12 18:09:27,2016-12-18 16:46:47
C06641,1,1,2016-11-15 19:25:41,2016-11-15 19:25:41
C06642,1,18,2016-07-05 15:13:50,2016-12-15 17:16:18
C06643,1,3,2016-08-15 04:44:52,2016-10-25 14:21:32
C06644,1,2,2016-07-03 00:27:08,2016-11-19 01:05:19
C06645,1,3,2016-07-18 16:06:35,2016-11-10 17:59:17
C06646,1,2,2016-07-23 19:05:04,2016-07-23 19:21:04
C06647,1,5,2016-09-06 17:52:12,2016-11-15 19:10:07
C06648,1,17,2016-07-14 19:58:52,2016-12-06 21:50:25
C06649,1,1,2016-08-25 22:36:29,2016-08-25 22:36:29
C06650,2,138,2016-07-06 10:48:03,2016-12-31 23:44:44
C06651,1,2,2016-08-12 16:41:19,2016-12-12 21:09:42
C06652,1,1,2016-07-22 03:29:45,2016-07-22 03:29:45
C06653,1,1,2016-08-04 21:53:32,2016-08-04 21:53:32
C06654,1,4,2016-07-25 12:16:18,2016-10-25 18:43:08
C06655,1,17,2016-07-04 03:38:26,2016-12-20 16:05:50
C06656,1,9,2016-10-16 16:02:29,2016-12-29 23:27:14
C06657,1,178,2016-07-06 00:48:51,2016-12-30 23:21:11
C06658,1,50,2016-07-02 19:27:55,2016-12-26 15:16:13
C06659,1,2,2016-12-25 16:34:14,2016-12-25 16:45:35
C06660,1,2,2016-08-28 13:52:37,2016-08-28 13:57:46
C06661,1,2,2016-11-22 19:35:42,2016-11-28 22:43:41
C06662,1,1,2016-08-01 19:06:18,2016-08-01 19:06:18
C06663,2,1186,2016-07-05 01:00:24,2016-12-31 20:14:18
C06664,1,22,2016-07-04 12:36:46,2016-12-25 20:09:19
C06665,2,70,2016-07-08 21:43:20,2016-12-21 20:24:33
C06666,1,1,2016-11-27 01:34:42,2016-11-27 01:34:42
C06667,1,4,2016-07-23 21:39:10,2016-10-02 18:05:45
C06668,1,6,2016-07-25 23:53:52,2016-10-02 20:19:39
C06669,1,5,2016-07-25 21:37:06,2016-11-07 18:13:10
C06670,1,3,2016-07-26 15:36:18,2016-07-26 15:57:19
C06671,1,13,2016-07-06 20:44:20,2016-11-29 12:59:08
C06672,1,3,2016-09-30 18:37:42,2016-12-02 01:08:33
C06673,1,2,2016-08-19 03:25:08,2016-08-19 03:34:56
C06674,1,22,2016-07-14 18:06:20,2016-12-26 15:18:11
C06675,1,1,2016-12-08 22:37:06,2016-12-08 22:37:06
C06676,1,2,2016-09-16 18:03:17,2016-10-01 15:21:26
C06677,1,5,2016-07-05 02:10:09,2016-07-28 02:24:41
C06678,1,42,2016-07-02 05:43:59,2016-12-29 22:17:40
C06679,1,4,2016-07-16 22:08:43,2016-10-20 16:11:13
C06680,1,5,2016-08-09 00:08:45,2016-12-12 02:39:09
C06681,1,13,2016-07-02 22:07:29,2016-12-22 21:20:18
C06682,1,25,2016-07-12 19:50:23,2016-12-26 17:23:35
C06683,1,54,2016-07-02 23:50:18,2016-12-23 23:47:10
C06684,2,4,2016-10-01 21:07:45,2016-12-15 18:55:43
C06685,1,1,2016-11-24 01:59:24,2016-11-24 01:59:24
C06686,1,3,2016-12-02 21:36:53,2016-12-12 17:27:26
C06687,1,1,2016-12-30 18:07:41,2016-12-30 18:07:41
C06688,1,1,2016-12-02 16:19:19,2016-12-02 16:19:19
C06689,1,1,2016-07-15 21:32:48,2016-07-15 21:32:48
C06690,1,2,2016-09-01 14:15:40,2016-09-10 00:50:31
C06691,1,1,2016-08-16 21:25:53,2016-08-16 21:25:53
C06692,1,1,2016-12-02 22:37:58,2016-12-02 22:37:58
C06693,1,14,2016-07-15 18:54:00,2016-12-24 13:12:08
C06694,1,25,2016-07-06 19:52:55,2016-12-28 20:06:47
C06695,1,1,2016-11-07 18:14:36,2016-11-07 18:14:36
C06696,1,1,2016-07-12 00:42:12,2016-07-12 00:42:12
C06697,1,1,2016-07-30 22:15:14,2016-07-30 22:15:14
C06698,1,3,2016-08-24 14:21:37,2016-08-24 14:43:33
C06699,1,5,2016-07-29 00:43:33,2016-12-14 21:32:30
C06700,1,1,2016-07-10 14:49:22,2016-07-10 14:49:22
C06701,1,1,2016-07-24 16:17:24,2016-07-24 16:17:24
C06702,1,5,2016-07-17 04:07:29,2016-09-24 05:16:45
C06703,1,1,2016-08-01 23:05:32,2016-08-01 23:05:32
C06704,1,42,2016-07-04 22:38:54,2016-12-23 01:35:01
C06705,1,24,2016-07-03 01:48:39,2016-12-05 14:30:47
C06706,1,74,2016-07-12 16:32:58,2016-12-25 18:36:46
C06707,1,2,2016-07-08 15:00:37,2016-07-08 15:10:20
C06708,2,293,2016-07-04 02:08:45,2016-12-31 22:04:15
C06709,1,5,2016-08-25 23:12:20,2016-12-20 11:37:02
C06710,1,27,2016-07-10 15:07:15,2016-12-13 22:16:01
C06711,1,1,2016-11-11 20:59:09,2016-11-11 20:59:09
C06712,1,5,2016-07-09 18:37:40,2016-08-26 14:39:12
C06713,1,3,2016-10-13 17:23:38,2016-12-13 06:32:12
C06714,1,2,2016-09-10 01:25:49,2016-10-20 21:43:40
C06715,1,4,2016-07-24 22:47:02,2016-10-02 00:30:23
C06716,1,1,2016-07-15 11:45:41,2016-07-15 11:45:41
C06717,1,2,2016-07-29 13:58:13,2016-07-31 20:06:34
C06718,1,2,2016-08-01 22:35:43,2016-08-14 04:31:12
C06719,1,2,2016-07-21 19:54:12,2016-11-03 14:57:17
C06720,1,2,2016-10-14 17:34:18,2016-10-18 16:50:27
C06721,1,2,2016-09-16 21:37:48,2016-12-10 21:37:26
C06722,1,1,2016-12-24 21:15:22,2016-12-24 21:15:22
C06723,1,6,2016-07-15 19:53:48,2016-10-08 00:32:53
C06724,1,3,2016-07-12 01:57:15,2016-07-23 18:02:32
C06725,1,1,2016-10-28 17:12:14,2016-10-28 17:12:14
C06726,1,36,2016-07-04 17:15:36,2016-12-30 16:13:21
C06727,1,1,2016-12-01 16:48:01,2016-12-01 16:48:01
C06728,1,9,2016-07-15 17:40:28,2016-11-02 23:36:45
C06729,1,1,2016-11-07 22:59:29,2016-11-07 22:59:29
C06730,1,14,2016-07-14 19:16:17,2016-12-31 21:52:38
C06731,1,11,2016-07-11 17:56:38,2016-12-12 04:17:18
C06732,1,3,2016-07-28 17:32:46,2016-09-11 16:12:44
C06733,1,23,2016-09-03 00:24:57,2016-11-22 13:07:49
C06734,1,6,2016-08-11 02:08:36,2016-12-31 22:33:48
C06735,1,6,2016-07-18 16:44:20,2016-11-26 16:35:42
C06736,1,4,2016-12-02 16:16:37,2016-12-03 03:43:53
C06737,1,22,2016-07-09 13:20:29,2016-12-01 18:37:26
C06738,1,1,2016-09-21 20:16:43,2016-09-21 20:16:43
C06739,1,3,2016-12-16 20:18:46,2016-12-16 20:39:10
C06740,1,31,2016-07-05 15:52:23,2016-12-23 02:17:24
C06741,1,3,2016-07-12 15:15:45,2016-08-26 14:09:15
C06742,1,1,2016-08-03 20:58:01,2016-08-03 20:58:01
C06743,1,33,2016-07-02 00:04:48,2016-12-13 13:42:39
C06744,2,2069,2016-07-05 02:50:38,2016-12-31 23:48:11
C06745,1,8,2016-07-28 16:02:20,2016-12-15 18:08:50
C06746,1,13,2016-07-07 16:30:14,2016-08-22 20:28:07
C06747,1,1,2016-11-28 13:24:26,2016-11-28 13:24:26
C06748,1,1,2016-09-09 11:59:48,2016-09-09 11:59:48
C06749,1,14,2016-08-26 01:00:54,2016-12-17 19:19:48
C06750,1,7,2016-07-21 01:26:57,2016-10-02 23:17:14
C06751,2,24,2016-07-14 16:59:59,2016-12-27 21:19:24
C06752,1,7,2016-09-04 05:35:19,2016-12-30 22:09:34
C06753,1,1,2016-08-30 15:54:49,2016-08-30 15:54:49
C06754,1,1,2016-07-19 20:06:09,2016-07-19 20:06:09
C06755,2,4,2016-08-23 18:42:22,2016-12-18 22:54:02
C06756,1,104,2016-07-07 00:20:15,2016-12-31 14:29:34
C06757,1,2,2016-10-09 15:53:29,2016-12-03 22:21:48
C06758,1,1,2016-07-06 00:43:49,2016-07-06 00:43:49
C06759,1,3,2016-12-25 00:12:05,2016-12-28 23:38:54
C06760,1,8,2016-07-30 16:32:47,2016-11-24 21:25:03
C06761,1,1,2016-07-26 17:30:12,2016-07-26 17:30:12
C06762,1,5,2016-07-12 23:58:22,2016-11-29 23:42:10
C06763,1,9,2016-07-07 12:37:38,2016-11-26 11:56:39
C06764,2,268,2016-07-03 21:52:50,2016-12-29 17:33:47
C06765,1,4,2016-07-16 22:01:10,2016-11-18 21:48:18
C06766,1,3,2016-07-14 19:34:11,2016-07-22 18:27:43
C06767,1,10,2016-07-16 16:20:27,2016-12-30 23:53:55
C06768,1,69,2016-07-05 15:19:59,2016-12-31 19:27:24
C06769,1,1,2016-07-16 01:07:22,2016-07-16 01:07:22
C06770,1,4,2016-07-22 00:24:51,2016-12-09 14:33:22
C06771,1,1,2016-08-22 21:59:41,2016-08-22 21:59:41
C06772,1,17,2016-07-03 21:51:09,2016-10-11 03:47:04
C06773,1,3,2016-07-29 20:02:58,2016-09-17 23:33:13
C06774,1,2,2016-11-20 19:18:53,2016-11-24 21:00:03
C06775,1,1,2016-07-16 19:39:10,2016-07-16 19:39:10
C06776,1,4,2016-08-28 19:20:46,2016-10-07 16:49:54
C06777,1,2,2016-07-10 20:40:52,2016-07-18 20:58:18
C06778,1,14,2016-07-09 01:35:36,2016-12-11 17:11:08
C06779,1,2,2016-08-17 20:24:23,2016-08-17 21:40:01
C06780,1,10,2016-07-06 20:12:50,2016-11-14 21:04:17
C06781,1,3,2016-11-12 00:17:19,2016-11-26 01:33:13
C06782,1,3,2016-07-29 19:07:37,2016-11-17 14:31:00
C06783,1,11,2016-07-18 01:54:10,2016-12-17 22:21:54
C06784,1,68,2016-07-08 17:37:55,2016-12-31 04:37:25
C06785,1,1,2016-11-12 17:03:36,2016-11-12 17:03:36
C06786,1,2,2016-07-10 17:13:47,2016-07-10 17:22:48
C06787,1,1,2016-12-29 15:12:58,2016-12-29 15:12:58
C06788,1,2,2016-07-24 22:08:21,2016-08-16 01:50:18
C06789,1,1,2016-07-16 15:58:40,2016-07-16 15:58:40
C06790,1,2,2016-07-27 01:43:21,2016-08-24 06:19:42
C06791,1,22,2016-07-02 01:33:27,2016-12-08 22:06:16
C06792,1,2,2016-08-12 02:26:28,2016-08-12 15:09:44
C06793,1,13,2016-07-27 18:33:09,2016-12-18 04:54:48
C06794,1,1,2016-07-09 16:33:47,2016-07-09 16:33:47
C06795,1,24,2016-07-13 19:30:47,2016-12-26 21:03:16
C06796,1,4,2016-10-21 11:41:18,2016-12-27 16:58:45
C06797,1,5,2016-07-09 00:26:44,2016-12-26 19:55:29
C06798,1,12,2016-07-25 16:05:10,2016-12-23 04:15:22
C06799,1,1,2016-07-05 03:30:14,2016-07-05 03:30:14
C06800,1,34,2016-07-02 20:37:07,2016-12-23 01:06:43
C06801,1,3,2016-08-11 20:38:26,2016-12-14 21:23:22
C06802,1,1,2016-07-31 21:24:29,2016-07-31 21:24:29
C06803,1,1,2016-08-02 16:59:29,2016-08-02 16:59:29
C06804,1,2,2016-12-21 12:02:46,2016-12-21 12:43:38
C06805,1,4,2016-07-21 17:42:00,2016-09-29 18:30:06
C06806,1,1,2016-10-06 01:17:28,2016-10-06 01:17:28
C06807,1,1,2016-08-13 04:38:38,2016-08-13 04:38:38
C06808,1,1,2016-07-17 17:38:18,2016-07-17 17:38:18
C06809,1,5,2016-08-24 21:43:21,2016-12-17 02:28:55
C06810,1,3,2016-11-15 23:29:00,2016-12-11 19:31:36
C06811,1,83,2016-07-02 02:39:21,2016-12-28 00:43:01
C06812,1,6,2016-08-07 14:26:06,2016-12-29 21:06:22
C06813,1,5,2016-08-22 23:42:32,2016-11-17 14:04:16
C06814,1,28,2016-07-15 18:11:28,2016-12-30 15:55:01
C06815,1,2,2016-07-19 00:24:25,2016-11-24 20:58:52
C06816,1,1,2016-09-06 06:20:15,2016-09-06 06:20:15
C06817,1,1,2016-09-18 03:42:28,2016-09-18 03:42:28
C06818,1,194,2016-07-03 12:58:10,2016-12-31 20:20:19
C06819,1,1,2016-07-23 23:05:22,2016-07-23 23:05:22
C06820,1,1,2016-07-11 06:35:53,2016-07-11 06:35:53
C06821,1,128,2016-07-05 14:28:44,2016-12-29 23:40:02
C06822,1,6,2016-10-13 13:49:13,2016-12-25 23:29:58
C06823,1,51,2016-07-06 00:31:37,2016-12-31 22:16:37
C06824,1,20,2016-07-11 22:02:06,2016-12-14 22:05:49
C06825,1,1,2016-10-05 01:26:18,2016-10-05 01:26:18
C06826,1,1,2016-08-08 00:15:14,2016-08-08 00:15:14
C06827,1,10,2016-07-27 04:10:41,2016-11-20 04:32:41
C06828,1,1,2016-11-05 23:09:23,2016-11-05 23:09:23
C06829,1,1,2016-11-17 23:55:02,2016-11-17 23:55:02
C06830,1,1,2016-10-09 01:29:27,2016-10-09 01:29:27
C06831,2,3,2016-07-24 01:12:43,2016-09-27 15:13:49
C06832,1,6,2016-08-29 22:02:08,2016-12-03 11:16:25
C06833,1,6,2016-08-19 23:57:08,2016-12-25 02:29:42
C06834,1,9,2016-07-13 20:10:26,2016-11-20 15:12:57
C06835,2,1591,2016-07-04 00:45:34,2016-12-31 23:48:42
C06836,1,2,2016-08-26 21:02:59,2016-08-26 21:10:44
C06837,1,6,2016-07-20 22:16:33,2016-08-21 02:32:08
C06838,1,1,2016-07-20 18:25:46,2016-07-20 18:25:46
C06839,1,2,2016-10-14 02:20:08,2016-12-22 20:58:44
C06840,2,123,2016-07-02 21:43:07,2016-12-27 01:21:05
C06841,1,95,2016-07-13 22:05:13,2016-12-20 19:17:55
C06842,1,3,2016-07-21 22:42:21,2016-12-14 15:47:43
C06843,1,10,2016-07-22 21:27:06,2016-12-24 17:28:09
C06844,1,8,2016-07-29 19:46:39,2016-12-12 23:50:55
C06845,1,55,2016-07-02 19:15:00,2016-12-27 01:48:17
C06846,1,8,2016-07-20 17:42:25,2016-12-31 00:03:06
C06847,1,6,2016-08-05 19:14:29,2016-11-28 21:34:13
C06848,1,3,2016-08-25 18:34:00,2016-10-14 17:20:10
C06849,1,1,2016-09-08 18:40:50,2016-09-08 18:40:50
C06850,1,5,2016-07-17 04:03:44,2016-09-17 22:11:17
C06851,1,135,2016-07-05 22:34:01,2016-12-22 17:13:40
C06852,1,7,2016-07-12 23:13:46,2016-12-04 16:18:00
C06853,1,1,2016-07-12 20:44:19,2016-07-12 20:44:19
C06854,1,21,2016-07-28 23:14:27,2016-12-29 21:27:45
C06855,1,82,2016-07-03 15:29:02,2016-12-26 14:19:48
C06856,1,1,2016-12-11 16:02:39,2016-12-11 16:02:39
C06857,1,2,2016-07-25 13:56:14,2016-12-14 02:54:11
C06858,1,66,2016-07-05 20:16:58,2016-12-31 21:29:56
C06859,1,1,2016-11-15 14:13:32,2016-11-15 14:13:32
C06860,1,1,2016-12-09 13:51:09,2016-12-09 13:51:09
C06861,1,1,2016-11-23 04:43:50,2016-11-23 04:43:50
C06862,1,17,2016-07-20 20:45:30,2016-12-28 00:08:39
C06863,1,1,2016-12-23 17:24:26,2016-12-23 17:24:26
C06864,1,2,2016-09-10 22:32:14,2016-12-28 15:22:31
C06865,1,4,2016-07-22 16:48:13,2016-12-04 00:22:12
C06866,1,1,2016-08-04 03:04:54,2016-08-04 03:04:54
C06867,1,1,2016-12-08 03:24:44,2016-12-08 03:24:44
C06868,1,1,2016-08-29 18:33:14,2016-08-29 18:33:14
C06869,1,2,2016-08-29 02:08:23,2016-10-11 18:50:33
C06870,1,30,2016-07-03 15:36:31,2016-12-30 16:02:29
C06871,1,5,2016-07-28 18:36:34,2016-11-07 14:12:14
C06872,1,26,2016-07-02 01:02:37,2016-12-22 14:56:51
C06873,1,31,2016-07-02 22:49:49,2016-12-23 23:24:02
C06874,1,16,2016-07-06 03:59:32,2016-12-21 18:01:43
C06875,2,60,2016-07-07 17:44:45,2016-12-24 20:49:13
C06876,1,1,2016-07-09 22:37:43,2016-07-09 22:37:43
C06877,1,1,2016-08-27 15:37:14,2016-08-27 15:37:14
C06878,1,1,2016-07-23 22:56:53,2016-07-23 22:56:53
C06879,1,48,2016-07-03 11:00:47,2016-12-25 22:54:34
C06880,1,4,2016-10-09 04:14:58,2016-10-09 23:35:52
C06881,1,27,2016-07-24 16:02:12,2016-12-07 17:17:12
C06882,1,3,2016-10-22 20:53:56,2016-12-17 18:27:54
C06883,1,12,2016-07-06 00:42:33,2016-12-04 22:25:21
C06884,1,34,2016-07-05 06:30:49,2016-12-24 13:43:59
C06885,1,124,2016-07-02 02:38:01,2016-12-28 20:14:42
C06886,1,45,2016-07-08 13:31:39,2016-12-31 20:18:36
C06887,1,3,2016-08-24 23:46:05,2016-10-22 18:09:14
C06888,1,4,2016-07-02 16:00:50,2016-07-22 19:53:23
C06889,1,1,2016-11-07 01:39:05,2016-11-07 01:39:05
C06890,1,9,2016-07-02 16:02:59,2016-10-18 18:05:33
C06891,1,7,2016-07-25 14:18:07,2016-11-28 21:09:29
C06892,1,8,2016-08-02 00:35:43,2016-12-13 13:40:05
C06893,1,4,2016-07-11 16:25:48,2016-07-29 04:41:11
C06894,1,1,2016-09-02 09:52:13,2016-09-02 09:52:13
C06895,1,2,2016-07-28 22:45:05,2016-08-16 05:22:06
C06896,1,1,2016-12-20 22:56:56,2016-12-20 22:56:56
C06897,1,11,2016-07-13 00:32:07,2016-09-18 22:55:17
C06898,1,84,2016-07-04 14:19:23,2016-12-31 17:15:59
C06899,1,30,2016-07-11 00:21:21,2016-12-22 19:01:14
C06900,1,7,2016-07-09 13:17:39,2016-10-17 20:03:36
C06901,1,26,2016-07-10 18:22:56,2016-12-30 20:56:54
C06902,1,1,2016-10-24 01:55:46,2016-10-24 01:55:46
C06903,1,48,2016-07-05 20:51:11,2016-12-31 20:01:42
C06904,1,1,2016-07-22 21:01:25,2016-07-22 21:01:25
C06905,2,30,2016-07-04 16:04:11,2016-12-31 19:54:05
C06906,1,139,2016-07-05 01:29:13,2016-12-31 18:55:08
C06907,1,4,2016-07-30 08:03:57,2016-10-26 15:43:32
C06908,1,22,2016-07-06 19:11:32,2016-12-22 00:41:59
C06909,1,39,2016-07-03 17:06:40,2016-12-18 15:24:46
C06910,1,13,2016-07-31 16:15:10,2016-12-19 15:21:43
C06911,1,6,2016-07-27 14:54:27,2016-11-27 06:14:11
C06912,1,28,2016-07-10 14:58:54,2016-12-31 18:59:49
C06913,1,6,2016-09-10 21:12:04,2016-12-05 12:51:25
C06914,1,2,2016-11-08 15:05:37,2016-11-08 15:22:33
C06915,1,1,2016-09-30 16:05:44,2016-09-30 16:05:44
C06916,1,1,2016-10-29 16:42:59,2016-10-29 16:42:59
C06917,1,25,2016-08-04 22:55:23,2016-12-31 05:22:44
C06918,1,11,2016-07-25 18:19:24,2016-12-16 18:17:32
C06919,1,9,2016-07-06 16:15:19,2016-11-04 15:19:08
C06920,1,1,2016-12-11 00:37:50,2016-12-11 00:37:50
C06921,1,3,2016-10-26 00:04:32,2016-12-19 20:36:29
C06922,1,4,2016-07-10 00:22:03,2016-07-29 00:29:45
C06923,2,67,2016-07-10 22:19:36,2016-12-20 22:32:07
C06924,1,2,2016-08-19 02:52:31,2016-08-27 23:24:35
C06925,1,1,2016-09-26 00:39:02,2016-09-26 00:39:02
C06926,1,3,2016-12-05 07:04:17,2016-12-05 07:19:41
C06927,2,27,2016-07-05 22:16:54,2016-12-31 18:43:28
C06928,1,36,2016-07-11 20:07:23,2016-12-26 21:50:30
C06929,1,87,2016-07-03 23:36:38,2016-12-27 23:47:34
C06930,1,1,2016-07-08 00:21:53,2016-07-08 00:21:53
C06931,1,16,2016-07-13 19:28:02,2016-12-31 16:47:09
C06932,1,7,2016-07-12 00:33:46,2016-12-13 18:59:01
C06933,1,1,2016-07-28 19:21:07,2016-07-28 19:21:07
C06934,1,1,2016-07-06 20:47:05,2016-07-06 20:47:05
C06935,1,19,2016-07-11 13:56:54,2016-12-26 20:47:27
C06936,1,6,2016-07-25 15:41:50,2016-12-26 01:27:55
C06937,1,2,2016-09-19 10:58:35,2016-09-24 22:10:00
C06938,1,2,2016-08-16 23:56:10,2016-08-21 22:58:51
C06939,1,4,2016-11-24 22:48:24,2016-12-26 17:09:20
C06940,1,344,2016-07-03 00:25:28,2016-12-24 05:38:32
C06941,1,1,2016-10-03 16:50:25,2016-10-03 16:50:25
C06942,2,690,2016-07-03 13:51:10,2016-12-31 23:57:59
C06943,1,10,2016-07-26 16:08:28,2016-11-11 23:00:13
C06944,1,5,2016-07-28 15:26:36,2016-10-01 16:52:55
C06945,1,6,2016-08-29 20:34:59,2016-11-07 04:11:39
C06946,1,1,2016-10-18 17:22:31,2016-10-18 17:22:31
C06947,2,243,2016-07-03 06:28:17,2016-12-30 23:11:38
C06948,1,12,2016-07-10 22:53:33,2016-12-26 21:17:36
C06949,1,5,2016-07-24 22:29:02,2016-12-09 18:38:40
C06950,1,2,2016-10-02 03:54:45,2016-10-05 03:28:38
C06951,1,19,2016-07-17 23:26:16,2016-12-31 13:58:29
C06952,1,10,2016-07-19 22:03:41,2016-12-27 15:45:19
C06953,1,1,2016-10-29 21:15:43,2016-10-29 21:15:43
C06954,1,27,2016-07-03 17:56:50,2016-12-28 00:44:37
C06955,1,37,2016-07-12 20:43:17,2016-12-30 19:54:25
C06956,1,2,2016-07-27 14:29:49,2016-08-04 20:30:37
C06957,1,4,2016-11-27 23:42:52,2016-12-15 18:27:28
C06958,1,28,2016-07-04 19:47:26,2016-12-02 22:31:05
C06959,1,1,2016-11-30 19:38:22,2016-11-30 19:38:22
C06960,1,2,2016-07-22 15:47:52,2016-07-24 20:30:25
C06961,1,1,2016-10-01 15:23:38,2016-10-01 15:23:38
C06962,2,1060,2016-07-04 00:04:40,2016-12-31 23:23:18
C06963,2,115,2016-07-05 15:50:04,2016-12-31 16:58:07
C06964,1,124,2016-07-05 21:50:12,2016-12-31 14:59:17
C06965,1,14,2016-08-03 23:32:25,2016-12-22 19:48:19
C06966,1,24,2016-07-16 00:10:25,2016-12-02 04:14:53
C06967,1,1,2016-11-07 04:30:53,2016-11-07 04:30:53
C06968,1,20,2016-07-05 19:05:32,2016-12-30 14:12:47
C06969,1,4,2016-07-12 20:44:04,2016-10-31 04:49:35
C06970,1,1,2016-12-06 16:44:51,2016-12-06 16:44:51
C06971,1,1,2016-07-04 14:59:49,2016-07-04 14:59:49
C06972,1,3,2016-07-14 18:39:03,2016-07-18 19:20:41
C06973,1,3,2016-09-08 13:06:49,2016-09-08 13:14:07
C06974,1,46,2016-07-12 22:12:59,2016-12-31 22:03:12
C06975,1,32,2016-07-26 19:31:00,2016-12-18 23:47:14
C06976,1,69,2016-07-03 23:01:05,2016-12-29 18:55:40
C06977,1,11,2016-07-17 23:14:04,2016-12-21 18:31:56
C06978,1,1,2016-07-12 18:55:33,2016-07-12 18:55:33
C06979,1,2,2016-09-02 15:01:09,2016-09-02 15:33:41
C06980,1,13,2016-07-18 16:23:07,2016-10-19 14:26:05
C06981,1,19,2016-07-18 21:32:57,2016-12-30 03:08:35
C06982,1,5,2016-11-02 22:16:15,2016-11-26 23:07:01
C06983,1,1,2016-09-20 16:55:30,2016-09-20 16:55:30
C06984,1,1,2016-07-08 00:40:00,2016-07-08 00:40:00
C06985,1,1,2016-10-05 20:36:28,2016-10-05 20:36:28
C06986,1,43,2016-07-07 16:14:05,2016-12-31 16:20:32
C06987,2,13,2016-07-27 15:25:41,2016-12-06 11:12:42
C06988,1,133,2016-07-04 18:06:37,2016-12-28 19:19:59
C06989,1,4,2016-07-22 02:44:32,2016-12-10 05:03:58
C06990,1,6,2016-07-08 12:45:05,2016-11-24 22:41:19
C06991,1,13,2016-07-28 03:11:20,2016-12-23 00:22:00
C06992,1,1,2016-07-04 22:48:39,2016-07-04 22:48:39
C06993,1,1,2016-12-07 22:25:15,2016-12-07 22:25:15
C06994,1,5,2016-10-16 18:36:37,2016-12-16 16:25:29
C06995,1,12,2016-07-06 14:07:33,2016-10-19 22:31:07
C06996,1,5,2016-07-15 18:32:18,2016-12-07 00:19:21
C06997,1,2,2016-10-08 19:18:17,2016-12-15 00:37:26
C06998,1,3,2016-07-12 17:35:06,2016-12-03 20:02:47
C06999,1,15,2016-10-07 19:44:21,2016-12-08 01:31:18
C07000,1,6,2016-07-15 21:54:23,2016-10-31 01:22:53
C07001,1,7,2016-07-09 08:54:40,2016-11-10 01:06:43
C07002,1,15,2016-07-06 21:59:09,2016-12-22 22:12:27
C07003,1,1,2016-08-17 01:51:43,2016-08-17 01:51:43
C07004,1,29,2016-07-05 19:05:41,2016-12-30 23:02:28
C07005,1,1,2016-09-06 14:35:09,2016-09-06 14:35:09
C07006,1,45,2016-07-04 03:32:30,2016-12-27 20:49:11
C07007,1,9,2016-07-05 14:18:41,2016-10-20 23:01:28
C07008,1,8,2016-07-07 17:58:56,2016-12-31 22:53:55
C07009,1,3,2016-07-11 14:16:27,2016-11-27 18:38:37
C07010,1,1,2016-07-30 00:49:46,2016-07-30 00:49:46
C07011,1,187,2016-07-07 21:14:57,2016-12-31 19:49:27
C07012,1,3,2016-07-10 21:58:06,2016-08-06 17:17:58
C07013,1,4,2016-07-27 21:34:48,2016-10-17 20:40:20
C07014,1,3,2016-07-17 17:34:06,2016-07-25 02:32:21
C07015,1,1,2016-09-28 22:29:27,2016-09-28 22:29:27
C07016,1,2,2016-07-22 22:31:31,2016-12-31 18:34:09
C07017,1,28,2016-07-08 14:45:47,2016-12-30 20:51:40
C07018,1,4,2016-10-23 21:38:19,2016-10-23 22:20:37
C07019,1,1,2016-12-10 03:55:38,2016-12-10 03:55:38
C07020,1,2,2016-07-10 20:13:37,2016-07-26 18:04:05
C07021,1,41,2016-07-10 23:34:50,2016-12-17 22:31:34
C07022,1,8,2016-07-06 20:41:48,2016-11-29 22:57:42
C07023,1,9,2016-07-05 11:49:57,2016-12-16 11:34:44
C07024,1,2,2016-09-19 14:37:29,2016-11-21 23:46:36
C07025,1,2,2016-07-21 20:23:00,2016-12-16 06:01:49
C07026,1,11,2016-07-07 13:33:16,2016-12-06 19:20:55
C07027,1,14,2016-07-21 18:46:54,2016-12-30 13:32:57
C07028,1,1,2016-09-14 14:08:31,2016-09-14 14:08:31
C07029,1,3,2016-07-16 17:20:08,2016-07-24 19:59:37
C07030,1,32,2016-07-07 14:11:59,2016-12-16 23:49:54
C07031,1,4,2016-07-22 03:19:04,2016-09-13 17:17:01
C07032,1,1,2016-12-08 12:04:14,2016-12-08 12:04:14
C07033,1,111,2016-07-02 02:41:51,2016-12-28 19:58:51
C07034,1,2,2016-10-05 02:13:07,2016-10-23 15:04:32
C07035,1,26,2016-07-14 21:39:35,2016-12-30 18:56:40
C07036,1,3,2016-10-08 18:25:29,2016-10-12 16:48:14
C07037,1,11,2016-07-05 16:09:47,2016-11-06 21:56:04
C07038,1,27,2016-07-05 21:40:03,2016-12-20 13:41:49
C07039,1,8,2016-07-06 21:41:50,2016-12-01 16:31:44
C07040,1,1,2016-07-25 16:04:31,2016-07-25 16:04:31
C07041,1,19,2016-07-12 22:45:46,2016-12-29 15:41:15
C07042,1,1,2016-12-09 09:48:37,2016-12-09 09:48:37
C07043,1,8,2016-08-28 15:53:48,2016-11-27 17:52:26
C07044,1,2,2016-07-18 22:22:54,2016-09-04 02:05:19
C07045,1,3,2016-09-06 15:45:53,2016-12-16 12:56:24
C07046,1,1,2016-11-08 01:09:19,2016-11-08 01:09:19
C07047,1,6,2016-10-08 20:34:14,2016-12-29 19:49:34
C07048,1,2,2016-07-31 22:16:49,2016-09-21 21:19:18
C07049,1,4,2016-09-04 02:40:41,2016-12-16 17:24:55
C07050,1,10,2016-07-13 16:11:20,2016-10-17 17:57:13
C07051,1,23,2016-07-07 16:40:32,2016-12-21 01:52:10
C07052,1,1,2016-07-13 15:25:41,2016-07-13 15:25:41
C07053,1,5,2016-07-31 06:19:56,2016-12-01 21:47:57
C07054,1,3,2016-07-22 06:16:15,2016-07-22 06:25:01
C07055,1,4,2016-07-27 10:42:24,2016-08-13 00:51:53
C07056,1,4,2016-07-13 00:10:24,2016-08-11 20:52:10
C07057,1,22,2016-07-23 21:06:53,2016-12-02 19:37:54
C07058,1,54,2016-07-02 03:48:00,2016-12-21 14:17:29
C07059,1,4,2016-08-17 18:25:20,2016-09-14 17:52:56
C07060,1,4,2016-07-19 21:22:59,2016-09-04 15:10:16
C07061,1,4,2016-08-08 20:11:26,2016-08-15 13:13:04
C07062,1,148,2016-07-06 17:14:14,2016-12-31 22:33:32
C07063,1,1,2016-12-06 23:14:30,2016-12-06 23:14:30
C07064,1,11,2016-07-15 12:21:35,2016-10-21 12:48:09
C07065,2,66,2016-07-03 04:42:55,2016-12-28 20:37:51
C07066,1,16,2016-07-14 18:07:22,2016-12-24 01:50:36
C07067,1,18,2016-07-09 04:14:04,2016-12-28 03:05:10
C07068,1,2,2016-09-15 18:05:39,2016-10-16 16:18:07
C07069,1,5,2016-07-28 19:29:33,2016-12-23 05:12:12
C07070,1,1,2016-10-01 18:29:53,2016-10-01 18:29:53
C07071,1,1,2016-07-15 17:10:27,2016-07-15 17:10:27
C07072,1,1,2016-09-22 21:06:48,2016-09-22 21:06:48
C07073,1,36,2016-07-04 13:59:08,2016-12-19 12:11:04
C07074,2,78,2016-07-04 01:34:58,2016-12-30 17:10:20
C07075,1,3,2016-07-18 22:20:26,2016-07-22 02:16:14
C07076,1,34,2016-07-02 20:13:39,2016-12-29 18:36:41
C07077,1,3,2016-07-27 04:09:48,2016-12-30 17:38:38
C07078,1,28,2016-07-08 00:33:08,2016-12-30 17:43:01
C07079,1,1,2016-10-24 02:07:10,2016-10-24 02:07:10
C07080,1,7,2016-08-18 22:50:46,2016-12-22 23:09:08
C07081,1,1,2016-07-11 17:19:31,2016-07-11 17:19:31
C07082,1,2,2016-07-08 17:40:38,2016-07-27 01:28:46
C07083,1,5,2016-07-23 17:53:59,2016-07-23 18:21:33
C07084,1,2,2016-08-03 18:42:57,2016-10-11 18:18:29
C07085,1,1,2016-09-30 03:36:50,2016-09-30 03:36:50
C07086,1,38,2016-07-06 15:48:38,2016-12-29 01:50:42
C07087,1,1,2016-11-15 21:40:44,2016-11-15 21:40:44
C07088,1,3,2016-09-30 07:51:12,2016-09-30 15:05:02
C07089,1,1,2016-07-17 13:25:54,2016-07-17 13:25:54
C07090,1,1,2016-11-14 12:47:00,2016-11-14 12:47:00
C07091,1,6,2016-07-27 00:59:29,2016-10-25 02:34:20
C07092,1,1,2016-08-02 15:30:56,2016-08-02 15:30:56
C07093,1,18,2016-07-03 20:00:31,2016-12-26 21:55:23
C07094,1,17,2016-07-20 14:50:59,2016-12-05 19:03:26
C07095,1,3,2016-07-21 20:39:38,2016-07-26 15:08:40
C07096,2,407,2016-07-02 00:02:41,2016-12-28 22:03:04
C07097,1,1,2016-07-28 01:07:11,2016-07-28 01:07:11
C07098,1,3,2016-10-25 17:30:00,2016-12-03 19:15:50
C07099,1,2,2016-10-08 21:42:58,2016-11-18 01:18:19
C07100,1,3,2016-08-13 02:54:09,2016-12-06 17:57:32
C07101,1,6,2016-07-20 13:25:39,2016-08-15 13:29:23
C07102,1,60,2016-07-07 02:27:56,2016-12-30 15:32:59
C07103,1,12,2016-07-05 16:11:51,2016-11-21 13:07:22
C07104,1,19,2016-07-12 00:00:03,2016-12-29 20:58:10
C07105,1,33,2016-07-10 12:20:33,2016-12-26 12:59:26
C07106,1,18,2016-07-07 20:51:48,2016-12-19 20:00:51
C07107,1,24,2016-07-07 00:00:16,2016-11-26 21:18:32
C07108,1,6,2016-08-09 00:27:39,2016-10-04 23:46:23
C07109,2,54,2016-07-04 21:36:37,2016-12-31 16:37:38
C07110,1,7,2016-08-25 20:57:17,2016-11-18 02:06:36
C07111,1,1,2016-10-07 02:23:45,2016-10-07 02:23:45
C07112,1,1,2016-09-09 20:18:27,2016-09-09 20:18:27
C07113,1,2,2016-11-03 22:00:15,2016-11-03 22:02:32
C07114,1,1,2016-12-02 21:28:07,2016-12-02 21:28:07
C07115,1,6,2016-07-27 14:50:33,2016-12-22 13:13:54
C07116,2,19,2016-07-10 21:27:11,2016-12-19 00:29:26
C07117,1,10,2016-08-17 17:31:06,2016-12-04 17:18:31
C07118,1,131,2016-09-12 16:57:19,2016-12-31 12:40:14
C07119,1,12,2016-07-16 17:12:40,2016-12-09 17:24:13
C07120,1,1,2016-08-13 17:47:09,2016-08-13 17:47:09
C07121,1,14,2016-07-22 18:29:30,2016-12-08 23:39:53
C07122,1,1,2016-12-03 01:22:24,2016-12-03 01:22:24
C07123,1,2,2016-07-03 16:24:59,2016-11-22 11:44:40
C07124,1,2,2016-08-02 23:44:21,2016-08-02 23:58:22
C07125,1,83,2016-07-04 23:57:21,2016-12-23 22:38:32
C07126,1,6,2016-09-02 23:37:10,2016-12-24 19:16:17
C07127,1,9,2016-09-08 16:38:03,2016-12-31 04:35:37
C07128,1,2,2016-07-23 19:07:32,2016-08-02 16:29:09
C07129,1,1,2016-07-21 20:42:49,2016-07-21 20:42:49
C07130,1,64,2016-07-03 18:40:56,2016-12-27 20:06:15
C07131,1,1,2016-07-19 16:46:37,2016-07-19 16:46:37
C07132,1,2,2016-10-27 18:54:10,2016-11-01 04:40:57
C07133,1,11,2016-08-04 23:41:38,2016-12-21 22:37:26
C07134,2,129,2016-07-03 17:48:24,2016-12-30 19:59:16
C07135,1,1,2016-09-20 16:35:42,2016-09-20 16:35:42
C07136,1,3,2016-07-26 16:25:10,2016-11-19 13:02:20
C07137,1,2,2016-07-21 11:36:29,2016-08-06 22:50:33
C07138,1,1,2016-07-17 15:35:11,2016-07-17 15:35:11
C07139,1,1,2016-12-07 17:16:49,2016-12-07 17:16:49
C07140,1,1,2016-07-15 01:52:08,2016-07-15 01:52:08
C07141,1,3,2016-07-04 16:32:05,2016-10-22 17:13:28
C07142,1,1,2016-08-27 12:44:58,2016-08-27 12:44:58
C07143,1,1,2016-11-14 21:51:42,2016-11-14 21:51:42
C07144,1,1,2016-10-06 23:33:13,2016-10-06 23:33:13
C07145,1,1,2016-08-05 17:35:20,2016-08-05 17:35:20
C07146,1,12,2016-07-24 17:27:21,2016-12-28 22:12:51
C07147,1,3,2016-09-18 14:25:13,2016-10-16 23:47:11
C07148,1,81,2016-07-04 19:25:12,2016-12-31 07:54:52
C07149,2,875,2016-07-02 18:14:33,2016-12-30 23:25:43
C07150,1,1,2016-07-24 00:21:18,2016-07-24 00:21:18
C07151,1,11,2016-07-16 02:56:01,2016-12-23 14:43:19
C07152,1,7,2016-07-07 18:28:26,2016-12-13 15:49:43
C07153,1,1,2016-09-30 23:13:56,2016-09-30 23:13:56
C07154,1,1,2016-12-04 11:02:40,2016-12-04 11:02:40
C07155,1,1,2016-09-07 11:07:31,2016-09-07 11:07:31
C07156,1,2,2016-09-02 05:16:04,2016-09-25 21:12:33
C07157,1,1,2016-07-17 03:36:42,2016-07-17 03:36:42
C07158,1,1,2016-08-15 17:02:21,2016-08-15 17:02:21
C07159,1,3,2016-07-09 17:54:28,2016-11-16 01:03:07
C07160,1,1,2016-07-06 16:20:33,2016-07-06 16:20:33
C07161,1,3,2016-07-30 23:21:11,2016-08-22 02:17:47
C07162,1,33,2016-07-04 15:19:00,2016-12-14 13:56:12
C07163,1,21,2016-09-03 22:00:34,2016-12-27 23:25:11
C07164,1,22,2016-07-07 21:53:06,2016-12-25 03:16:30
C07165,1,4,2016-07-26 00:00:04,2016-11-10 11:11:57
C07166,1,8,2016-07-12 21:14:23,2016-09-24 17:22:31
C07167,1,8,2016-07-12 19:07:22,2016-10-30 17:01:00
C07168,1,2,2016-07-16 04:36:40,2016-07-17 17:41:55
C07169,1,4,2016-07-12 15:06:59,2016-10-17 20:54:03
C07170,1,4,2016-08-05 14:13:58,2016-08-11 14:09:26
C07171,2,300,2016-07-04 11:28:12,2016-12-31 13:13:26
C07172,1,45,2016-07-06 19:11:17,2016-12-28 13:46:34
C07173,2,37,2016-07-08 16:03:22,2016-12-25 14:29:31
C07174,1,1,2016-09-12 07:18:49,2016-09-12 07:18:49
C07175,1,2,2016-12-24 08:51:41,2016-12-24 14:13:42
C07176,1,4,2016-07-18 20:29:29,2016-10-10 16:07:08
C07177,1,1,2016-07-27 15:16:30,2016-07-27 15:16:30
C07178,1,4,2016-09-14 19:57:16,2016-12-19 22:07:43
C07179,1,3,2016-07-28 05:32:32,2016-09-04 15:38:23
C07180,1,30,2016-07-07 19:36:59,2016-12-31 00:50:38
C07181,1,1,2016-12-14 21:56:55,2016-12-14 21:56:55
C07182,1,2,2016-07-14 10:03:05,2016-11-22 21:38:32
C07183,1,1,2016-10-07 00:21:23,2016-10-07 00:21:23
C07184,1,1,2016-10-15 12:45:20,2016-10-15 12:45:20
C07185,2,862,2016-07-05 11:59:46,2016-12-31 20:20:29
C07186,1,1,2016-07-21 18:03:43,2016-07-21 18:03:43
C07187,1,20,2016-07-16 03:48:36,2016-12-25 03:23:17
C07188,1,1,2016-08-21 22:54:15,2016-08-21 22:54:15
C07189,1,6,2016-07-21 21:50:12,2016-12-26 21:41:38
C07190,1,3,2016-07-24 00:09:15,2016-10-08 06:58:23
C07191,1,1,2016-09-24 18:35:23,2016-09-24 18:35:23
C07192,1,2,2016-07-07 18:16:32,2016-07-22 16:25:54
C07193,1,4,2016-09-02 14:25:40,2016-12-31 01:07:53
C07194,1,10,2016-07-04 16:05:47,2016-12-05 17:17:22
C07195,1,1,2016-10-10 19:41:09,2016-10-10 19:41:09
C07196,2,308,2016-07-04 19:30:39,2016-12-31 18:53:33
C07197,1,61,2016-07-05 00:42:18,2016-12-31 03:57:08
C07198,1,4,2016-07-13 20:03:41,2016-11-05 16:33:29
C07199,1,6,2016-07-25 21:48:37,2016-12-19 18:29:23
C07200,1,13,2016-07-26 17:25:46,2016-11-20 14:42:49
C07201,1,4,2016-07-06 23:55:12,2016-07-23 21:32:09
C07202,1,7,2016-10-25 20:09:45,2016-10-25 21:26:14
C07203,2,29,2016-07-04 19:50:30,2016-12-07 19:07:17
C07204,1,198,2016-07-08 00:49:20,2016-12-28 18:20:33
C07205,1,3,2016-07-24 16:28:56,2016-09-01 13:30:02
C07206,1,7,2016-07-21 16:57:11,2016-12-26 12:49:32
C07207,1,1,2016-11-15 20:04:25,2016-11-15 20:04:25
C07208,1,17,2016-07-13 22:23:25,2016-12-21 10:12:49
C07209,1,2,2016-07-14 15:21:39,2016-09-08 01:46:03
C07210,1,1,2016-09-23 23:14:13,2016-09-23 23:14:13
C07211,1,1,2016-12-09 00:07:41,2016-12-09 00:07:41
C07212,2,2522,2016-07-02 01:40:00,2016-12-29 21:05:30
C07213,1,3,2016-07-29 23:33:51,2016-12-13 23:07:19
C07214,1,6,2016-08-09 00:15:08,2016-12-13 22:14:56
C07215,1,55,2016-07-02 17:15:17,2016-12-17 15:21:25
C07216,1,132,2016-07-05 17:35:16,2016-12-30 12:50:54
C07217,1,1,2016-07-13 19:23:52,2016-07-13 19:23:52
C07218,1,1,2016-08-20 17:20:41,2016-08-20 17:20:41
C07219,1,1,2016-09-26 14:47:10,2016-09-26 14:47:10
C07220,1,206,2016-07-02 02:56:42,2016-12-30 01:32:18
C07221,1,3,2016-07-30 15:20:48,2016-08-09 00:56:52
C07222,1,4,2016-09-18 17:54:16,2016-12-10 22:55:05
C07223,1,13,2016-07-05 16:05:13,2016-12-19 20:26:30
C07224,1,6,2016-07-09 00:29:11,2016-10-09 20:27:03
C07225,1,2,2016-07-09 20:17:10,2016-07-11 19:21:38
C07226,1,2,2016-09-20 00:16:39,2016-09-27 21:12:35
C07227,2,208,2016-07-02 06:40:27,2016-12-28 17:57:51
C07228,1,5,2016-07-03 18:18:52,2016-10-06 12:01:29
C07229,1,4,2016-07-28 19:09:39,2016-12-02 14:11:04
C07230,1,3,2016-07-26 13:45:53,2016-08-11 15:50:19
C07231,1,5,2016-08-01 17:32:56,2016-10-30 21:39:49
C07232,1,26,2016-07-06 18:12:20,2016-12-04 20:35:50
C07233,1,10,2016-08-01 19:27:43,2016-12-20 00:15:13
C07234,1,1,2016-07-27 20:08:37,2016-07-27 20:08:37
C07235,1,4,2016-08-04 22:06:43,2016-11-18 23:06:48
C07236,1,9,2016-07-19 22:28:14,2016-12-15 22:31:37
C07237,1,51,2016-07-07 01:19:38,2016-12-31 19:19:11
C07238,1,26,2016-07-14 12:52:11,2016-12-19 17:28:44
C07239,1,16,2016-07-23 13:46:51,2016-12-09 18:20:47
C07240,1,1,2016-07-18 13:08:20,2016-07-18 13:08:20
C07241,1,2,2016-07-22 13:09:56,2016-10-15 23:30:50
C07242,1,13,2016-07-20 17:04:07,2016-12-07 16:29:04
C07243,1,1,2016-07-25 22:12:48,2016-07-25 22:12:48
C07244,1,19,2016-07-03 23:58:05,2016-12-09 22:04:54
C07245,1,6,2016-07-04 18:12:05,2016-11-29 16:25:23
C07246,1,1,2016-07-22 22:40:48,2016-07-22 22:40:48
C07247,1,16,2016-07-11 16:20:41,2016-10-30 16:23:02
C07248,1,3,2016-07-15 17:35:43,2016-08-23 01:05:46
C07249,1,2,2016-09-30 20:30:07,2016-10-06 23:37:19
C07250,1,1,2016-11-16 18:33:10,2016-11-16 18:33:10
C07251,1,10,2016-10-12 20:12:45,2016-12-16 11:17:12
C07252,1,1,2016-07-20 18:30:22,2016-07-20 18:30:22
C07253,1,1,2016-07-27 00:33:20,2016-07-27 00:33:20
C07254,1,12,2016-08-15 17:20:17,2016-11-03 21:35:34
C07255,1,2,2016-08-25 22:03:27,2016-09-26 21:42:07
C07256,2,82,2016-07-18 03:48:12,2016-12-31 19:50:29
C07257,1,10,2016-07-07 21:04:29,2016-12-15 02:25:42
C07258,1,12,2016-07-19 17:48:01,2016-11-06 21:13:20
C07259,1,1,2016-10-12 20:18:32,2016-10-12 20:18:32
C07260,1,1,2016-07-27 12:11:23,2016-07-27 12:11:23
C07261,1,1,2016-07-27 01:13:18,2016-07-27 01:13:18
C07262,1,3,2016-09-11 18:04:56,2016-11-02 19:00:38
C07263,1,1,2016-07-19 20:11:11,2016-07-19 20:11:11
C07264,1,18,2016-07-05 20:57:05,2016-12-01 10:12:32
C07265,1,10,2016-07-12 17:21:03,2016-11-20 23:04:47
C07266,1,1,2016-11-10 02:10:28,2016-11-10 02:10:28
C07267,1,58,2016-07-15 00:28:40,2016-12-27 00:40:54
C07268,1,1,2016-11-02 22:18:28,2016-11-02 22:18:28
C07269,1,1,2016-08-02 08:19:30,2016-08-02 08:19:30
C07270,1,30,2016-07-25 19:47:20,2016-11-29 15:18:18
C07271,1,1,2016-11-11 13:43:46,2016-11-11 13:43:46
C07272,1,1,2016-07-15 17:00:09,2016-07-15 17:00:09
C07273,1,1,2016-07-12 23:18:34,2016-07-12 23:18:34
C07274,1,33,2016-07-14 18:59:02,2016-12-19 20:04:22
C07275,1,20,2016-07-04 05:04:19,2016-12-24 13:36:07
C07276,1,15,2016-07-02 18:44:06,2016-08-30 17:14:21
C07277,1,100,2016-07-07 16:55:14,2016-12-27 22:27:38
C07278,1,1,2016-07-06 16:11:11,2016-07-06 16:11:11
C07279,1,2,2016-08-25 17:16:04,2016-11-06 12:53:37
C07280,1,1,2016-07-23 16:28:13,2016-07-23 16:28:13
C07281,1,14,2016-07-09 19:04:16,2016-12-19 10:44:47
C07282,1,4,2016-07-04 20:14:25,2016-10-31 13:17:08
C07283,1,1,2016-07-30 01:12:26,2016-07-30 01:12:26
C07284,1,1,2016-11-30 19:39:57,2016-11-30 19:39:57
C07285,1,3,2016-09-07 01:52:21,2016-10-06 18:41:48
C07286,1,1,2016-07-13 22:35:36,2016-07-13 22:35:36
C07287,1,2,2016-09-27 05:25:47,2016-10-30 04:03:14
C07288,2,6,2016-09-26 20:29:37,2016-12-14 00:53:59
C07289,1,1,2016-10-05 19:50:48,2016-10-05 19:50:48
C07290,1,16,2016-08-15 15:39:42,2016-12-22 20:27:28
C07291,1,2,2016-12-18 21:04:06,2016-12-18 21:10:45
C07292,1,1,2016-10-14 23:36:07,2016-10-14 23:36:07
C07293,1,5,2016-07-17 00:34:47,2016-08-17 18:37:05
C07294,1,1,2016-07-24 00:45:39,2016-07-24 00:45:39
C07295,1,26,2016-07-05 23:27:31,2016-12-20 02:59:55
C07296,1,94,2016-07-07 14:33:24,2016-12-28 15:57:21
C07297,1,261,2016-07-05 16:16:59,2016-12-31 13:14:13
C07298,1,2,2016-07-10 19:29:13,2016-12-16 01:18:01
C07299,2,22,2016-07-03 17:29:04,2016-12-12 21:39:05
C07300,1,25,2016-07-04 23:29:38,2016-11-20 18:26:42
C07301,1,1,2016-10-08 13:07:52,2016-10-08 13:07:52
C07302,1,36,2016-07-17 15:06:24,2016-12-22 15:40:13
C07303,1,5,2016-07-20 01:43:42,2016-08-13 19:30:28
C07304,1,3,2016-08-29 15:41:40,2016-12-12 20:16:49
C07305,1,1,2016-11-05 14:07:23,2016-11-05 14:07:23
C07306,1,2,2016-07-23 21:57:33,2016-09-13 19:55:14
C07307,1,29,2016-07-04 15:03:22,2016-12-26 11:45:42
C07308,1,7,2016-07-21 17:03:15,2016-10-17 18:58:10
C07309,1,3,2016-10-01 21:50:31,2016-11-18 01:03:27
C07310,1,6,2016-07-24 17:34:12,2016-08-27 19:18:15
C07311,1,181,2016-07-04 13:51:40,2016-12-28 19:13:17
C07312,1,4,2016-07-15 21:33:27,2016-12-31 21:59:15
C07313,1,3,2016-08-13 18:31:56,2016-08-27 17:16:40
C07314,1,8,2016-07-19 16:35:37,2016-12-30 20:11:29
C07315,1,1,2016-11-10 17:48:12,2016-11-10 17:48:12
C07316,1,1,2016-12-27 18:20:38,2016-12-27 18:20:38
C07317,1,1,2016-07-15 21:40:08,2016-07-15 21:40:08
C07318,1,3,2016-08-27 20:37:38,2016-10-26 00:05:49
C07319,2,98,2016-07-04 22:00:58,2016-12-30 13:41:38
C07320,1,15,2016-07-19 15:04:56,2016-12-23 19:15:38
C07321,1,6,2016-07-20 15:57:19,2016-11-18 14:31:49
C07322,1,1,2016-07-13 16:49:45,2016-07-13 16:49:45
C07323,1,5,2016-09-07 23:15:59,2016-12-23 22:44:34
C07324,1,1,2016-10-28 01:24:17,2016-10-28 01:24:17
C07325,1,3,2016-11-30 15:25:50,2016-12-01 15:27:56
C07326,1,6,2016-09-10 19:59:14,2016-12-31 01:45:08
C07327,1,29,2016-07-05 19:46:33,2016-12-18 18:49:52
C07328,1,2,2016-09-21 19:42:21,2016-10-29 21:29:54
C07329,1,3,2016-07-10 16:33:39,2016-11-08 01:45:43
C07330,1,3,2016-07-22 16:17:12,2016-12-02 14:59:18
C07331,1,1,2016-07-23 15:06:57,2016-07-23 15:06:57
C07332,1,2,2016-09-03 21:52:02,2016-09-26 18:52:26
C07333,1,24,2016-07-17 22:38:54,2016-12-17 13:33:34
C07334,1,7,2016-07-17 19:42:50,2016-11-16 17:16:37
C07335,2,84,2016-07-02 17:47:54,2016-12-16 01:25:33
C07336,1,12,2016-07-02 21:13:46,2016-12-17 13:39:24
C07337,1,1,2016-07-04 04:20:36,2016-07-04 04:20:36
C07338,1,96,2016-07-04 18:20:24,2016-12-20 22:55:12
C07339,1,203,2016-07-04 21:19:40,2016-12-31 22:27:35
C07340,1,7,2016-07-14 23:24:43,2016-12-26 20:15:06
C07341,1,46,2016-07-08 14:53:44,2016-12-27 16:14:26
C07342,1,5,2016-07-29 19:14:53,2016-12-20 20:08:13
C07343,1,2,2016-09-11 13:53:58,2016-11-25 11:49:26
C07344,1,2,2016-08-30 13:37:43,2016-10-25 15:19:43
C07345,1,36,2016-07-05 19:33:03,2016-12-28 14:42:45
C07346,1,7,2016-07-08 18:08:39,2016-11-05 16:45:45
C07347,1,29,2016-07-07 05:44:16,2016-12-27 16:54:30
C07348,1,19,2016-07-08 22:56:16,2016-12-26 20:54:11
C07349,1,1,2016-12-04 01:52:39,2016-12-04 01:52:39
C07350,1,2,2016-07-22 23:34:27,2016-10-22 20:03:18
C07351,1,2,2016-09-14 22:20:01,2016-09-15 04:00:06
C07352,1,31,2016-07-09 19:24:59,2016-12-24 16:15:01
C07353,1,1,2016-07-29 19:39:03,2016-07-29 19:39:03
C07354,2,143,2016-07-04 21:42:46,2016-12-31 20:37:13
C07355,1,308,2016-07-05 01:41:20,2016-12-31 23:55:24
C07356,1,38,2016-07-04 15:33:34,2016-12-21 19:11:21
C07357,1,4,2016-07-13 17:55:05,2016-12-28 21:38:53
C07358,1,1,2016-07-14 03:08:30,2016-07-14 03:08:30
C07359,1,5,2016-09-20 01:52:30,2016-12-09 14:23:29
C07360,1,869,2016-07-05 00:39:34,2016-12-31 23:58:54
C07361,1,1,2016-07-23 16:29:40,2016-07-23 16:29:40
C07362,1,5,2016-08-05 15:47:20,2016-12-02 17:10:52
C07363,1,2,2016-09-13 14:53:05,2016-12-26 21:28:15
C07364,1,1,2016-07-23 16:03:11,2016-07-23 16:03:11
C07365,1,8,2016-07-24 16:42:20,2016-12-21 23:33:09
C07366,1,2,2016-09-02 18:52:25,2016-09-02 19:09:12
C07367,1,48,2016-07-20 22:37:43,2016-12-09 03:04:39
C07368,1,41,2016-07-07 03:46:35,2016-12-30 18:23:11
C07369,1,4,2016-07-21 16:38:17,2016-11-01 15:56:24
C07370,1,2,2016-09-19 05:17:02,2016-09-22 22:48:44
C07371,1,2,2016-07-22 19:36:00,2016-10-04 04:41:30
C07372,1,7,2016-08-20 13:23:24,2016-12-27 23:14:23
C07373,1,1,2016-07-22 21:28:26,2016-07-22 21:28:26
C07374,1,28,2016-07-11 00:03:08,2016-12-08 20:58:35
C07375,1,2,2016-11-22 18:43:33,2016-12-10 23:26:12
C07376,1,1,2016-07-28 21:52:34,2016-07-28 21:52:34
C07377,1,4,2016-07-13 20:01:41,2016-08-09 23:37:18
C07378,1,2,2016-07-19 17:02:17,2016-07-22 17:51:10
C07379,1,2,2016-07-19 09:49:54,2016-07-19 09:51:46
C07380,1,2,2016-07-04 23:40:25,2016-10-29 22:45:19
C07381,1,1,2016-08-01 20:24:38,2016-08-01 20:24:38
C07382,1,1,2016-12-05 21:51:39,2016-12-05 21:51:39
C07383,1,1,2016-07-14 03:09:36,2016-07-14 03:09:36
C07384,1,2,2016-07-16 18:00:33,2016-11-01 03:56:38
C07385,1,3,2016-09-30 23:03:01,2016-12-18 15:08:18
C07386,1,21,2016-07-03 12:18:13,2016-12-23 00:21:10
C07387,1,35,2016-07-02 16:23:39,2016-12-09 18:40:05
C07388,1,1,2016-08-14 17:03:40,2016-08-14 17:03:40
C07389,1,13,2016-08-25 19:09:30,2016-12-28 21:43:40
C07390,1,3,2016-10-03 11:41:56,2016-10-04 21:51:26
C07391,1,5,2016-09-10 20:43:40,2016-10-22 21:05:31
C07392,1,1,2016-12-13 16:38:54,2016-12-13 16:38:54
C07393,1,12,2016-08-03 20:15:07,2016-11-30 17:35:56
C07394,1,5,2016-08-19 21:03:02,2016-12-31 22:13:19
C07395,1,5,2016-07-21 14:13:10,2016-12-16 23:06:46
C07396,1,1,2016-07-06 01:58:59,2016-07-06 01:58:59
C07397,1,2,2016-07-24 20:26:15,2016-12-20 01:36:25
C07398,1,20,2016-07-03 03:41:12,2016-12-28 23:01:39
C07399,1,1,2016-08-18 16:39:18,2016-08-18 16:39:18
C07400,2,9,2016-07-23 18:39:56,2016-12-10 02:11:21
C07401,1,6,2016-09-27 03:45:37,2016-09-28 01:55:31
C07402,1,2,2016-08-30 00:45:43,2016-09-12 22:13:40
C07403,1,38,2016-07-07 13:30:30,2016-12-09 23:49:39
C07404,1,2,2016-08-18 02:15:54,2016-08-18 02:36:48
C07405,1,5,2016-07-21 02:54:37,2016-12-03 19:51:29
C07406,1,1,2016-07-13 12:51:14,2016-07-13 12:51:14
C07407,1,14,2016-07-17 16:48:12,2016-11-15 17:32:57
C07408,1,2,2016-11-06 20:29:29,2016-11-06 20:45:24
C07409,1,5,2016-11-18 20:51:24,2016-12-24 21:18:35
C07410,1,6,2016-07-10 21:34:44,2016-12-01 19:43:21
C07411,2,31,2016-07-12 02:04:52,2016-12-14 18:24:08
C07412,1,8,2016-07-20 21:04:25,2016-11-19 23:36:13
C07413,1,1,2016-08-29 22:33:47,2016-08-29 22:33:47
C07414,1,2,2016-07-10 20:09:12,2016-11-23 21:18:08
C07415,1,6,2016-10-05 01:15:23,2016-11-20 00:32:36
C07416,1,32,2016-07-06 17:29:18,2016-12-31 11:14:24
C07417,1,1,2016-07-21 20:28:32,2016-07-21 20:28:32
C07418,1,8,2016-07-28 13:22:33,2016-12-08 23:50:21
C07419,1,1,2016-07-21 23:15:13,2016-07-21 23:15:13
C07420,1,8,2016-07-26 00:35:11,2016-11-02 15:05:52
C07421,1,1,2016-07-14 02:30:23,2016-07-14 02:30:23
C07422,1,17,2016-07-07 21:05:30,2016-10-17 21:35:12
C07423,1,3,2016-07-05 01:14:02,2016-08-07 20:06:59
C07424,1,1,2016-07-06 17:31:52,2016-07-06 17:31:52
C07425,1,1,2016-11-21 01:46:07,2016-11-21 01:46:07
C07426,1,1,2016-11-12 19:45:34,2016-11-12 19:45:34
C07427,1,1,2016-10-23 19:48:39,2016-10-23 19:48:39
C07428,1,2,2016-07-27 14:44:40,2016-11-14 16:48:59
C07429,2,20,2016-07-08 00:52:29,2016-12-25 22:31:31
C07430,1,1,2016-09-10 19:32:54,2016-09-10 19:32:54
C07431,1,2,2016-07-08 01:33:15,2016-07-17 01:39:53
C07432,1,8,2016-07-06 00:56:43,2016-12-22 16:04:10
C07433,1,2,2016-09-23 13:53:56,2016-09-30 13:09:39
C07434,1,1,2016-08-31 01:48:18,2016-08-31 01:48:18
C07435,1,1,2016-09-21 15:13:28,2016-09-21 15:13:28
C07436,1,1,2016-07-30 17:23:19,2016-07-30 17:23:19
C07437,1,82,2016-07-06 12:39:27,2016-12-31 02:03:38
C07438,1,1,2016-11-26 21:37:34,2016-11-26 21:37:34
C07439,1,60,2016-07-08 15:18:44,2016-12-30 14:10:03
C07440,1,1,2016-08-13 01:18:21,2016-08-13 01:18:21
C07441,1,1,2016-10-17 17:55:24,2016-10-17 17:55:24
C07442,1,1,2016-11-24 01:10:29,2016-11-24 01:10:29
C07443,1,6,2016-07-12 21:10:41,2016-10-11 20:44:45
C07444,1,6,2016-07-08 19:19:48,2016-12-17 00:08:13
C07445,1,49,2016-07-06 17:59:23,2016-12-27 14:33:34
C07446,1,3,2016-08-14 20:53:27,2016-12-31 19:08:14
C07447,1,1,2016-09-03 14:32:51,2016-09-03 14:32:51
C07448,1,1,2016-08-04 20:38:05,2016-08-04 20:38:05
C07449,1,1,2016-09-18 01:08:45,2016-09-18 01:08:45
C07450,1,4,2016-07-15 20:20:35,2016-12-26 21:06:27
C07451,1,4,2016-07-17 16:54:41,2016-10-01 19:28:07
C07452,1,6,2016-07-17 04:11:36,2016-08-21 19:35:50
C07453,1,3,2016-07-24 13:17:39,2016-07-24 13:24:27
C07454,1,1,2016-09-12 19:29:15,2016-09-12 19:29:15
C07455,1,5,2016-07-21 23:55:41,2016-08-25 16:55:08
C07456,2,87,2016-07-02 14:01:01,2016-12-29 17:17:54
C07457,1,31,2016-07-15 11:50:15,2016-12-31 23:31:47
C07458,1,33,2016-07-13 21:51:07,2016-12-05 19:09:50
C07459,1,11,2016-07-09 19:55:07,2016-12-22 20:10:29
C07460,1,2,2016-07-26 21:53:23,2016-07-26 22:02:19
C07461,1,23,2016-07-19 01:11:52,2016-12-30 19:09:20
C07462,1,29,2016-07-03 15:13:01,2016-12-30 20:15:46
C07463,1,1,2016-09-28 20:48:31,2016-09-28 20:48:31
C07464,1,11,2016-07-09 21:44:04,2016-11-18 18:02:19
C07465,1,1,2016-11-25 16:16:18,2016-11-25 16:16:18
C07466,2,20,2016-07-16 23:18:52,2016-11-02 02:08:27
C07467,1,14,2016-07-22 17:22:23,2016-09-29 17:25:49
C07468,2,27,2016-07-14 05:23:20,2016-12-16 23:01:31
C07469,1,1,2016-09-04 00:02:16,2016-09-04 00:02:16
C07470,1,4,2016-07-17 16:12:44,2016-12-28 03:08:02
C07471,1,4,2016-08-26 17:43:50,2016-11-18 03:32:59
C07472,1,84,2016-07-04 18:59:27,2016-12-29 23:18:18
C07473,1,36,2016-07-08 18:13:14,2016-12-28 21:39:19
C07474,1,6,2016-07-07 22:24:13,2016-12-07 23:03:17
C07475,1,6,2016-10-07 18:01:04,2016-11-27 20:56:38
C07476,1,1,2016-12-31 16:49:44,2016-12-31 16:49:44
C07477,1,6,2016-08-05 00:47:28,2016-12-25 22:15:28
C07478,1,2,2016-07-19 21:14:05,2016-07-24 18:17:39
C07479,1,10,2016-07-17 14:29:15,2016-12-26 15:41:00
C07480,1,7,2016-07-05 18:14:23,2016-12-16 00:40:26
C07481,1,6,2016-07-08 15:50:17,2016-12-18 01:09:08
C07482,1,17,2016-07-14 22:42:26,2016-12-04 16:22:28
C07483,1,9,2016-07-19 14:49:05,2016-08-01 12:28:21
C07484,1,1,2016-08-01 21:13:10,2016-08-01 21:13:10
C07485,1,38,2016-07-17 16:04:22,2016-12-08 14:32:40
C07486,1,2,2016-08-30 18:47:33,2016-09-03 23:53:49
C07487,1,2,2016-09-20 01:08:30,2016-11-16 22:23:14
C07488,1,1,2016-10-16 02:01:21,2016-10-16 02:01:21
C07489,1,2,2016-07-17 00:20:33,2016-07-17 00:32:49
C07490,1,3,2016-08-01 02:59:23,2016-11-05 04:53:11
C07491,1,2,2016-12-12 13:30:10,2016-12-28 00:10:30
C07492,1,1,2016-07-11 17:11:44,2016-07-11 17:11:44
C07493,1,2,2016-08-23 20:18:42,2016-08-23 20:50:37
C07494,1,1,2016-11-25 00:19:48,2016-11-25 00:19:48
C07495,1,15,2016-07-10 13:35:42,2016-12-26 12:46:36
C07496,1,4,2016-11-04 02:10:13,2016-12-10 13:26:34
C07497,1,5,2016-08-24 14:07:49,2016-11-14 00:24:05
C07498,2,10,2016-07-30 21:08:29,2016-11-13 01:24:10
C07499,1,10,2016-07-22 23:36:24,2016-12-29 00:32:04
C07500,1,1,2016-09-16 23:30:24,2016-09-16 23:30:24
C07501,1,6,2016-07-24 01:25:30,2016-10-19 19:19:24
C07502,1,18,2016-07-04 23:30:42,2016-12-08 21:42:09
C07503,1,1,2016-08-07 20:09:53,2016-08-07 20:09:53
C07504,1,40,2016-07-02 07:14:17,2016-12-22 17:32:56
C07505,1,125,2016-07-02 01:12:48,2016-12-29 23:23:12
C07506,1,2,2016-07-24 21:55:59,2016-08-18 03:43:20
C07507,1,1,2016-07-21 00:18:59,2016-07-21 00:18:59
C07508,2,441,2016-07-03 05:14:35,2016-12-31 13:20:31
C07509,1,1,2016-07-25 18:22:05,2016-07-25 18:22:05
C07510,1,5,2016-07-04 20:16:59,2016-10-28 15:37:26
C07511,1,6,2016-07-08 21:43:19,2016-12-01 16:41:39
C07512,1,1,2016-12-05 23:18:20,2016-12-05 23:18:20
C07513,1,50,2016-07-08 22:39:55,2016-12-29 22:32:36
C07514,1,17,2016-07-16 16:27:38,2016-12-28 20:10:01
C07515,1,2,2016-07-18 17:33:46,2016-11-30 14:28:17
C07516,1,2,2016-11-30 04:56:33,2016-12-25 13:32:58
C07517,1,15,2016-07-04 16:06:05,2016-12-12 22:09:41
C07518,2,813,2016-07-06 00:37:08,2016-12-31 23:12:43
C07519,1,1,2016-08-25 21:17:51,2016-08-25 21:17:51
C07520,1,5,2016-10-19 16:52:32,2016-12-18 23:03:52
C07521,1,2,2016-07-20 02:09:21,2016-07-20 14:20:21
C07522,1,48,2016-07-05 16:04:33,2016-12-30 22:08:11
C07523,1,315,2016-07-02 04:08:47,2016-12-29 22:02:18
C07524,1,14,2016-07-12 06:48:27,2016-12-18 23:00:06
C07525,1,1,2016-11-05 16:18:32,2016-11-05 16:18:32
C07526,1,10,2016-07-31 03:28:32,2016-12-15 02:22:53
C07527,1,1,2016-12-15 18:21:42,2016-12-15 18:21:42
C07528,1,1,2016-07-25 18:46:30,2016-07-25 18:46:30
C07529,1,12,2016-08-02 21:37:17,2016-11-29 15:09:46
C07530,1,2,2016-08-08 16:12:49,2016-08-09 16:11:30
C07531,1,3,2016-07-24 20:38:18,2016-10-08 12:54:30
C07532,1,1,2016-10-28 23:44:13,2016-10-28 23:44:13
C07533,1,2,2016-11-26 16:56:03,2016-11-26 17:05:58
C07534,1,2,2016-07-16 21:15:21,2016-11-12 21:47:50
C07535,1,31,2016-07-15 21:42:15,2016-12-26 13:44:32
C07536,1,1,2016-07-23 17:53:53,2016-07-23 17:53:53
C07537,1,2,2016-07-11 16:39:31,2016-11-03 22:53:28
C07538,1,1,2016-09-02 21:46:37,2016-09-02 21:46:37
C07539,1,1,2016-08-26 18:02:44,2016-08-26 18:02:44
C07540,1,2,2016-10-04 16:41:54,2016-10-05 02:51:58
C07541,1,2,2016-08-20 01:24:28,2016-08-31 16:13:15
C07542,1,1,2016-07-21 19:49:56,2016-07-21 19:49:56
C07543,1,1,2016-12-11 02:56:03,2016-12-11 02:56:03
C07544,1,5,2016-07-10 15:50:25,2016-07-30 18:24:25
C07545,1,5,2016-10-15 02:13:47,2016-10-30 01:22:53
C07546,1,8,2016-10-14 16:32:22,2016-11-21 14:13:21
C07547,1,26,2016-07-03 23:13:44,2016-12-30 16:42:50
C07548,1,1,2016-07-23 19:50:30,2016-07-23 19:50:30
C07549,1,6,2016-10-23 20:16:44,2016-12-25 18:21:58
C07550,1,1,2016-11-04 23:34:40,2016-11-04 23:34:40
C07551,1,3,2016-07-09 03:13:06,2016-12-12 12:14:34
C07552,1,67,2016-07-08 03:06:46,2016-12-31 18:43:10
C07553,1,2,2016-11-14 21:35:46,2016-12-11 12:04:10
C07554,1,2,2016-12-28 03:02:33,2016-12-28 03:23:30
C07555,1,24,2016-07-12 17:00:52,2016-12-30 16:00:11
C07556,1,2,2016-07-29 23:45:50,2016-09-03 17:34:44
C07557,1,11,2016-09-06 15:23:43,2016-12-14 19:56:47
C07558,2,60,2016-07-06 04:13:54,2016-12-30 23:33:03
C07559,1,2,2016-07-22 15:09:31,2016-07-26 14:57:44
C07560,1,49,2016-07-08 03:29:13,2016-12-30 19:33:34
C07561,1,12,2016-07-10 02:54:59,2016-12-21 14:11:44
C07562,2,2076,2016-07-05 00:39:55,2016-12-31 21:23:21
C07563,1,10,2016-07-19 15:50:23,2016-12-26 00:19:28
C07564,1,29,2016-07-12 14:20:14,2016-12-19 19:24:02
C07565,1,4,2016-09-06 15:21:10,2016-12-31 18:35:20
C07566,1,10,2016-08-07 13:36:58,2016-08-13 12:44:27
C07567,1,1,2016-07-23 13:56:50,2016-07-23 13:56:50
C07568,1,7,2016-09-28 16:35:52,2016-12-12 14:24:05
C07569,1,3,2016-08-30 14:36:11,2016-10-04 21:57:57
C07570,1,3,2016-08-09 20:54:59,2016-08-13 01:23:36
C07571,1,179,2016-07-05 00:40:03,2016-12-31 20:52:35
C07572,1,12,2016-07-12 20:05:39,2016-11-24 17:13:30
C07573,1,1,2016-10-22 22:47:10,2016-10-22 22:47:10
C07574,1,1,2016-08-26 21:41:49,2016-08-26 21:41:49
C07575,1,18,2016-07-10 13:20:30,2016-12-29 18:19:30
C07576,1,2,2016-09-05 22:42:34,2016-12-18 01:52:38
C07577,1,16,2016-07-10 15:24:35,2016-12-15 02:10:33
C07578,1,4,2016-07-11 17:18:15,2016-12-30 22:14:07
C07579,1,1,2016-07-15 12:30:25,2016-07-15 12:30:25
C07580,1,1,2016-11-20 20:35:10,2016-11-20 20:35:10
C07581,1,14,2016-07-03 01:45:53,2016-12-29 23:41:32
C07582,1,2,2016-08-02 12:45:00,2016-09-07 06:49:52
C07583,1,29,2016-07-05 15:42:53,2016-12-20 18:52:36
C07584,1,5,2016-07-11 01:58:04,2016-07-11 02:55:28
C07585,1,545,2016-07-05 00:04:28,2016-12-31 20:28:47
C07586,1,115,2016-07-06 19:08:38,2016-12-29 18:15:56
C07587,1,8,2016-07-17 11:49:32,2016-11-30 20:51:15
C07588,1,4,2016-08-12 00:40:00,2016-08-12 00:55:29
C07589,1,1,2016-09-08 20:12:10,2016-09-08 20:12:10
C07590,1,2,2016-08-07 22:04:12,2016-08-07 22:30:25
C07591,1,50,2016-07-04 21:58:37,2016-12-29 21:09:04
C07592,1,13,2016-09-28 01:23:23,2016-09-28 05:58:18
C07593,1,6,2016-07-20 20:56:48,2016-12-28 01:33:02
C07594,1,31,2016-07-03 15:31:41,2016-12-05 14:52:43
C07595,1,1,2016-07-22 21:34:03,2016-07-22 21:34:03
C07596,1,1,2016-07-18 18:45:23,2016-07-18 18:45:23
C07597,1,3,2016-07-23 13:50:50,2016-09-16 22:17:54
C07598,1,2,2016-10-21 13:32:41,2016-10-22 13:30:44
C07599,1,3,2016-11-19 15:58:09,2016-12-17 21:05:55
C07600,1,5,2016-10-02 03:57:10,2016-10-25 18:55:10
C07601,1,20,2016-09-20 15:09:27,2016-12-24 17:40:09
C07602,1,20,2016-07-14 21:33:52,2016-12-30 15:54:26
C07603,1,3,2016-08-26 00:01:24,2016-09-26 19:01:12
C07604,1,24,2016-07-12 15:32:09,2016-12-28 20:47:21
C07605,1,6,2016-07-18 15:19:20,2016-10-24 03:56:27
C07606,1,15,2016-07-21 14:16:40,2016-11-15 23:53:51
C07607,1,25,2016-07-09 00:54:38,2016-12-21 17:46:32
C07608,1,3,2016-07-03 01:34:29,2016-07-21 18:22:20
C07609,1,5,2016-08-23 20:10:42,2016-10-16 14:21:37
C07610,1,1,2016-10-26 18:18:46,2016-10-26 18:18:46
C07611,1,1,2016-08-09 19:47:00,2016-08-09 19:47:00
C07612,2,512,2016-07-06 03:15:42,2016-12-31 16:05:03
C07613,1,2,2016-10-31 23:23:54,2016-11-14 19:20:44
C07614,2,602,2016-07-06 13:04:43,2016-12-31 21:35:46
C07615,1,8,2016-07-11 10:52:36,2016-07-29 00:30:24
C07616,1,20,2016-07-16 20:14:01,2016-12-16 17:58:23
C07617,1,1,2016-12-20 00:27:14,2016-12-20 00:27:14
C07618,1,3,2016-07-17 01:35:49,2016-11-12 07:30:09
C07619,1,12,2016-07-03 13:36:43,2016-11-05 15:24:50
C07620,1,9,2016-07-29 05:41:24,2016-12-21 22:35:39
C07621,1,11,2016-07-24 18:45:36,2016-12-30 16:52:06
C07622,1,38,2016-07-05 11:33:16,2016-12-27 13:02:20
C07623,1,5,2016-07-21 19:27:51,2016-11-03 23:23:56
C07624,1,1,2016-10-02 15:44:06,2016-10-02 15:44:06
C07625,1,1,2016-07-28 15:49:57,2016-07-28 15:49:57
C07626,2,75,2016-07-02 22:41:54,2016-12-30 17:01:14
C07627,1,1,2016-08-13 19:30:05,2016-08-13 19:30:05
C07628,1,26,2016-07-04 20:35:09,2016-12-24 21:53:14
C07629,1,4,2016-07-22 21:21:51,2016-12-22 01:40:48
C07630,1,1,2016-07-21 18:52:12,2016-07-21 18:52:12
C07631,1,3,2016-07-10 17:01:38,2016-10-13 14:11:13
C07632,1,3,2016-10-01 18:59:17,2016-10-27 17:06:07
C07633,1,1,2016-12-31 22:20:17,2016-12-31 22:20:17
C07634,1,2,2016-08-06 01:03:04,2016-10-16 00:36:32
C07635,1,26,2016-07-19 15:59:11,2016-12-25 19:59:37
C07636,1,4,2016-12-07 14:30:43,2016-12-29 18:11:16
C07637,1,2,2016-07-11 03:48:59,2016-07-21 19:40:09
C07638,1,45,2016-07-15 22:39:20,2016-12-27 16:57:10
C07639,1,15,2016-08-08 22:07:04,2016-12-20 17:29:06
C07640,1,9,2016-08-21 02:19:07,2016-08-21 22:53:57
C07641,1,65,2016-07-02 23:51:32,2016-12-18 11:35:03
C07642,1,11,2016-08-05 22:33:45,2016-11-02 18:47:57
C07643,1,1,2016-10-10 14:24:20,2016-10-10 14:24:20
C07644,1,68,2016-07-03 04:52:33,2016-12-19 20:58:28
C07645,1,3,2016-07-04 18:55:49,2016-12-26 18:57:25
C07646,2,1509,2016-07-03 23:51:48,2016-12-31 23:28:56
C07647,1,4,2016-07-13 20:57:57,2016-10-03 19:55:40
C07648,2,3693,2016-07-02 00:16:50,2016-12-28 22:29:39
C07649,1,5,2016-10-10 21:44:50,2016-12-22 21:37:30
C07650,1,8,2016-07-08 12:26:42,2016-07-31 23:18:08
C07651,1,1,2016-07-25 21:35:22,2016-07-25 21:35:22
C07652,1,3,2016-07-30 15:41:21,2016-10-31 13:59:36
C07653,1,2,2016-07-22 14:57:22,2016-09-29 18:20:10
C07654,1,2,2016-07-27 16:11:53,2016-12-05 17:47:01
C07655,1,3,2016-07-29 02:21:22,2016-07-29 04:44:16
C07656,1,1,2016-11-14 17:03:50,2016-11-14 17:03:50
C07657,1,16,2016-07-18 22:22:19,2016-12-21 20:09:26
C07658,1,22,2016-07-24 07:24:31,2016-12-25 06:35:20
C07659,1,1,2016-10-10 00:45:20,2016-10-10 00:45:20
C07660,1,7,2016-07-18 00:30:03,2016-12-04 16:14:24
C07661,1,1,2016-11-01 20:43:16,2016-11-01 20:43:16
C07662,1,3,2016-07-19 16:03:37,2016-08-18 19:04:43
C07663,1,1,2016-07-13 21:09:55,2016-07-13 21:09:55
C07664,1,17,2016-07-28 17:45:33,2016-12-30 09:23:59
C07665,1,1,2016-12-27 02:05:12,2016-12-27 02:05:12
C07666,1,9,2016-07-20 19:17:08,2016-12-29 22:02:25
C07667,1,64,2016-07-05 13:17:18,2016-12-30 16:38:57
C07668,1,3,2016-08-04 21:27:31,2016-10-21 14:49:37
C07669,1,16,2016-07-17 19:55:20,2016-12-25 17:25:06
C07670,1,2,2016-10-15 20:34:44,2016-11-23 22:42:21
C07671,2,1569,2016-07-02 14:58:42,2016-12-28 23:51:58
C07672,1,3,2016-10-28 17:05:40,2016-10-28 17:58:23
C07673,1,7,2016-08-10 13:27:54,2016-12-17 13:43:40
C07674,1,4,2016-07-25 14:20:39,2016-07-27 02:12:43
C07675,1,1,2016-08-20 19:49:15,2016-08-20 19:49:15
C07676,1,33,2016-07-09 19:44:13,2016-12-22 17:33:28
C07677,1,3,2016-08-31 21:26:52,2016-11-05 22:33:19
C07678,1,6,2016-07-12 19:35:14,2016-09-30 23:12:48
C07679,1,6,2016-07-17 18:59:31,2016-12-02 21:19:09
C07680,1,1,2016-08-06 19:32:51,2016-08-06 19:32:51
C07681,1,95,2016-07-03 03:26:52,2016-12-27 03:21:02
C07682,1,5,2016-07-15 12:05:42,2016-09-20 21:46:12
C07683,1,1,2016-09-21 03:33:29,2016-09-21 03:33:29
C07684,1,2,2016-08-17 23:21:30,2016-08-17 23:29:53
C07685,1,11,2016-07-16 19:22:34,2016-12-29 15:24:54
C07686,1,45,2016-07-06 01:04:47,2016-12-25 15:22:53
C07687,1,6,2016-07-03 18:37:33,2016-11-30 15:57:47
C07688,1,1,2016-08-28 17:13:06,2016-08-28 17:13:06
C07689,1,14,2016-07-05 18:53:23,2016-09-28 00:43:27
C07690,1,1,2016-10-14 19:26:01,2016-10-14 19:26:01
C07691,1,1,2016-08-10 00:18:23,2016-08-10 00:18:23
C07692,1,2,2016-08-05 17:53:19,2016-09-28 02:04:55
C07693,1,11,2016-07-21 03:39:11,2016-12-22 00:18:08
C07694,1,75,2016-07-08 14:32:25,2016-12-31 11:43:34
C07695,1,4,2016-07-13 21:31:11,2016-10-26 16:46:19
C07696,1,6,2016-07-12 00:57:07,2016-12-08 01:25:43
C07697,1,1,2016-07-19 22:45:50,2016-07-19 22:45:50
C07698,1,12,2016-07-16 21:06:18,2016-10-02 16:52:18
C07699,1,10,2016-07-06 00:57:04,2016-12-31 00:01:14
C07700,1,1,2016-07-14 01:45:52,2016-07-14 01:45:52
C07701,1,8,2016-07-14 00:13:44,2016-12-09 13:53:27
C07702,1,4,2016-08-06 18:12:01,2016-10-20 16:54:50
C07703,2,70,2016-07-10 02:13:02,2016-12-29 21:39:17
C07704,1,8,2016-09-14 14:17:41,2016-10-25 21:02:00
C07705,1,1,2016-07-28 14:29:41,2016-07-28 14:29:41
C07706,1,8,2016-07-26 14:08:38,2016-12-20 03:03:25
C07707,1,1,2016-10-12 02:36:49,2016-10-12 02:36:49
C07708,1,6,2016-07-16 19:53:11,2016-12-25 08:22:00
C07709,1,1,2016-07-14 20:00:33,2016-07-14 20:00:33
C07710,1,2,2016-09-10 06:35:42,2016-11-23 20:34:38
C07711,1,3,2016-09-06 06:09:42,2016-10-25 22:05:28
C07712,1,2,2016-08-05 19:13:37,2016-09-30 08:04:41
C07713,1,1,2016-10-18 01:20:09,2016-10-18 01:20:09
C07714,1,12,2016-07-04 14:22:23,2016-12-03 19:24:45
C07715,1,2,2016-09-26 20:18:38,2016-11-01 23:13:45
C07716,1,1,2016-07-23 18:23:05,2016-07-23 18:23:05
C07717,1,25,2016-07-09 20:54:24,2016-12-30 00:20:40
C07718,1,2,2016-11-11 14:01:24,2016-12-23 19:42:48
C07719,1,4,2016-12-01 01:31:23,2016-12-03 03:36:41
C07720,1,2,2016-08-19 00:41:49,2016-12-25 01:39:30
C07721,2,6,2016-07-18 01:23:52,2016-12-19 22:03:07
C07722,1,1,2016-10-18 15:57:18,2016-10-18 15:57:18
C07723,1,2,2016-07-07 14:00:33,2016-09-27 18:53:29
C07724,1,2,2016-07-23 12:38:58,2016-12-09 22:19:25
C07725,1,6,2016-07-04 13:06:18,2016-10-28 17:39:26
C07726,1,1,2016-07-14 20:01:34,2016-07-14 20:01:34
C07727,1,23,2016-07-08 17:54:39,2016-12-24 15:27:04
C07728,1,22,2016-07-03 20:05:23,2016-11-06 14:40:51
C07729,1,544,2016-07-04 03:10:55,2016-12-31 21:26:22
C07730,1,8,2016-07-03 12:56:05,2016-12-17 15:16:10
C07731,1,2,2016-09-02 00:15:15,2016-09-27 23:36:08
C07732,1,10,2016-07-09 14:22:58,2016-11-23 15:15:13
C07733,1,75,2016-07-05 16:08:59,2016-12-31 17:33:45
C07734,1,9,2016-08-14 21:57:41,2016-12-02 23:12:07
C07735,1,3,2016-07-07 22:18:04,2016-12-10 18:51:37
C07736,1,55,2016-07-03 17:17:50,2016-12-30 12:36:11
C07737,1,1,2016-08-11 04:54:47,2016-08-11 04:54:47
C07738,1,2,2016-07-17 20:50:37,2016-07-17 21:03:06
C07739,1,31,2016-07-14 20:35:26,2016-12-29 23:39:16
C07740,1,4,2016-09-27 09:32:28,2016-11-23 04:46:41
C07741,2,785,2016-07-02 18:19:09,2016-12-28 20:01:35
C07742,1,54,2016-07-03 22:04:01,2016-12-28 14:04:43
C07743,2,360,2016-07-06 03:22:20,2016-12-31 16:12:01
C07744,1,9,2016-07-16 03:54:47,2016-12-26 02:16:44
C07745,1,41,2016-07-06 13:43:07,2016-12-13 15:08:16
C07746,1,1,2016-09-05 23:16:52,2016-09-05 23:16:52
C07747,1,5,2016-07-04 23:39:25,2016-12-06 15:17:45
C07748,1,2,2016-07-28 17:18:20,2016-07-28 17:37:24
C07749,1,12,2016-08-08 20:43:34,2016-11-23 23:49:25
C07750,2,349,2016-07-03 15:01:32,2016-12-31 16:48:40
C07751,1,7,2016-07-08 01:25:02,2016-11-07 17:22:19
C07752,1,2,2016-08-06 15:41:53,2016-12-18 12:20:48
C07753,2,3,2016-11-05 14:18:07,2016-12-11 01:57:02
C07754,1,1,2016-10-15 19:01:44,2016-10-15 19:01:44
C07755,1,4,2016-07-09 19:16:13,2016-12-29 23:32:34
C07756,1,9,2016-07-21 02:51:18,2016-12-12 00:29:51
C07757,1,26,2016-07-08 22:18:07,2016-12-21 23:43:36
C07758,1,1,2016-11-20 16:51:59,2016-11-20 16:51:59
C07759,1,1,2016-07-12 22:51:06,2016-07-12 22:51:06
C07760,1,2,2016-07-25 17:11:47,2016-12-05 18:46:13
C07761,1,72,2016-07-05 17:39:20,2016-12-22 15:00:12
C07762,1,51,2016-07-04 03:59:35,2016-12-20 16:53:23
C07763,1,3,2016-07-13 14:10:39,2016-08-12 21:48:25
C07764,1,1,2016-12-25 15:19:54,2016-12-25 15:19:54
C07765,1,3,2016-07-24 13:42:00,2016-11-19 01:17:55
C07766,1,13,2016-07-06 06:50:20,2016-12-23 18:17:47
C07767,2,50,2016-10-18 18:57:12,2016-12-28 11:03:48
C07768,1,26,2016-07-07 20:03:53,2016-12-20 16:23:31
C07769,1,1,2016-11-21 15:19:06,2016-11-21 15:19:06
C07770,1,1,2016-12-02 20:53:41,2016-12-02 20:53:41
C07771,1,4,2016-08-23 14:19:39,2016-11-03 01:27:50
C07772,1,15,2016-07-29 17:41:38,2016-12-01 14:42:56
C07773,1,40,2016-07-15 16:31:59,2016-12-09 17:35:30
C07774,1,1,2016-10-21 21:15:39,2016-10-21 21:15:39
C07775,1,12,2016-07-20 03:20:39,2016-11-11 14:57:13
C07776,1,1,2016-07-24 21:32:51,2016-07-24 21:32:51
C07777,1,1,2016-08-21 05:39:16,2016-08-21 05:39:16
C07778,1,1,2016-09-22 22:44:05,2016-09-22 22:44:05
C07779,1,18,2016-07-19 20:51:30,2016-12-27 15:13:42
C07780,1,2,2016-11-12 13:45:05,2016-12-28 15:59:56
C07781,2,25,2016-07-05 16:22:00,2016-12-31 18:18:43
C07782,1,12,2016-07-09 19:37:40,2016-12-04 21:25:40
C07783,1,1,2016-10-26 16:22:29,2016-10-26 16:22:29
C07784,1,8,2016-07-07 13:31:04,2016-10-17 18:19:05
C07785,1,2,2016-10-05 04:27:24,2016-10-05 04:40:59
C07786,1,1,2016-12-15 17:37:13,2016-12-15 17:37:13
C07787,1,1,2016-09-19 13:12:52,2016-09-19 13:12:52
C07788,1,4,2016-10-06 17:13:39,2016-11-17 17:45:04
C07789,1,7,2016-07-17 19:09:33,2016-11-10 04:38:43
C07790,1,1,2016-08-08 18:54:50,2016-08-08 18:54:50
C07791,1,1,2016-07-23 16:54:36,2016-07-23 16:54:36
C07792,1,30,2016-07-19 17:07:09,2016-12-26 16:21:24
C07793,1,3,2016-09-12 16:49:18,2016-09-23 16:41:25
C07794,1,79,2016-07-07 00:07:12,2016-12-31 12:01:41
C07795,1,9,2016-07-05 01:43:46,2016-10-12 00:02:48
C07796,1,3,2016-11-05 21:03:33,2016-11-05 21:27:30
C07797,1,2,2016-11-07 19:45:54,2016-12-25 12:43:02
C07798,1,1,2016-08-04 01:04:33,2016-08-04 01:04:33
C07799,1,1,2016-11-02 14:26:49,2016-11-02 14:26:49
C07800,1,21,2016-07-04 02:00:13,2016-11-15 20:24:12
C07801,1,4,2016-09-07 22:40:56,2016-12-15 22:05:41
C07802,1,12,2016-07-05 20:28:33,2016-12-03 14:52:49
C07803,1,8,2016-07-02 04:06:01,2016-12-12 20:30:46
C07804,1,1,2016-07-14 14:59:26,2016-07-14 14:59:26
C07805,1,1,2016-09-21 22:48:52,2016-09-21 22:48:52
C07806,1,1,2016-08-03 20:14:59,2016-08-03 20:14:59
C07807,1,3,2016-07-22 06:38:40,2016-09-10 21:40:46
C07808,1,1,2016-12-17 15:09:39,2016-12-17 15:09:39
C07809,1,2,2016-08-01 04:02:56,2016-09-24 14:57:18
C07810,1,2,2016-09-18 21:22:30,2016-09-23 21:03:55
C07811,1,1,2016-07-04 03:23:15,2016-07-04 03:23:15
C07812,1,5,2016-07-16 00:06:02,2016-10-20 17:39:52
C07813,1,2,2016-11-11 15:08:28,2016-11-11 15:41:25
C07814,1,1,2016-09-30 18:39:00,2016-09-30 18:39:00
C07815,1,1,2016-10-04 23:32:09,2016-10-04 23:32:09
C07816,1,35,2016-07-06 23:56:31,2016-12-22 20:57:48
C07817,1,19,2016-07-05 20:54:13,2016-11-22 15:53:28
C07818,1,1,2016-12-28 15:38:33,2016-12-28 15:38:33
C07819,1,1,2016-12-29 18:05:05,2016-12-29 18:05:05
C07820,1,1,2016-10-22 21:21:33,2016-10-22 21:21:33
C07821,1,36,2016-07-08 00:29:37,2016-12-23 14:54:34
C07822,1,14,2016-07-04 14:32:15,2016-10-10 22:08:05
C07823,1,1,2016-07-19 01:13:42,2016-07-19 01:13:42
C07824,1,10,2016-07-25 14:45:47,2016-12-28 23:06:40
C07825,2,29,2016-07-29 18:18:36,2016-12-29 11:03:45
C07826,1,13,2016-07-20 03:36:21,2016-12-06 01:41:29
C07827,1,16,2016-07-21 21:34:05,2016-12-29 14:39:53
C07828,1,50,2016-07-07 01:23:01,2016-12-28 16:32:41
C07829,1,13,2016-07-11 19:37:07,2016-12-30 00:30:55
C07830,1,1,2016-08-15 23:13:00,2016-08-15 23:13:00
C07831,1,24,2016-07-05 16:42:09,2016-11-28 18:19:19
C07832,1,1,2016-09-02 04:41:56,2016-09-02 04:41:56
C07833,1,2,2016-08-16 21:54:08,2016-12-26 00:39:45
C07834,1,9,2016-07-06 21:15:14,2016-12-02 02:29:36
C07835,1,1,2016-09-27 18:32:52,2016-09-27 18:32:52
C07836,1,3,2016-07-17 19:07:32,2016-10-24 12:06:24
C07837,1,7,2016-07-20 00:47:16,2016-09-12 18:13:32
C07838,1,41,2016-07-06 23:22:43,2016-12-20 09:26:00
C07839,1,1,2016-08-06 01:10:27,2016-08-06 01:10:27
C07840,1,222,2016-07-07 16:43:34,2016-12-31 21:17:52
C07841,1,397,2016-07-06 00:20:08,2016-12-31 23:22:05
C07842,1,8,2016-07-11 22:30:38,2016-10-20 13:54:01
C07843,1,3,2016-07-29 18:54:40,2016-07-29 19:10:46
C07844,1,2,2016-07-19 13:36:40,2016-09-02 17:12:10
C07845,2,104,2016-07-03 02:18:46,2016-12-29 15:54:48
C07846,1,2,2016-11-20 20:02:26,2016-12-24 15:24:10
C07847,2,367,2016-07-02 20:54:31,2016-12-28 21:27:33
C07848,2,82,2016-07-07 16:40:17,2016-12-23 04:48:59
C07849,1,5,2016-07-29 16:01:21,2016-11-13 16:14:17
C07850,1,3,2016-07-25 02:17:53,2016-11-28 23:43:14
C07851,1,5,2016-08-01 23:03:08,2016-12-24 16:34:01
C07852,1,4,2016-07-20 16:14:48,2016-07-26 05:50:41
C07853,1,2,2016-10-28 15:15:47,2016-10-28 22:00:00
C07854,1,5,2016-07-05 19:23:42,2016-07-05 20:24:56
C07855,1,162,2016-07-04 19:14:34,2016-12-28 17:27:12
C07856,1,13,2016-07-05 01:34:37,2016-12-30 15:11:28
C07857,1,8,2016-08-05 01:37:01,2016-09-27 20:24:21
C07858,2,1008,2016-07-02 12:48:10,2016-12-30 23:50:00
C07859,1,3,2016-07-11 21:58:42,2016-09-17 02:24:50
C07860,1,3,2016-07-28 03:42:51,2016-07-28 04:03:27
C07861,1,23,2016-07-26 22:16:10,2016-12-31 13:30:41
C07862,1,4,2016-08-04 01:06:58,2016-12-26 18:07:29
C07863,1,1,2016-09-06 18:43:27,2016-09-06 18:43:27
C07864,1,154,2016-07-06 16:10:31,2016-12-31 14:10:26
C07865,1,14,2016-07-18 02:33:21,2016-12-25 17:14:11
C07866,1,1,2016-07-27 15:11:28,2016-07-27 15:11:28
C07867,2,3166,2016-07-02 00:04:48,2016-12-29 22:57:34
C07868,1,51,2016-07-03 10:04:47,2016-12-24 21:55:17
C07869,1,7,2016-07-21 18:56:59,2016-10-10 18:05:53
C07870,2,280,2016-07-02 00:41:58,2016-12-28 19:46:04
C07871,1,257,2016-07-02 13:36:36,2016-12-30 01:27:39
C07872,2,371,2016-07-06 18:43:05,2016-12-31 23:03:29
C07873,1,4,2016-07-23 16:22:55,2016-08-10 21:41:38
C07874,1,2,2016-07-11 20:48:20,2016-08-24 16:55:29
C07875,1,1,2016-11-13 12:03:22,2016-11-13 12:03:22
C07876,1,1,2016-08-15 19:32:32,2016-08-15 19:32:32
C07877,1,1,2016-10-21 19:36:15,2016-10-21 19:36:15
C07878,1,73,2016-07-04 16:53:37,2016-12-29 16:02:01
C07879,1,20,2016-07-10 14:19:44,2016-12-12 21:35:20
C07880,1,9,2016-07-10 15:33:38,2016-11-17 17:02:07
C07881,1,18,2016-07-15 01:19:43,2016-12-16 20:30:14
C07882,1,1,2016-07-09 00:52:25,2016-07-09 00:52:25
C07883,1,3,2016-09-27 11:51:14,2016-11-20 22:06:07
C07884,1,1,2016-07-17 23:20:33,2016-07-17 23:20:33
C07885,1,33,2016-07-09 15:02:25,2016-12-16 14:09:14
C07886,1,5,2016-07-11 02:03:46,2016-12-17 17:57:51
C07887,2,19,2016-07-09 14:44:11,2016-12-30 16:19:21
C07888,1,2,2016-10-03 01:23:07,2016-10-03 02:37:05
C07889,1,3,2016-07-02 18:51:07,2016-12-14 16:22:10
C07890,1,5,2016-07-24 16:05:52,2016-12-11 16:04:14
C07891,1,11,2016-07-22 03:56:08,2016-12-19 02:54:31
C07892,1,6,2016-07-31 14:09:03,2016-09-24 14:57:04
C07893,1,2,2016-08-26 03:39:23,2016-09-06 16:40:45
C07894,1,4,2016-12-16 22:36:32,2016-12-23 15:05:04
C07895,1,3,2016-07-11 15:25:36,2016-12-10 23:54:35
C07896,1,3,2016-07-14 20:30:46,2016-09-21 16:43:32
C07897,1,13,2016-07-19 14:07:24,2016-12-08 21:09:51
C07898,1,40,2016-07-16 05:42:16,2016-12-28 00:56:33
C07899,1,4,2016-07-23 15:33:05,2016-08-31 02:14:57
C07900,1,1,2016-11-10 17:07:53,2016-11-10 17:07:53
C07901,1,89,2016-07-05 21:05:07,2016-12-24 22:14:38
C07902,1,1,2016-10-18 02:30:25,2016-10-18 02:30:25
C07903,1,12,2016-09-30 00:03:17,2016-12-30 00:06:37
C07904,1,10,2016-07-31 03:19:23,2016-11-27 14:47:00
C07905,1,1,2016-07-19 07:21:42,2016-07-19 07:21:42
C07906,1,1,2016-07-02 19:33:15,2016-07-02 19:33:15
C07907,1,3,2016-07-21 00:56:38,2016-08-18 20:33:11
C07908,1,25,2016-07-03 18:24:52,2016-12-16 20:33:32
C07909,1,68,2016-07-03 23:09:45,2016-12-29 22:24:54
C07910,1,12,2016-07-20 00:30:58,2016-12-23 13:03:10
C07911,1,3,2016-12-22 06:05:26,2016-12-22 06:56:31
C07912,1,1,2016-09-08 00:21:08,2016-09-08 00:21:08
C07913,2,28,2016-09-22 19:05:45,2016-12-30 19:44:32
C07914,1,5,2016-07-26 16:56:14,2016-12-26 14:06:34
C07915,1,1,2016-08-25 22:24:05,2016-08-25 22:24:05
C07916,1,9,2016-07-07 23:09:25,2016-12-02 20:15:33
C07917,1,19,2016-07-15 22:15:38,2016-12-24 15:07:16
C07918,1,49,2016-07-04 00:45:31,2016-12-28 23:29:12
C07919,2,1019,2016-07-02 15:53:25,2016-12-28 23:46:48
C07920,1,2,2016-09-13 03:19:40,2016-09-13 03:20:13
C07921,1,2,2016-10-01 22:59:42,2016-12-01 15:06:36
C07922,1,1,2016-10-13 21:19:42,2016-10-13 21:19:42
C07923,1,2,2016-12-16 01:52:52,2016-12-16 15:50:32
C07924,1,11,2016-07-10 19:50:04,2016-11-27 18:18:05
C07925,1,317,2016-07-05 08:44:30,2016-12-31 16:08:31
C07926,1,15,2016-07-26 21:04:17,2016-12-03 20:24:02
C07927,1,56,2016-07-13 14:25:07,2016-12-22 00:27:01
C07928,1,1,2016-07-06 20:28:21,2016-07-06 20:28:21
C07929,1,5,2016-07-25 18:24:55,2016-11-15 22:47:20
C07930,1,2,2016-11-28 18:44:38,2016-12-30 23:56:07
C07931,1,1,2016-09-06 17:16:44,2016-09-06 17:16:44
C07932,1,6,2016-08-21 13:07:28,2016-12-08 03:10:57
C07933,1,1,2016-07-20 18:47:41,2016-07-20 18:47:41
C07934,1,3,2016-07-11 17:04:17,2016-12-17 19:18:23
C07935,1,3,2016-07-14 13:03:58,2016-11-22 13:02:00
C07936,2,875,2016-07-02 09:39:44,2016-12-29 22:29:45
C07937,1,2,2016-12-08 22:35:09,2016-12-18 23:14:13
C07938,1,41,2016-07-07 15:06:12,2016-12-31 15:40:03
C07939,1,1,2016-10-20 14:35:20,2016-10-20 14:35:20
C07940,1,7,2016-07-14 22:59:02,2016-12-19 02:00:04
C07941,1,1,2016-07-24 05:19:01,2016-07-24 05:19:01
C07942,1,2,2016-09-30 20:39:41,2016-10-26 02:43:24
C07943,1,1,2016-10-05 16:00:07,2016-10-05 16:00:07
C07944,1,210,2016-07-07 18:32:59,2016-12-27 12:35:49
C07945,1,6,2016-09-19 22:19:19,2016-11-24 23:42:10
C07946,1,1,2016-12-22 15:25:24,2016-12-22 15:25:24
C07947,1,2,2016-07-12 19:00:25,2016-09-03 20:19:31
C07948,1,15,2016-07-04 16:15:32,2016-12-02 20:08:47
C07949,1,6,2016-08-07 05:41:37,2016-10-31 20:07:21
C07950,1,3,2016-07-21 00:49:08,2016-12-11 17:20:26
C07951,1,1,2016-09-03 03:52:58,2016-09-03 03:52:58
C07952,1,6,2016-07-22 22:13:36,2016-12-16 20:48:40
C07953,1,5,2016-07-24 16:41:52,2016-09-30 22:45:55
C07954,1,28,2016-07-02 21:29:02,2016-12-26 20:38:43
C07955,1,4,2016-11-03 16:58:20,2016-12-26 19:01:22
C07956,1,5,2016-08-11 15:13:35,2016-11-05 01:26:44
C07957,1,149,2016-07-05 15:23:29,2016-12-30 13:59:37
C07958,1,7,2016-09-04 19:59:56,2016-12-21 00:33:50
C07959,1,2,2016-07-20 03:50:20,2016-07-23 15:33:34
C07960,1,1,2016-12-07 20:12:35,2016-12-07 20:12:35
C07961,1,13,2016-07-08 22:24:43,2016-12-27 17:47:16
C07962,2,126,2016-07-05 04:35:56,2016-12-31 23:41:02
C07963,1,22,2016-08-07 12:59:20,2016-11-01 14:11:05
C07964,1,2,2016-07-13 16:00:15,2016-07-15 21:57:46
C07965,1,3,2016-07-07 00:31:15,2016-12-11 21:00:58
C07966,1,1,2016-09-13 14:58:47,2016-09-13 14:58:47
C07967,1,1,2016-10-14 21:21:42,2016-10-14 21:21:42
C07968,1,3,2016-07-19 00:23:10,2016-09-20 22:42:54
C07969,1,6,2016-07-06 14:29:55,2016-12-13 14:44:19
C07970,1,1,2016-11-13 18:58:32,2016-11-13 18:58:32
C07971,1,1,2016-07-30 08:09:43,2016-07-30 08:09:43
C07972,1,1,2016-10-16 01:48:11,2016-10-16 01:48:11
C07973,1,8,2016-09-04 02:03:51,2016-11-05 18:12:18
C07974,1,3,2016-07-11 05:53:03,2016-08-22 05:28:33
C07975,1,11,2016-07-09 04:41:12,2016-12-09 15:07:44
C07976,1,3,2016-08-10 01:38:10,2016-12-02 05:19:25
C07977,1,1,2016-09-17 20:33:54,2016-09-17 20:33:54
C07978,1,11,2016-07-03 18:53:27,2016-12-15 22:31:45
C07979,1,2,2016-07-19 21:40:32,2016-07-26 23:55:43
C07980,1,6,2016-11-08 00:54:28,2016-12-09 21:44:48
C07981,1,155,2016-07-06 08:20:00,2016-12-29 22:36:48
C07982,1,4,2016-09-17 01:07:06,2016-11-20 03:57:20
C07983,1,2,2016-07-27 14:36:43,2016-12-14 14:43:37
C07984,1,5,2016-11-09 10:01:37,2016-11-09 11:21:39
C07985,1,2,2016-10-16 06:06:24,2016-12-20 18:02:03
C07986,1,21,2016-07-04 05:08:50,2016-12-26 05:51:23
C07987,2,248,2016-07-03 00:38:45,2016-12-31 22:55:46
C07988,1,12,2016-07-03 23:12:44,2016-09-26 23:32:02
C07989,1,5,2016-07-04 22:25:15,2016-11-27 14:29:51
C07990,1,24,2016-07-04 23:29:15,2016-12-26 18:11:12
C07991,1,12,2016-07-23 01:08:22,2016-11-26 22:38:21
C07992,1,1,2016-07-31 15:35:34,2016-07-31 15:35:34
C07993,1,7,2016-07-07 16:52:25,2016-07-10 23:02:41
C07994,1,1,2016-08-14 18:38:07,2016-08-14 18:38:07
C07995,1,17,2016-07-16 00:11:36,2016-12-26 03:21:58
C07996,1,16,2016-07-13 19:42:07,2016-12-31 23:13:25
C07997,1,152,2016-07-02 18:20:46,2016-12-27 10:19:39
C07998,1,32,2016-07-17 23:16:36,2016-12-25 00:21:36
C07999,1,8,2016-07-25 21:14:08,2016-11-22 20:08:22
C08000,1,1,2016-12-14 23:33:29,2016-12-14 23:33:29
C08001,1,8,2016-07-20 21:37:17,2016-12-29 16:35:28
C08002,1,2,2016-07-18 21:36:38,2016-12-08 17:42:12
C08003,1,1,2016-10-05 19:21:34,2016-10-05 19:21:34
C08004,1,3,2016-10-08 13:39:09,2016-12-28 16:44:38
C08005,1,1,2016-07-20 18:49:17,2016-07-20 18:49:17
C08006,1,11,2016-07-19 17:51:30,2016-12-19 17:54:23
C08007,1,2,2016-07-16 14:46:03,2016-12-26 23:27:34
C08008,1,197,2016-07-04 06:28:53,2016-12-30 18:46:23
C08009,1,8,2016-07-23 03:17:42,2016-12-14 14:53:01
C08010,2,125,2016-07-08 17:30:28,2016-12-31 23:50:48
C08011,1,7,2016-07-07 16:46:16,2016-09-15 20:18:53
C08012,1,8,2016-07-06 13:11:11,2016-12-18 08:02:03
C08013,1,14,2016-07-06 02:01:58,2016-12-28 11:22:41
C08014,1,5,2016-07-20 17:48:19,2016-12-09 18:32:35
C08015,1,5,2016-07-15 22:58:47,2016-11-14 00:51:03
C08016,1,12,2016-07-07 15:44:39,2016-11-23 23:34:50
C08017,1,14,2016-07-05 21:59:35,2016-09-22 15:49:08
C08018,1,2,2016-07-21 21:54:22,2016-07-31 16:59:25
C08019,1,1,2016-09-27 05:14:50,2016-09-27 05:14:50
C08020,1,41,2016-07-13 14:56:29,2016-12-23 21:50:34
C08021,1,2,2016-08-08 18:28:19,2016-09-30 00:58:19
C08022,1,1,2016-07-29 14:39:47,2016-07-29 14:39:47
C08023,1,17,2016-07-07 06:16:09,2016-12-29 22:26:18
C08024,2,41,2016-07-04 15:44:19,2016-12-16 20:15:32
C08025,1,3,2016-08-24 12:37:17,2016-10-24 04:01:46
C08026,1,1,2016-10-02 15:33:15,2016-10-02 15:33:15
C08027,2,110,2016-07-02 02:09:10,2016-12-28 23:34:58
C08028,1,1,2016-08-06 14:21:56,2016-08-06 14:21:56
C08029,1,12,2016-07-13 21:22:50,2016-12-27 17:09:18
C08030,1,2,2016-07-14 19:05:56,2016-10-22 00:58:41
C08031,1,9,2016-07-12 10:56:20,2016-12-15 20:28:15
C08032,1,18,2016-07-04 03:36:57,2016-12-17 03:22:33
C08033,1,5,2016-10-03 23:56:46,2016-10-04 00:26:57
C08034,1,15,2016-07-14 15:45:27,2016-12-30 18:39:05
C08035,1,2,2016-07-21 00:12:31,2016-08-15 18:25:04
C08036,1,3,2016-10-09 18:25:29,2016-10-09 18:40:04
C08037,1,286,2016-07-02 01:15:38,2016-12-30 23:28:57
C08038,1,5,2016-09-27 14:33:40,2016-12-27 20:57:17
C08039,1,13,2016-07-07 20:01:57,2016-12-19 23:46:47
C08040,1,3,2016-07-23 17:13:01,2016-07-28 19:16:06
C08041,1,12,2016-08-09 18:38:06,2016-12-07 19:54:05
C08042,1,3,2016-09-08 14:25:49,2016-12-05 00:58:23
C08043,1,1,2016-07-15 00:00:06,2016-07-15 00:00:06
C08044,1,9,2016-07-20 21:37:20,2016-12-27 10:13:31
C08045,1,9,2016-07-03 23:29:33,2016-12-15 22:24:34
C08046,1,2,2016-07-23 15:30:11,2016-11-20 14:20:20
C08047,1,11,2016-07-04 21:55:19,2016-09-16 23:07:05
C08048,1,1,2016-11-23 21:49:09,2016-11-23 21:49:09
C08049,1,6,2016-08-18 20:06:38,2016-11-14 15:37:03
C08050,1,1,2016-11-17 02:58:53,2016-11-17 02:58:53
C08051,1,1,2016-09-30 00:03:00,2016-09-30 00:03:00
C08052,1,1,2016-09-27 16:29:35,2016-09-27 16:29:35
C08053,1,1,2016-08-18 14:30:12,2016-08-18 14:30:12
C08054,1,1,2016-10-26 18:33:49,2016-10-26 18:33:49
C08055,1,14,2016-07-12 00:54:59,2016-12-17 22:19:42
C08056,1,3,2016-07-14 23:03:18,2016-07-18 22:31:12
C08057,1,1,2016-11-07 02:38:44,2016-11-07 02:38:44
C08058,1,8,2016-07-17 19:02:06,2016-12-09 02:21:20
C08059,1,1,2016-08-04 19:06:04,2016-08-04 19:06:04
C08060,1,1,2016-12-10 20:52:12,2016-12-10 20:52:12
C08061,1,2,2016-11-02 19:07:51,2016-11-04 15:48:12
C08062,1,7,2016-10-07 20:41:28,2016-11-25 13:46:37
C08063,1,1,2016-12-24 12:15:30,2016-12-24 12:15:30
C08064,1,1,2016-08-20 22:14:23,2016-08-20 22:14:23
C08065,1,3,2016-07-19 17:50:09,2016-08-04 21:45:48
C08066,1,3,2016-10-08 21:25:42,2016-10-08 21:41:55
C08067,1,4,2016-07-25 23:54:26,2016-12-26 18:17:30
C08068,1,7,2016-07-18 18:06:05,2016-11-05 19:20:59
C08069,1,2,2016-07-15 18:01:55,2016-07-15 18:19:30
C08070,1,4,2016-07-06 19:24:26,2016-12-14 21:47:24
C08071,1,1,2016-11-23 18:28:33,2016-11-23 18:28:33
C08072,1,246,2016-07-02 13:09:58,2016-12-28 15:34:30
C08073,1,3,2016-07-25 04:08:23,2016-08-18 20:10:37
C08074,1,2,2016-07-16 18:26:13,2016-12-30 23:34:41
C08075,1,81,2016-07-04 20:24:05,2016-12-28 15:34:55
C08076,1,1,2016-10-01 18:05:00,2016-10-01 18:05:00
C08077,1,2,2016-07-26 19:33:56,2016-07-29 18:07:14
C08078,1,1,2016-09-17 04:28:28,2016-09-17 04:28:28
C08079,1,2,2016-08-16 22:41:03,2016-08-28 06:00:01
C08080,1,13,2016-07-11 02:04:17,2016-12-13 02:35:39
C08081,1,3,2016-08-21 12:17:05,2016-12-01 18:05:06
C08082,1,6,2016-08-06 17:49:52,2016-12-03 19:12:00
C08083,1,74,2016-07-04 14:52:33,2016-12-21 06:11:51
C08084,1,4,2016-07-19 16:48:46,2016-12-07 20:18:07
C08085,1,2,2016-10-11 04:28:26,2016-10-31 19:54:21
C08086,1,1,2016-07-11 18:41:48,2016-07-11 18:41:48
C08087,1,11,2016-07-03 15:28:20,2016-12-23 03:33:07
C08088,1,1,2016-11-05 11:35:35,2016-11-05 11:35:35
C08089,1,2,2016-07-23 02:12:54,2016-08-22 00:47:20
C08090,1,1,2016-08-05 02:40:56,2016-08-05 02:40:56
C08091,1,1,2016-07-27 17:22:01,2016-07-27 17:22:01
C08092,1,1,2016-12-16 22:16:06,2016-12-16 22:16:06
C08093,1,10,2016-07-12 22:19:35,2016-12-12 13:41:58
C08094,1,6,2016-07-23 14:30:23,2016-10-14 14:08:17
C08095,1,7,2016-07-05 19:16:47,2016-09-26 00:48:35
C08096,1,4,2016-09-14 22:18:21,2016-11-07 20:11:58
C08097,1,11,2016-07-25 20:54:58,2016-10-15 06:40:46
C08098,1,1,2016-08-24 03:04:37,2016-08-24 03:04:37
C08099,1,4,2016-07-11 02:29:18,2016-10-27 04:42:50
C08100,1,1,2016-09-29 19:10:39,2016-09-29 19:10:39
C08101,1,1,2016-08-17 19:04:05,2016-08-17 19:04:05
C08102,1,3,2016-07-05 19:47:04,2016-11-15 17:32:44
C08103,1,2,2016-09-21 20:04:38,2016-12-15 19:25:10
C08104,1,6,2016-07-12 05:23:07,2016-12-14 14:57:28
C08105,1,7,2016-07-31 15:33:51,2016-12-27 18:02:57
C08106,1,216,2016-07-06 23:51:38,2016-12-30 23:24:57
C08107,1,11,2016-07-07 20:11:36,2016-11-26 03:05:05
C08108,1,28,2016-07-04 16:37:16,2016-12-17 12:16:27
C08109,1,1,2016-08-04 00:34:30,2016-08-04 00:34:30
C08110,1,21,2016-07-12 03:33:51,2016-12-23 20:03:19
C08111,1,37,2016-07-06 21:59:05,2016-12-28 18:22:43
C08112,2,43,2016-07-03 02:24:17,2016-12-16 23:47:54
C08113,1,6,2016-08-21 20:48:19,2016-12-22 16:48:58
C08114,1,7,2016-07-17 20:43:23,2016-11-14 18:10:32
C08115,1,10,2016-07-15 18:16:53,2016-12-15 17:12:08
C08116,1,1,2016-11-01 21:59:12,2016-11-01 21:59:12
C08117,1,3,2016-07-27 02:50:04,2016-12-09 12:09:09
C08118,1,2,2016-11-02 22:31:07,2016-11-02 22:45:49
C08119,1,6,2016-07-18 02:51:27,2016-12-15 15:07:34
C08120,1,35,2016-07-02 04:25:12,2016-12-27 00:41:37
C08121,1,9,2016-07-10 23:08:02,2016-12-16 00:47:10
C08122,1,9,2016-07-12 16:32:45,2016-12-12 23:10:01
C08123,1,25,2016-07-21 15:28:12,2016-12-23 17:55:37
C08124,1,1,2016-08-07 01:39:34,2016-08-07 01:39:34
C08125,1,1,2016-07-11 22:47:58,2016-07-11 22:47:58
C08126,1,1,2016-12-07 02:59:36,2016-12-07 02:59:36
C08127,1,25,2016-07-03 03:10:01,2016-12-23 23:26:39
C08128,1,3,2016-07-14 12:12:40,2016-11-11 12:47:41
C08129,2,4,2016-08-22 23:02:05,2016-12-30 00:37:30
C08130,1,1,2016-10-19 19:27:56,2016-10-19 19:27:56
C08131,1,5,2016-07-18 20:47:52,2016-08-21 20:57:51
C08132,1,1,2016-11-28 00:12:16,2016-11-28 00:12:16
C08133,1,6,2016-07-07 20:40:34,2016-12-06 00:17:44
C08134,1,2,2016-07-13 18:26:36,2016-07-13 18:49:46
C08135,1,6,2016-07-12 18:43:59,2016-12-06 03:26:31
C08136,1,5,2016-08-26 21:48:24,2016-10-03 20:42:33
C08137,1,2,2016-07-25 22:24:21,2016-12-15 18:04:42
C08138,1,14,2016-07-22 15:19:30,2016-12-15 18:16:02
C08139,1,1,2016-10-29 23:06:06,2016-10-29 23:06:06
C08140,1,25,2016-07-07 18:39:46,2016-11-30 20:38:35
C08141,1,6,2016-07-22 01:26:05,2016-10-25 23:24:49
C08142,1,30,2016-07-04 14:04:22,2016-12-25 23:39:57
C08143,1,4,2016-07-06 23:55:01,2016-10-28 18:50:40
C08144,1,1,2016-07-22 19:28:15,2016-07-22 19:28:15
C08145,1,18,2016-07-11 17:14:52,2016-12-20 19:40:21
C08146,1,1,2016-07-12 06:16:47,2016-07-12 06:16:47
C08147,1,13,2016-07-03 17:02:27,2016-11-29 18:41:20
C08148,1,19,2016-07-03 17:58:38,2016-12-29 21:23:06
C08149,1,6,2016-09-07 15:35:38,2016-12-15 21:40:37
C08150,1,1,2016-07-09 05:30:07,2016-07-09 05:30:07
C08151,1,3,2016-09-09 22:55:29,2016-11-03 21:07:18
C08152,1,4,2016-07-09 23:18:43,2016-11-06 16:29:32
C08153,1,2,2016-07-25 17:38:22,2016-07-26 23:06:13
C08154,1,2,2016-07-22 16:54:48,2016-07-22 16:58:08
C08155,1,2,2016-09-26 18:03:46,2016-10-02 13:27:50
C08156,1,10,2016-07-15 01:07:52,2016-12-16 03:05:53
C08157,1,1,2016-11-26 02:07:20,2016-11-26 02:07:20
C08158,1,2,2016-10-25 00:26:13,2016-10-25 00:54:42
C08159,1,3,2016-07-10 02:41:05,2016-12-14 23:01:35
C08160,1,2,2016-07-29 16:15:58,2016-08-22 19:47:51
C08161,1,18,2016-07-09 17:07:31,2016-12-03 03:56:08
C08162,1,3,2016-08-13 16:05:16,2016-12-26 23:40:16
C08163,1,2,2016-07-07 15:52:17,2016-10-30 15:28:12
C08164,1,2,2016-08-26 17:34:02,2016-10-31 15:47:02
C08165,1,1,2016-12-19 15:12:41,2016-12-19 15:12:41
C08166,2,55,2016-07-04 19:04:40,2016-12-31 02:49:46
C08167,1,9,2016-07-09 01:30:32,2016-12-05 21:52:18
C08168,1,52,2016-07-16 23:01:45,2016-12-31 23:53:22
C08169,1,28,2016-07-05 20:24:14,2016-12-22 17:38:22
C08170,1,6,2016-07-21 21:54:05,2016-12-25 21:07:25
C08171,1,2,2016-10-19 22:21:05,2016-11-16 19:37:15
C08172,1,11,2016-07-23 14:58:38,2016-12-26 21:36:54
C08173,1,59,2016-07-05 19:25:31,2016-12-31 10:39:12
C08174,1,56,2016-07-07 01:08:19,2016-12-30 12:58:14
C08175,1,1,2016-07-22 17:17:12,2016-07-22 17:17:12
C08176,1,1,2016-07-20 16:04:24,2016-07-20 16:04:24
C08177,1,9,2016-07-11 17:34:14,2016-12-30 17:10:44
C08178,1,1,2016-09-28 17:41:14,2016-09-28 17:41:14
C08179,1,2,2016-07-05 18:45:15,2016-07-19 01:14:24
C08180,1,5,2016-07-05 22:58:14,2016-08-14 17:24:29
C08181,1,30,2016-07-02 13:56:34,2016-12-08 21:33:54
C08182,1,1,2016-11-18 19:42:24,2016-11-18 19:42:24
C08183,1,2,2016-07-04 02:14:20,2016-09-06 19:34:38
C08184,1,5,2016-07-15 00:08:11,2016-12-05 19:45:26
C08185,1,37,2016-07-06 23:38:41,2016-12-26 23:34:49
C08186,1,6,2016-07-10 23:20:36,2016-12-18 00:05:24
C08187,1,2,2016-09-06 12:32:54,2016-12-22 00:06:20
C08188,1,2,2016-08-06 22:11:24,2016-10-26 01:08:17
C08189,1,1,2016-09-04 03:05:04,2016-09-04 03:05:04
C08190,2,189,2016-07-06 20:52:16,2016-12-31 03:43:39
C08191,1,1,2016-12-06 01:28:01,2016-12-06 01:28:01
C08192,1,1,2016-07-15 21:32:24,2016-07-15 21:32:24
C08193,1,17,2016-07-22 16:20:31,2016-11-16 22:44:33
C08194,1,8,2016-09-29 02:04:03,2016-12-31 19:23:02
C08195,1,12,2016-09-28 17:52:28,2016-12-30 09:58:04
C08196,1,2,2016-08-23 19:33:41,2016-11-19 22:12:25
C08197,1,18,2016-07-06 17:35:29,2016-12-06 18:23:06
C08198,1,9,2016-07-13 21:43:21,2016-09-19 15:07:21
C08199,1,10,2016-07-07 02:38:35,2016-08-17 22:44:54
C08200,1,1,2016-10-19 21:13:36,2016-10-19 21:13:36
C08201,1,1,2016-11-18 22:24:14,2016-11-18 22:24:14
C08202,1,4,2016-10-17 15:16:27,2016-12-22 23:45:51
C08203,2,8,2016-07-11 20:27:32,2016-11-12 15:14:23
C08204,1,1,2016-09-30 20:57:58,2016-09-30 20:57:58
C08205,1,20,2016-07-06 21:55:46,2016-11-29 02:39:30
C08206,2,92,2016-07-13 14:17:29,2016-12-23 01:01:13
C08207,1,27,2016-07-15 21:43:08,2016-12-24 14:32:44
C08208,1,1,2016-11-09 14:35:43,2016-11-09 14:35:43
C08209,1,30,2016-07-05 20:46:39,2016-12-23 23:58:25
C08210,1,1,2016-08-08 00:10:57,2016-08-08 00:10:57
C08211,1,17,2016-07-14 17:04:37,2016-12-14 19:34:03
C08212,1,3,2016-12-05 21:29:00,2016-12-05 21:54:53
C08213,2,4,2016-07-18 20:39:50,2016-09-27 00:21:24
C08214,1,15,2016-07-03 15:17:20,2016-11-30 12:03:04
C08215,1,4,2016-09-20 22:41:44,2016-09-22 21:36:11
C08216,1,2,2016-10-27 13:18:07,2016-10-27 13:38:49
C08217,2,114,2016-07-03 13:48:51,2016-12-28 10:08:20
C08218,1,3,2016-08-21 19:13:52,2016-10-24 06:26:50
C08219,1,85,2016-07-03 00:19:17,2016-12-25 23:38:29
C08220,1,1,2016-10-23 23:28:04,2016-10-23 23:28:04
C08221,1,2,2016-10-29 06:50:41,2016-12-10 23:41:41
C08222,1,21,2016-07-05 14:22:07,2016-12-31 12:23:53
C08223,1,1,2016-07-06 17:08:30,2016-07-06 17:08:30
C08224,1,7,2016-12-20 00:17:59,2016-12-23 15:46:41
C08225,1,1,2016-07-12 19:13:06,2016-07-12 19:13:06
C08226,1,20,2016-07-25 16:14:26,2016-12-19 02:35:43
C08227,1,1,2016-10-04 06:51:45,2016-10-04 06:51:45
C08228,1,29,2016-07-04 22:20:01,2016-12-27 23:26:50
C08229,1,5,2016-09-13 00:43:42,2016-12-06 02:56:41
C08230,1,1,2016-10-19 23:20:20,2016-10-19 23:20:20
C08231,1,14,2016-07-04 17:00:03,2016-12-15 21:07:53
C08232,1,14,2016-07-12 16:41:26,2016-12-10 22:45:16
C08233,1,2,2016-09-15 16:30:01,2016-09-17 04:21:35
C08234,1,2,2016-07-17 16:47:55,2016-10-03 00:17:42
C08235,2,14,2016-07-16 16:24:13,2016-12-11 01:48:48
C08236,1,4,2016-07-04 20:08:00,2016-12-16 21:45:41
C08237,1,1,2016-07-17 18:07:53,2016-07-17 18:07:53
C08238,1,1,2016-07-21 17:07:56,2016-07-21 17:07:56
C08239,1,9,2016-07-09 21:31:20,2016-12-13 21:31:28
C08240,1,7,2016-07-02 22:32:05,2016-12-17 19:43:13
C08241,1,9,2016-07-29 23:09:23,2016-09-15 00:07:38
C08242,1,1,2016-08-07 19:38:22,2016-08-07 19:38:22
C08243,1,6,2016-07-16 03:12:52,2016-10-27 01:19:22
C08244,1,5,2016-07-19 22:33:58,2016-11-13 22:42:23
C08245,1,1,2016-07-17 21:56:46,2016-07-17 21:56:46
C08246,1,8,2016-07-19 14:08:14,2016-12-11 21:00:42
C08247,1,1,2016-07-04 14:44:03,2016-07-04 14:44:03
C08248,1,1,2016-12-21 23:26:50,2016-12-21 23:26:50
C08249,2,2,2016-12-09 23:27:05,2016-12-18 23:54:30
C08250,1,8,2016-07-22 00:47:10,2016-11-15 15:23:29
C08251,1,3,2016-07-20 22:14:43,2016-08-01 14:48:30
C08252,1,3,2016-07-23 15:36:35,2016-07-27 11:45:46
C08253,1,4,2016-11-18 14:36:38,2016-11-18 14:54:33
C08254,1,1,2016-08-21 02:39:24,2016-08-21 02:39:24
C08255,1,2,2016-10-05 14:52:18,2016-12-13 20:05:55
C08256,2,936,2016-07-06 00:48:47,2016-12-31 22:21:04
C08257,1,1,2016-07-14 06:04:09,2016-07-14 06:04:09
C08258,1,3,2016-09-08 22:24:12,2016-09-13 21:57:21
C08259,1,17,2016-07-25 13:09:39,2016-12-22 03:23:46
C08260,1,176,2016-07-04 16:35:28,2016-12-30 02:15:48
C08261,1,7,2016-07-23 19:12:48,2016-11-28 17:33:08
C08262,1,4,2016-08-29 17:34:54,2016-11-07 18:08:28
C08263,1,2,2016-07-10 20:19:50,2016-07-29 07:00:32
C08264,1,1,2016-12-21 16:12:27,2016-12-21 16:12:27
C08265,1,1,2016-11-21 18:12:22,2016-11-21 18:12:22
C08266,1,2,2016-07-16 17:00:52,2016-11-02 21:18:31
C08267,1,1,2016-10-18 18:47:43,2016-10-18 18:47:43
C08268,1,8,2016-07-11 14:20:46,2016-12-23 22:06:43
C08269,1,682,2016-07-02 15:22:38,2016-12-28 00:20:57
C08270,1,2,2016-10-02 15:08:17,2016-12-19 23:55:36
C08271,1,7,2016-07-14 18:37:13,2016-11-21 07:02:25
C08272,1,2,2016-07-18 20:35:55,2016-10-04 16:39:00
C08273,1,7,2016-07-16 16:56:00,2016-12-09 00:04:40
C08274,1,3,2016-09-08 17:22:51,2016-12-24 14:59:52
C08275,1,2,2016-07-29 21:36:57,2016-11-04 15:58:04
C08276,1,2,2016-07-13 17:19:03,2016-08-18 17:09:30
C08277,1,1,2016-09-08 00:22:26,2016-09-08 00:22:26
C08278,1,1,2016-10-06 15:28:59,2016-10-06 15:28:59
C08279,1,2,2016-09-02 19:17:47,2016-09-05 15:48:51
C08280,1,1,2016-07-21 18:08:56,2016-07-21 18:08:56
C08281,2,44,2016-07-03 03:36:36,2016-12-22 04:02:56
C08282,1,7,2016-10-30 16:30:59,2016-12-22 22:27:36
C08283,1,2,2016-07-20 17:20:47,2016-07-22 19:05:03
C08284,1,2,2016-07-23 20:20:30,2016-07-23 20:20:53
C08285,2,14,2016-07-06 01:25:00,2016-12-12 13:09:24
C08286,1,3,2016-07-10 17:10:36,2016-08-06 00:00:47
C08287,1,1,2016-09-14 01:03:24,2016-09-14 01:03:24
C08288,1,151,2016-07-03 04:46:37,2016-12-26 20:55:12
C08289,1,1,2016-08-13 21:56:08,2016-08-13 21:56:08
C08290,2,30,2016-07-19 21:08:46,2016-12-12 00:44:19
C08291,1,10,2016-07-18 01:32:14,2016-12-06 16:12:08
C08292,1,18,2016-07-16 16:41:23,2016-12-12 00:33:09
C08293,1,111,2016-07-06 23:29:07,2016-12-31 23:53:53
C08294,1,18,2016-07-15 16:51:26,2016-12-05 01:46:31
C08295,1,2,2016-11-19 21:22:05,2016-12-15 13:30:34
C08296,1,11,2016-07-19 16:13:31,2016-12-16 10:36:45
C08297,1,15,2016-07-03 14:23:39,2016-12-25 02:38:24
C08298,1,1,2016-11-15 22:02:27,2016-11-15 22:02:27
C08299,1,56,2016-07-04 20:30:37,2016-12-31 14:01:58
C08300,1,1,2016-07-08 03:39:15,2016-07-08 03:39:15
C08301,1,1,2016-10-03 03:32:08,2016-10-03 03:32:08
C08302,1,2,2016-07-10 18:05:22,2016-07-24 00:48:51
C08303,1,64,2016-07-08 22:13:43,2016-12-31 22:57:11
C08304,1,2,2016-07-08 21:53:56,2016-10-31 19:16:52
C08305,1,113,2016-07-04 20:15:54,2016-12-31 02:30:07
C08306,1,4,2016-07-07 15:44:35,2016-12-18 19:33:55
C08307,1,15,2016-07-04 18:21:40,2016-12-24 13:00:29
C08308,1,1,2016-12-14 01:40:30,2016-12-14 01:40:30
C08309,1,1,2016-11-04 22:40:55,2016-11-04 22:40:55
C08310,1,4,2016-07-09 14:35:05,2016-07-29 05:08:37
C08311,1,8,2016-07-23 14:01:54,2016-12-01 00:31:14
C08312,1,9,2016-07-14 14:29:33,2016-09-22 23:43:21
C08313,1,1,2016-07-24 15:38:25,2016-07-24 15:38:25
C08314,2,150,2016-07-06 20:49:01,2016-12-31 18:40:44
C08315,1,14,2016-07-11 20:54:40,2016-11-15 18:16:39
C08316,1,55,2016-07-04 15:21:28,2016-12-28 01:10:03
C08317,1,22,2016-07-05 21:14:34,2016-12-26 00:07:06
C08318,1,1,2016-12-14 13:41:14,2016-12-14 13:41:14
C08319,1,4,2016-07-23 15:50:58,2016-09-21 12:06:07
C08320,1,1,2016-08-04 04:22:04,2016-08-04 04:22:04
C08321,2,34,2016-07-02 18:45:15,2016-11-23 03:12:00
C08322,1,4,2016-08-12 20:19:23,2016-12-22 23:42:01
C08323,1,2,2016-07-09 22:13:18,2016-07-26 17:51:46
C08324,1,3,2016-08-02 21:18:09,2016-09-28 02:44:43
C08325,1,1,2016-12-19 01:43:44,2016-12-19 01:43:44
C08326,1,1,2016-09-18 18:59:38,2016-09-18 18:59:38
C08327,1,1,2016-07-28 17:20:13,2016-07-28 17:20:13
C08328,1,1,2016-10-30 20:49:58,2016-10-30 20:49:58
C08329,1,3,2016-07-30 18:04:32,2016-11-22 22:30:24
C08330,1,1,2016-07-30 13:48:14,2016-07-30 13:48:14
C08331,1,1,2016-07-26 20:34:07,2016-07-26 20:34:07
C08332,1,13,2016-07-18 17:39:07,2016-09-08 15:13:49
C08333,1,49,2016-07-06 16:13:12,2016-12-27 13:45:54
C08334,1,111,2016-07-08 06:43:46,2016-12-28 14:18:37
C08335,1,1,2016-08-11 19:01:45,2016-08-11 19:01:45
C08336,1,106,2016-07-07 23:38:27,2016-12-27 17:30:05
C08337,1,4,2016-07-06 20:08:55,2016-09-03 18:43:42
C08338,1,2,2016-10-18 17:25:07,2016-10-18 22:50:46
C08339,1,53,2016-07-04 17:54:00,2016-12-27 11:56:27
C08340,1,1,2016-07-18 13:10:36,2016-07-18 13:10:36
C08341,1,37,2016-07-12 14:40:42,2016-12-31 16:05:52
C08342,1,1,2016-07-11 16:21:07,2016-07-11 16:21:07
C08343,1,2,2016-07-10 00:08:18,2016-07-18 02:49:06
C08344,1,1,2016-07-22 15:31:50,2016-07-22 15:31:50
C08345,1,6,2016-08-02 01:43:02,2016-10-01 20:32:15
C08346,1,1,2016-09-21 09:23:52,2016-09-21 09:23:52
C08347,1,3,2016-07-06 18:46:01,2016-07-26 21:49:02
C08348,1,124,2016-07-09 21:22:09,2016-12-30 21:25:44
C08349,1,1,2016-08-31 00:38:43,2016-08-31 00:38:43
C08350,1,1,2016-10-02 18:07:00,2016-10-02 18:07:00
C08351,1,3,2016-07-26 22:54:05,2016-12-01 16:55:10
C08352,1,31,2016-07-10 22:34:23,2016-12-30 20:37:08
C08353,1,4,2016-07-17 15:58:43,2016-07-23 00:47:02
C08354,1,32,2016-07-19 15:54:07,2016-12-12 07:21:08
C08355,1,2,2016-08-26 02:28:29,2016-10-24 23:21:45
C08356,1,5,2016-07-16 20:00:15,2016-11-22 19:43:48
C08357,1,1,2016-11-24 17:32:07,2016-11-24 17:32:07
C08358,1,3,2016-07-14 16:57:08,2016-12-29 03:36:47
C08359,1,19,2016-07-06 19:35:36,2016-12-28 02:11:31
C08360,1,4,2016-07-14 13:00:28,2016-11-01 21:01:40
C08361,1,17,2016-07-09 21:41:16,2016-12-08 01:28:11
C08362,1,2,2016-08-16 22:11:28,2016-08-24 22:35:47
C08363,1,78,2016-07-06 20:20:08,2016-12-21 18:31:21
C08364,1,8,2016-07-22 20:03:27,2016-08-06 23:08:22
C08365,1,4,2016-11-29 00:59:13,2016-12-08 23:27:49
C08366,2,174,2016-07-07 03:31:07,2016-12-31 22:25:48
C08367,1,52,2016-07-09 01:51:52,2016-12-31 02:42:21
C08368,1,3,2016-07-11 18:40:41,2016-08-11 01:56:16
C08369,1,3,2016-10-01 23:55:24,2016-12-28 11:18:52
C08370,1,3,2016-11-19 01:01:00,2016-12-01 21:17:33
C08371,1,3,2016-07-10 02:21:54,2016-07-25 00:21:08
C08372,1,13,2016-07-19 01:39:47,2016-12-13 20:33:21
C08373,1,1,2016-12-19 01:13:42,2016-12-19 01:13:42
C08374,1,207,2016-07-03 15:15:05,2016-12-30 21:48:16
C08375,1,44,2016-07-03 20:16:51,2016-12-19 04:13:02
C08376,1,7,2016-07-06 19:28:01,2016-11-29 05:35:14
C08377,1,2,2016-09-02 18:16:13,2016-10-08 22:27:55
C08378,1,3,2016-08-11 10:52:53,2016-08-13 16:38:03
C08379,1,2,2016-08-29 03:17:05,2016-08-29 08:10:15
C08380,1,17,2016-07-07 00:28:27,2016-12-26 02:49:53
C08381,1,4,2016-07-07 19:27:20,2016-11-08 13:59:11
C08382,1,5,2016-07-06 23:03:38,2016-09-21 16:09:37
C08383,1,3,2016-07-08 22:08:04,2016-07-27 17:09:43
C08384,1,63,2016-07-03 16:37:50,2016-08-07 21:47:17
C08385,1,6,2016-07-24 02:53:11,2016-12-22 20:56:14
C08386,1,22,2016-07-31 12:10:22,2016-12-31 02:33:09
C08387,1,1,2016-08-25 19:34:26,2016-08-25 19:34:26
C08388,1,2,2016-10-08 19:32:47,2016-11-30 20:54:17
C08389,1,1,2016-07-10 02:53:13,2016-07-10 02:53:13
C08390,2,7,2016-10-15 18:55:07,2016-12-27 03:33:05
C08391,2,700,2016-07-02 01:29:20,2016-12-28 22:10:22
C08392,1,1,2016-07-26 14:40:20,2016-07-26 14:40:20
C08393,1,2,2016-08-28 04:45:18,2016-10-13 03:05:56
C08394,1,1,2016-10-03 04:09:27,2016-10-03 04:09:27
C08395,1,27,2016-07-04 16:54:11,2016-12-25 21:39:54
C08396,1,3,2016-10-08 16:23:20,2016-11-01 22:39:08
C08397,1,40,2016-07-03 12:45:36,2016-12-21 13:22:49
C08398,2,4,2016-07-29 18:14:39,2016-11-07 11:57:00
C08399,1,1,2016-07-30 17:07:40,2016-07-30 17:07:40
C08400,1,9,2016-07-26 01:07:08,2016-12-17 19:16:57
C08401,1,18,2016-07-16 16:14:04,2016-11-26 18:37:39
C08402,1,29,2016-07-12 14:53:16,2016-12-23 14:47:42
C08403,1,77,2016-07-04 16:13:59,2016-12-31 16:42:30
C08404,1,1,2016-07-28 09:10:33,2016-07-28 09:10:33
C08405,1,3,2016-07-07 11:08:42,2016-11-01 16:44:33
C08406,1,1,2016-12-26 20:41:32,2016-12-26 20:41:32
C08407,1,6,2016-10-17 16:37:41,2016-11-24 18:51:15
C08408,1,12,2016-07-12 23:54:07,2016-12-23 21:05:10
C08409,1,2,2016-09-21 19:13:44,2016-09-28 23:09:16
C08410,1,35,2016-07-06 23:57:09,2016-12-30 11:32:57
C08411,1,1,2016-11-24 14:36:49,2016-11-24 14:36:49
C08412,1,5,2016-08-01 04:32:30,2016-12-19 22:36:14
C08413,1,1,2016-07-08 14:55:19,2016-07-08 14:55:19
C08414,1,41,2016-07-03 18:33:36,2016-12-18 22:38:19
C08415,1,1,2016-07-18 23:56:38,2016-07-18 23:56:38
C08416,1,1,2016-12-16 22:16:28,2016-12-16 22:16:28
C08417,1,8,2016-07-14 21:42:30,2016-08-10 22:36:55
C08418,1,7,2016-08-23 22:29:04,2016-12-08 15:51:55
C08419,1,3,2016-09-05 20:40:23,2016-12-15 04:55:12
C08420,1,40,2016-07-03 03:22:53,2016-12-28 15:18:17
C08421,1,1,2016-07-18 20:08:14,2016-07-18 20:08:14
C08422,1,20,2016-07-02 20:30:15,2016-11-22 08:44:39
C08423,1,2,2016-10-16 07:58:24,2016-10-16 08:23:27
C08424,1,1,2016-07-19 00:30:44,2016-07-19 00:30:44
C08425,1,3,2016-07-22 03:55:05,2016-10-09 06:58:20
C08426,1,17,2016-07-03 17:23:45,2016-09-28 02:15:43
C08427,1,3,2016-07-25 21:14:18,2016-11-06 21:37:10
C08428,1,1,2016-08-28 18:34:45,2016-08-28 18:34:45
C08429,1,13,2016-08-09 19:11:18,2016-12-24 18:51:38
C08430,1,2,2016-07-12 00:33:51,2016-10-22 12:32:01
C08431,1,1,2016-12-15 12:00:53,2016-12-15 12:00:53
C08432,1,6,2016-07-24 18:05:51,2016-12-17 01:32:44
C08433,1,78,2016-07-06 01:08:21,2016-12-29 17:34:55
C08434,1,1,2016-07-26 19:51:19,2016-07-26 19:51:19
C08435,1,1,2016-10-28 16:35:05,2016-10-28 16:35:05
C08436,1,3,2016-07-10 18:17:35,2016-09-18 18:03:21
C08437,1,4,2016-08-12 15:04:10,2016-08-25 15:43:23
C08438,1,85,2016-07-04 04:02:53,2016-12-26 20:26:30
C08439,1,10,2016-07-22 20:51:10,2016-12-13 18:06:05
C08440,1,4,2016-07-24 22:34:16,2016-07-24 23:03:42
C08441,1,3,2016-07-31 14:06:55,2016-11-22 17:04:30
C08442,1,1,2016-10-27 14:16:06,2016-10-27 14:16:06
C08443,1,31,2016-07-04 01:15:01,2016-12-18 02:49:41
C08444,1,1,2016-10-05 23:28:17,2016-10-05 23:28:17
C08445,1,3,2016-07-06 11:40:26,2016-10-25 12:54:43
C08446,1,1,2016-08-31 13:39:42,2016-08-31 13:39:42
C08447,1,7,2016-07-03 00:01:50,2016-12-11 02:10:51
C08448,1,35,2016-07-08 05:38:57,2016-12-22 02:15:48
C08449,2,24,2016-07-05 22:31:17,2016-10-28 11:46:09
C08450,2,3873,2016-07-05 00:57:23,2016-12-31 23:46:38
C08451,2,66,2016-07-06 16:33:39,2016-12-29 02:13:48
C08452,1,5,2016-07-11 20:16:18,2016-12-24 00:17:30
C08453,1,1,2016-07-05 02:07:00,2016-07-05 02:07:00
C08454,1,1,2016-07-04 19:41:48,2016-07-04 19:41:48
C08455,1,42,2016-07-08 23:53:57,2016-12-27 01:00:38
C08456,1,13,2016-07-04 09:24:24,2016-12-04 17:14:40
C08457,1,4,2016-07-13 18:45:50,2016-10-12 00:55:39
C08458,1,2,2016-09-02 20:57:50,2016-09-25 14:57:53
C08459,1,5,2016-08-05 02:15:21,2016-11-28 17:25:21
C08460,1,89,2016-07-02 20:58:17,2016-12-28 18:30:31
C08461,1,16,2016-07-03 01:30:06,2016-12-10 23:03:45
C08462,1,5,2016-08-05 17:06:29,2016-11-23 22:08:38
C08463,1,2,2016-07-07 00:02:24,2016-10-03 01:56:20
C08464,1,3,2016-07-10 21:49:18,2016-10-07 16:16:26
C08465,1,16,2016-07-07 04:01:52,2016-12-23 22:01:19
C08466,1,156,2016-07-03 05:38:24,2016-12-28 19:04:40
C08467,1,9,2016-07-04 18:01:11,2016-12-23 13:01:47
C08468,1,1,2016-09-04 14:23:22,2016-09-04 14:23:22
C08469,1,1,2016-07-18 20:24:04,2016-07-18 20:24:04
C08470,1,1,2016-10-09 23:34:02,2016-10-09 23:34:02
C08471,1,42,2016-07-05 02:02:37,2016-12-28 12:43:36
C08472,1,1,2016-10-06 21:50:18,2016-10-06 21:50:18
C08473,1,2,2016-07-12 02:24:26,2016-07-12 02:36:26
C08474,1,11,2016-07-05 21:34:39,2016-10-18 18:41:07
C08475,1,9,2016-07-13 01:02:38,2016-11-19 00:07:43
C08476,1,31,2016-07-06 16:10:18,2016-12-18 22:26:38
C08477,2,111,2016-07-03 18:23:34,2016-12-28 17:29:21
C08478,1,228,2016-07-03 16:35:31,2016-12-31 23:11:18
C08479,1,1,2016-07-21 05:17:12,2016-07-21 05:17:12
C08480,1,1,2016-12-14 16:14:41,2016-12-14 16:14:41
C08481,1,1,2016-08-21 20:04:58,2016-08-21 20:04:58
C08482,1,138,2016-07-03 14:03:50,2016-12-26 00:24:18
C08483,1,325,2016-07-05 17:36:13,2016-12-31 15:04:36
C08484,1,8,2016-07-07 12:11:43,2016-12-06 23:49:48
C08485,1,2,2016-09-30 04:07:04,2016-11-21 14:50:08
C08486,1,3,2016-07-21 14:51:44,2016-08-22 13:51:34
C08487,1,2,2016-10-23 19:34:42,2016-12-06 02:48:40
C08488,1,2,2016-07-23 23:28:02,2016-08-07 20:53:21
C08489,2,1147,2016-07-04 06:04:19,2016-12-31 21:12:42
C08490,1,2,2016-07-19 02:23:14,2016-08-31 16:47:41
C08491,1,3,2016-07-07 00:58:48,2016-09-27 21:33:59
C08492,1,7,2016-07-10 15:47:24,2016-12-08 20:18:18
C08493,1,2,2016-07-14 12:39:07,2016-11-28 21:11:10
C08494,1,10,2016-07-03 09:41:57,2016-11-15 17:02:23
C08495,1,6,2016-07-23 17:16:31,2016-09-09 16:21:26
C08496,1,19,2016-07-07 00:19:23,2016-12-30 17:57:13
C08497,2,3,2016-08-01 08:20:13,2016-11-06 23:51:45
C08498,1,5,2016-07-13 23:34:43,2016-09-23 17:14:59
C08499,1,15,2016-07-12 18:44:04,2016-11-08 01:42:01
C08500,1,10,2016-07-24 23:13:30,2016-12-02 20:18:30
C08501,1,1,2016-08-11 15:37:56,2016-08-11 15:37:56
C08502,1,1,2016-08-30 20:38:31,2016-08-30 20:38:31
C08503,1,10,2016-07-04 19:12:18,2016-11-26 15:31:12
C08504,1,18,2016-07-07 21:54:34,2016-11-28 22:04:40
C08505,1,1,2016-07-30 22:38:40,2016-07-30 22:38:40
C08506,1,1,2016-10-09 22:39:06,2016-10-09 22:39:06
C08507,1,3,2016-07-06 07:08:34,2016-10-24 16:11:00
C08508,1,13,2016-08-22 23:26:02,2016-12-25 00:32:27
C08509,1,8,2016-07-07 01:24:03,2016-09-06 02:14:47
C08510,1,34,2016-07-04 05:52:45,2016-12-27 04:32:20
C08511,2,16,2016-09-29 13:12:10,2016-12-29 22:43:59
C08512,1,1,2016-08-26 22:38:11,2016-08-26 22:38:11
C08513,1,5,2016-08-13 02:04:33,2016-11-26 17:55:33
C08514,1,8,2016-08-13 23:49:54,2016-12-16 21:39:19
C08515,1,2,2016-09-05 13:20:27,2016-09-09 14:37:01
C08516,1,2,2016-10-13 00:46:50,2016-10-24 19:31:08
C08517,1,8,2016-07-07 14:33:14,2016-11-13 14:40:34
C08518,1,1,2016-11-26 03:34:20,2016-11-26 03:34:20
C08519,1,6,2016-07-04 18:16:17,2016-12-08 15:11:46
C08520,1,2,2016-07-05 19:26:46,2016-07-05 21:11:13
C08521,1,1,2016-08-01 16:56:05,2016-08-01 16:56:05
C08522,1,4,2016-08-01 01:39:17,2016-12-27 22:12:48
C08523,1,3,2016-07-24 10:48:53,2016-09-22 20:03:36
C08524,1,5,2016-07-23 16:06:05,2016-12-17 23:17:06
C08525,1,1,2016-08-27 01:45:54,2016-08-27 01:45:54
C08526,1,6,2016-07-21 20:23:45,2016-09-28 20:38:38
C08527,1,23,2016-07-07 00:47:25,2016-12-27 20:23:06
C08528,1,195,2016-07-03 21:49:46,2016-12-29 18:33:06
C08529,1,2,2016-08-12 15:42:24,2016-09-18 18:08:45
C08530,1,2,2016-11-30 00:35:00,2016-11-30 00:39:09
C08531,1,14,2016-08-02 18:43:03,2016-12-31 18:43:04
C08532,1,22,2016-09-12 19:18:25,2016-10-25 17:11:29
C08533,1,11,2016-07-04 17:00:43,2016-12-25 00:14:47
C08534,1,2,2016-07-21 16:45:53,2016-07-23 20:36:33
C08535,1,9,2016-07-24 19:57:00,2016-11-12 14:03:53
C08536,1,2,2016-08-02 01:39:17,2016-09-19 21:06:25
C08537,1,42,2016-07-03 23:33:20,2016-12-26 02:56:47
C08538,1,1,2016-11-01 15:01:34,2016-11-01 15:01:34
C08539,1,7,2016-11-28 18:53:24,2016-11-30 14:17:47
C08540,1,27,2016-07-06 18:04:31,2016-12-26 16:36:56
C08541,1,9,2016-07-05 14:32:39,2016-11-20 17:34:28
C08542,1,42,2016-07-02 18:39:44,2016-12-21 22:17:16
C08543,1,1,2016-12-20 14:39:02,2016-12-20 14:39:02
C08544,1,1,2016-12-06 19:11:19,2016-12-06 19:11:19
C08545,1,1,2016-09-19 16:48:09,2016-09-19 16:48:09
C08546,1,18,2016-07-16 01:49:52,2016-12-29 17:19:47
C08547,1,5,2016-07-04 14:56:45,2016-11-24 23:40:56
C08548,1,1,2016-10-24 19:11:00,2016-10-24 19:11:00
C08549,1,9,2016-07-03 17:31:04,2016-12-10 18:56:37
C08550,1,1,2016-08-19 17:15:55,2016-08-19 17:15:55
C08551,1,4,2016-07-04 14:07:22,2016-12-05 20:44:41
C08552,1,2,2016-10-01 17:25:10,2016-10-29 15:57:22
C08553,1,4,2016-08-07 21:48:05,2016-11-03 19:38:00
C08554,1,1,2016-11-28 20:19:50,2016-11-28 20:19:50
C08555,1,24,2016-07-03 11:24:35,2016-11-20 21:44:28
C08556,1,1,2016-08-06 20:44:53,2016-08-06 20:44:53
C08557,1,12,2016-07-05 14:26:30,2016-12-06 13:25:42
C08558,1,1,2016-07-10 21:07:28,2016-07-10 21:07:28
C08559,1,1,2016-07-09 18:30:03,2016-07-09 18:30:03
C08560,1,1,2016-12-16 20:57:14,2016-12-16 20:57:14
C08561,1,16,2016-07-27 17:22:23,2016-12-21 21:17:03
C08562,1,7,2016-09-11 00:18:14,2016-12-16 14:28:41
C08563,2,248,2016-07-05 14:52:01,2016-12-31 12:43:07
C08564,1,2,2016-07-07 06:25:24,2016-11-07 22:58:55
C08565,1,9,2016-07-06 02:17:08,2016-12-16 13:06:06
C08566,1,59,2016-07-08 13:16:13,2016-12-31 03:11:43
C08567,1,2,2016-12-17 17:57:32,2016-12-19 23:05:05
C08568,1,1,2016-11-10 21:19:16,2016-11-10 21:19:16
C08569,2,208,2016-07-05 22:31:31,2016-12-31 23:14:42
C08570,1,44,2016-07-05 18:07:07,2016-12-31 18:52:37
C08571,1,1,2016-08-21 23:59:42,2016-08-21 23:59:42
C08572,1,25,2016-07-30 01:07:12,2016-12-22 16:18:57
C08573,1,1,2016-12-09 03:13:23,2016-12-09 03:13:23
C08574,1,7,2016-07-26 07:17:26,2016-12-31 04:01:07
C08575,1,127,2016-07-04 02:09:59,2016-12-31 14:34:43
C08576,1,1,2016-07-14 23:49:36,2016-07-14 23:49:36
C08577,1,37,2016-07-03 16:31:34,2016-12-27 02:14:30
C08578,1,124,2016-07-06 21:14:19,2016-12-28 19:57:01
C08579,1,1,2016-07-18 23:57:17,2016-07-18 23:57:17
C08580,1,1,2016-11-26 16:24:57,2016-11-26 16:24:57
C08581,1,1,2016-10-06 19:52:43,2016-10-06 19:52:43
C08582,1,1,2016-07-18 22:55:58,2016-07-18 22:55:58
C08583,1,10,2016-08-23 21:19:48,2016-12-19 16:17:01
C08584,1,15,2016-07-19 19:13:14,2016-12-26 15:17:08
C08585,1,4,2016-07-28 06:07:28,2016-09-18 00:22:03
C08586,1,14,2016-08-03 00:16:50,2016-12-27 11:27:08
C08587,1,39,2016-07-06 16:18:55,2016-12-09 16:03:43
C08588,1,2,2016-09-17 19:20:35,2016-10-30 03:07:54
C08589,1,4,2016-07-15 18:06:37,2016-11-17 22:46:08
C08590,1,3,2016-07-19 16:38:51,2016-09-06 14:36:56
C08591,1,5,2016-07-29 23:00:41,2016-08-24 17:01:25
C08592,2,9,2016-08-13 22:47:24,2016-12-26 05:29:46
C08593,1,7,2016-07-19 04:57:14,2016-12-21 13:45:34
C08594,1,7,2016-07-25 17:06:19,2016-12-30 21:54:26
C08595,1,80,2016-07-04 17:59:02,2016-12-31 14:26:48
C08596,1,3,2016-07-17 21:51:03,2016-07-17 22:57:54
C08597,2,245,2016-07-02 19:23:37,2016-12-28 22:38:01
C08598,1,21,2016-07-02 16:14:26,2016-12-13 13:20:01
C08599,1,1,2016-11-18 06:33:45,2016-11-18 06:33:45
C08600,1,5,2016-08-17 19:39:33,2016-12-22 02:40:47
C08601,1,13,2016-09-09 21:11:17,2016-12-26 13:14:02
C08602,1,42,2016-07-04 03:25:05,2016-12-25 15:30:24
C08603,1,2,2016-10-04 15:09:58,2016-10-07 16:43:35
C08604,1,6,2016-07-22 21:48:33,2016-11-05 18:38:41
C08605,1,61,2016-07-02 01:20:35,2016-12-26 00:56:38
C08606,1,2,2016-07-22 00:04:56,2016-08-09 20:21:34
C08607,1,4,2016-07-04 20:56:30,2016-10-29 23:35:12
C08608,1,2,2016-07-27 16:24:20,2016-07-27 16:39:01
C08609,1,5,2016-07-30 21:05:18,2016-12-16 20:51:23
C08610,1,7,2016-09-28 03:08:03,2016-11-27 20:47:56
C08611,1,10,2016-07-12 18:28:43,2016-12-15 14:36:50
C08612,1,1,2016-09-07 02:01:23,2016-09-07 02:01:23
C08613,1,5,2016-08-06 01:29:25,2016-10-13 19:33:06
C08614,1,126,2016-07-02 14:59:19,2016-12-29 16:18:07
C08615,1,10,2016-07-17 22:25:44,2016-12-18 16:59:11
C08616,1,58,2016-07-06 20:38:48,2016-12-29 21:32:27
C08617,1,4,2016-07-15 15:03:41,2016-12-19 20:41:53
C08618,1,7,2016-07-27 16:54:13,2016-12-30 21:03:41
C08619,1,6,2016-07-18 13:10:14,2016-11-07 15:34:39
C08620,1,23,2016-07-04 13:47:47,2016-09-23 19:49:58
C08621,1,7,2016-10-09 05:57:50,2016-12-31 21:07:14
C08622,1,18,2016-07-02 19:51:38,2016-12-12 00:06:59
C08623,2,1140,2016-07-06 14:31:05,2016-12-31 20:11:09
C08624,1,15,2016-07-10 19:14:26,2016-12-26 17:10:47
C08625,1,3,2016-08-21 00:10:32,2016-10-18 00:02:09
C08626,1,2,2016-08-05 05:52:20,2016-10-24 14:31:42
C08627,1,23,2016-07-08 16:27:25,2016-12-12 15:22:37
C08628,1,7,2016-07-15 16:00:41,2016-10-25 07:06:52
C08629,1,6,2016-08-16 01:43:20,2016-12-20 19:41:56
C08630,1,1,2016-12-22 00:30:50,2016-12-22 00:30:50
C08631,1,2,2016-09-14 14:40:30,2016-10-24 21:25:12
C08632,1,4,2016-07-07 19:36:55,2016-08-16 22:34:27
C08633,1,2,2016-10-27 18:30:45,2016-10-27 18:38:25
C08634,2,51,2016-07-15 00:40:35,2016-12-28 22:07:28
C08635,1,88,2016-07-02 16:37:51,2016-12-30 01:14:47
C08636,1,1,2016-07-26 00:29:30,2016-07-26 00:29:30
C08637,2,394,2016-07-04 04:09:14,2016-12-31 18:19:06
C08638,1,2,2016-07-09 16:47:26,2016-07-26 14:32:24
C08639,1,1,2016-08-29 18:04:51,2016-08-29 18:04:51
C08640,1,2,2016-09-27 17:05:25,2016-09-27 19:05:14
C08641,1,1,2016-10-02 20:10:02,2016-10-02 20:10:02
C08642,1,2,2016-08-18 16:29:11,2016-08-18 16:36:28
C08643,1,1,2016-12-24 02:03:38,2016-12-24 02:03:38
C08644,1,5,2016-08-01 23:04:19,2016-11-19 19:45:10
C08645,1,2,2016-07-18 21:56:04,2016-10-17 17:59:05
C08646,1,111,2016-07-03 16:08:26,2016-12-23 00:07:13
C08647,1,2,2016-09-19 23:46:06,2016-12-31 21:54:55
C08648,1,4,2016-07-16 19:11:52,2016-11-15 02:04:22
C08649,1,1,2016-07-13 17:41:44,2016-07-13 17:41:44
C08650,1,2,2016-11-24 18:03:15,2016-11-24 18:20:47
C08651,1,1,2016-09-10 00:16:23,2016-09-10 00:16:23
C08652,1,25,2016-07-08 01:44:28,2016-12-26 21:35:24
C08653,1,6,2016-07-14 18:27:57,2016-08-23 23:14:52
C08654,1,1,2016-07-24 18:37:10,2016-07-24 18:37:10
C08655,1,4,2016-10-31 02:15:38,2016-12-11 03:40:29
C08656,1,7,2016-07-19 17:11:32,2016-12-18 16:58:26
C08657,1,2,2016-12-18 16:30:51,2016-12-21 14:22:36
C08658,1,3,2016-07-24 16:25:24,2016-11-22 19:58:07
C08659,1,1,2016-12-29 19:13:01,2016-12-29 19:13:01
C08660,1,23,2016-07-13 13:14:43,2016-12-30 22:51:18
C08661,1,8,2016-07-16 03:54:32,2016-10-10 22:06:24
C08662,1,592,2016-07-02 00:11:35,2016-12-29 16:41:39
C08663,1,11,2016-07-10 21:10:09,2016-12-30 06:51:43
C08664,1,1,2016-12-23 01:51:00,2016-12-23 01:51:00
C08665,1,1,2016-07-06 00:12:27,2016-07-06 00:12:27
C08666,1,21,2016-07-14 16:17:34,2016-12-29 17:40:02
C08667,2,2,2016-10-03 14:31:08,2016-10-09 01:37:17
C08668,1,3,2016-07-10 15:59:37,2016-09-24 03:18:06
C08669,1,3,2016-07-27 20:19:17,2016-09-29 22:22:00
C08670,1,1,2016-09-03 03:32:50,2016-09-03 03:32:50
C08671,1,12,2016-07-05 21:13:43,2016-12-02 13:47:33
C08672,1,7,2016-07-17 03:52:54,2016-12-25 19:12:37
C08673,1,11,2016-07-21 06:41:14,2016-12-20 20:40:47
C08674,2,37,2016-07-11 22:17:44,2016-12-30 02:45:11
C08675,1,3,2016-07-04 03:10:07,2016-07-27 02:15:57
C08676,1,3,2016-11-19 02:13:05,2016-11-20 01:46:28
C08677,1,2,2016-10-11 13:50:56,2016-10-11 13:52:31
C08678,1,1,2016-08-08 20:30:38,2016-08-08 20:30:38
C08679,1,13,2016-07-09 18:32:03,2016-12-23 16:40:54
C08680,1,5,2016-07-11 23:06:39,2016-09-30 00:23:36
C08681,1,5,2016-07-28 01:31:51,2016-08-30 20:55:39
C08682,1,2,2016-12-10 15:11:55,2016-12-10 15:35:43
C08683,1,3,2016-08-14 15:21:47,2016-09-28 00:21:47
C08684,1,26,2016-07-05 21:51:02,2016-12-30 15:29:57
C08685,1,1,2016-07-12 23:49:20,2016-07-12 23:49:20
C08686,1,1,2016-07-15 15:10:07,2016-07-15 15:10:07
C08687,1,7,2016-07-11 14:01:37,2016-08-15 22:30:44
C08688,1,4,2016-07-19 15:48:58,2016-11-03 16:52:54
C08689,1,3,2016-07-08 19:19:30,2016-08-15 20:08:58
C08690,1,7,2016-11-17 01:07:41,2016-12-01 21:55:29
C08691,1,27,2016-07-07 00:24:27,2016-12-22 02:10:45
C08692,1,7,2016-08-02 23:37:31,2016-08-28 01:39:10
C08693,1,1,2016-08-09 02:29:30,2016-08-09 02:29:30
C08694,1,3,2016-07-23 16:38:21,2016-07-27 01:07:28
C08695,2,50,2016-07-02 18:32:09,2016-12-23 02:54:52
C08696,1,10,2016-07-27 20:20:04,2016-12-23 12:43:03
C08697,1,6,2016-07-18 17:12:18,2016-12-31 15:01:39
C08698,1,7,2016-07-04 13:28:14,2016-12-26 18:35:31
C08699,1,17,2016-07-08 01:18:01,2016-12-27 00:34:09
C08700,1,12,2016-07-14 01:18:39,2016-12-29 23:50:32
C08701,1,3,2016-07-27 14:35:50,2016-08-17 14:56:38
C08702,1,1,2016-10-14 15:56:46,2016-10-14 15:56:46
C08703,1,3,2016-07-03 21:17:34,2016-11-23 20:41:45
C08704,1,1,2016-12-10 19:31:22,2016-12-10 19:31:22
C08705,1,5,2016-12-10 04:10:18,2016-12-24 12:51:11
C08706,1,1,2016-08-09 01:33:34,2016-08-09 01:33:34
C08707,1,95,2016-07-05 19:29:21,2016-12-29 22:13:21
C08708,1,3,2016-07-15 06:40:27,2016-09-26 06:24:13
C08709,1,9,2016-07-03 01:50:32,2016-12-27 21:32:37
C08710,1,4,2016-09-08 10:40:24,2016-09-08 15:49:04
C08711,1,2,2016-07-26 20:50:12,2016-12-27 16:55:30
C08712,1,7,2016-07-06 17:18:53,2016-12-11 15:32:31
C08713,1,1,2016-07-31 19:53:39,2016-07-31 19:53:39
C08714,1,7,2016-10-26 12:30:18,2016-12-20 19:33:23
C08715,1,2,2016-09-26 16:50:39,2016-09-26 16:54:24
C08716,1,25,2016-07-15 15:00:13,2016-10-11 22:28:05
C08717,1,1,2016-09-15 04:43:35,2016-09-15 04:43:35
C08718,1,2,2016-07-26 22:43:21,2016-10-15 23:21:16
C08719,1,4,2016-07-03 00:02:29,2016-08-01 00:40:43
C08720,1,4,2016-07-08 16:44:40,2016-12-08 17:07:03
C08721,1,1,2016-11-30 15:43:31,2016-11-30 15:43:31
C08722,1,8,2016-07-06 01:39:35,2016-09-09 22:41:47
C08723,1,53,2016-07-12 17:58:42,2016-12-31 17:29:41
C08724,1,1,2016-08-14 10:57:34,2016-08-14 10:57:34
C08725,1,20,2016-07-31 17:50:05,2016-10-11 04:58:55
C08726,1,4,2016-07-11 09:04:33,2016-09-13 02:44:47
C08727,1,13,2016-07-15 18:42:25,2016-12-12 23:02:48
C08728,1,1,2016-07-20 13:55:41,2016-07-20 13:55:41
C08729,1,5,2016-12-11 04:24:00,2016-12-21 20:24:17
C08730,1,2,2016-07-03 21:51:54,2016-08-03 16:30:37
C08731,1,2,2016-07-26 02:16:29,2016-07-26 02:32:57
C08732,1,23,2016-07-25 00:31:17,2016-11-29 01:48:02
C08733,1,16,2016-07-04 02:41:54,2016-12-31 19:24:37
C08734,1,3,2016-09-16 04:04:38,2016-09-25 01:32:13
C08735,1,1,2016-07-14 05:04:03,2016-07-14 05:04:03
C08736,1,1,2016-11-22 23:27:20,2016-11-22 23:27:20
C08737,1,62,2016-07-07 23:28:25,2016-12-31 15:09:24
C08738,1,1,2016-07-20 15:13:32,2016-07-20 15:13:32
C08739,1,4,2016-07-07 23:56:28,2016-11-11 13:04:00
C08740,1,1,2016-10-25 01:17:18,2016-10-25 01:17:18
C08741,1,376,2016-07-06 12:13:16,2016-12-30 17:04:25
C08742,1,454,2016-07-02 01:07:48,2016-12-28 20:38:24
C08743,1,1,2016-07-30 18:28:53,2016-07-30 18:28:53
C08744,1,8,2016-07-03 21:31:31,2016-12-27 14:51:16
C08745,1,1,2016-10-20 20:29:01,2016-10-20 20:29:01
C08746,1,36,2016-07-06 15:53:40,2016-12-28 17:16:08
C08747,1,1,2016-09-02 14:05:17,2016-09-02 14:05:17
C08748,1,29,2016-07-07 21:41:28,2016-12-31 01:06:54
C08749,1,13,2016-07-02 05:40:33,2016-11-30 23:38:21
C08750,1,5,2016-07-17 13:59:15,2016-08-27 12:55:19
C08751,1,4,2016-07-11 04:09:43,2016-09-17 19:29:49
C08752,1,20,2016-07-07 18:33:46,2016-12-29 23:29:12
C08753,1,11,2016-07-11 01:48:11,2016-12-06 01:28:55
C08754,1,1,2016-07-26 16:04:02,2016-07-26 16:04:02
C08755,2,540,2016-09-09 15:11:35,2016-12-31 23:44:01
C08756,1,4,2016-08-26 17:13:37,2016-12-22 19:56:32
C08757,1,4,2016-08-14 01:39:28,2016-11-16 11:32:45
C08758,1,1,2016-08-31 14:24:37,2016-08-31 14:24:37
C08759,1,5,2016-07-07 00:18:29,2016-09-02 05:03:42
C08760,1,20,2016-07-09 20:52:18,2016-12-15 16:27:27
C08761,1,4,2016-07-16 13:44:45,2016-10-31 22:19:32
C08762,1,18,2016-07-13 19:55:46,2016-10-28 02:38:51
C08763,1,3,2016-10-28 00:22:22,2016-12-19 22:13:01
C08764,1,2,2016-07-17 00:20:20,2016-07-17 00:27:23
C08765,1,6,2016-07-04 02:19:41,2016-12-29 16:31:29
C08766,1,14,2016-07-11 20:55:18,2016-11-03 11:56:12
C08767,1,1,2016-07-18 15:46:21,2016-07-18 15:46:21
C08768,1,2,2016-08-02 19:09:48,2016-08-22 02:49:18
C08769,1,1,2016-07-29 12:09:44,2016-07-29 12:09:44
C08770,1,11,2016-07-14 10:50:59,2016-12-30 11:50:10
C08771,1,4,2016-08-22 00:00:50,2016-12-23 21:53:38
C08772,1,1,2016-10-17 02:50:17,2016-10-17 02:50:17
C08773,1,20,2016-08-04 18:00:36,2016-12-26 02:54:16
C08774,1,5,2016-07-22 16:34:36,2016-07-30 13:47:16
C08775,1,17,2016-07-02 18:33:03,2016-12-10 18:39:47
C08776,1,11,2016-07-09 19:40:56,2016-12-05 03:19:09
C08777,1,1,2016-10-09 20:05:24,2016-10-09 20:05:24
C08778,1,4,2016-09-08 15:33:02,2016-10-06 15:40:57
C08779,1,7,2016-07-16 16:54:53,2016-09-15 19:20:34
C08780,1,4,2016-07-02 21:59:33,2016-09-19 00:18:07
C08781,1,3,2016-08-06 16:45:07,2016-10-19 14:29:19
C08782,1,21,2016-07-09 22:29:39,2016-12-27 20:01:45
C08783,1,1,2016-12-08 21:30:21,2016-12-08 21:30:21
C08784,1,1,2016-10-01 23:57:18,2016-10-01 23:57:18
C08785,1,1,2016-07-24 02:53:50,2016-07-24 02:53:50
C08786,1,6,2016-07-11 15:26:22,2016-12-27 21:39:47
C08787,1,1,2016-08-18 03:18:20,2016-08-18 03:18:20
C08788,1,1,2016-10-07 13:56:06,2016-10-07 13:56:06
C08789,1,8,2016-07-20 16:53:11,2016-10-11 22:08:07
C08790,1,3,2016-09-13 15:24:46,2016-12-24 20:34:41
C08791,1,1,2016-12-04 01:38:59,2016-12-04 01:38:59
C08792,1,2,2016-08-12 01:27:34,2016-09-19 15:31:48
C08793,1,6,2016-07-03 02:42:08,2016-11-27 18:28:14
C08794,1,2,2016-08-17 16:51:16,2016-08-18 14:51:15
C08795,1,2,2016-07-11 14:35:39,2016-09-27 03:02:51
C08796,2,111,2016-07-04 03:24:01,2016-12-31 14:15:35
C08797,1,98,2016-07-09 12:45:16,2016-12-31 13:28:04
C08798,1,3,2016-07-23 01:44:29,2016-12-18 21:39:54
C08799,1,12,2016-07-14 16:57:49,2016-11-23 16:19:13
C08800,1,15,2016-07-12 22:57:27,2016-12-18 17:55:27
C08801,1,1,2016-09-02 14:03:10,2016-09-02 14:03:10
C08802,1,1,2016-08-05 02:36:38,2016-08-05 02:36:38
C08803,1,7,2016-07-24 22:52:42,2016-12-31 21:08:55
C08804,1,3,2016-08-25 03:59:27,2016-11-27 09:07:10
C08805,1,1,2016-11-22 16:30:48,2016-11-22 16:30:48
C08806,1,5,2016-07-21 16:10:44,2016-08-20 20:56:54
C08807,1,57,2016-07-06 13:53:34,2016-12-31 19:35:36
C08808,1,15,2016-07-05 20:06:31,2016-12-20 21:07:54
C08809,1,1,2016-11-22 03:16:50,2016-11-22 03:16:50
C08810,1,4,2016-12-17 17:27:59,2016-12-18 15:28:38
C08811,1,2,2016-07-12 01:11:35,2016-07-25 19:00:52
C08812,1,7,2016-08-17 23:09:26,2016-10-28 21:54:35
C08813,1,8,2016-07-23 20:02:07,2016-12-31 05:18:32
C08814,1,2,2016-08-09 22:13:41,2016-09-11 16:25:31
C08815,1,4,2016-07-09 16:31:12,2016-08-30 17:10:51
C08816,1,3,2016-10-13 02:48:17,2016-12-24 12:50:29
C08817,1,23,2016-07-09 19:57:29,2016-12-08 04:15:11
C08818,1,2,2016-12-27 16:25:39,2016-12-31 15:27:06
C08819,1,4,2016-08-24 15:12:17,2016-12-20 13:45:22
C08820,1,1,2016-07-04 14:56:17,2016-07-04 14:56:17
C08821,1,6,2016-07-20 23:30:33,2016-07-26 17:07:09
C08822,1,32,2016-07-13 23:30:23,2016-12-30 23:05:33
C08823,1,54,2016-07-03 19:34:30,2016-12-24 12:24:37
C08824,1,20,2016-07-02 13:22:52,2016-12-27 17:12:12
C08825,1,9,2016-07-05 19:18:02,2016-10-03 19:32:02
C08826,1,5,2016-09-06 17:04:04,2016-12-11 13:03:40
C08827,1,1,2016-07-27 01:47:55,2016-07-27 01:47:55
C08828,1,2,2016-08-16 21:59:46,2016-08-16 22:13:34
C08829,1,10,2016-07-15 18:55:46,2016-11-13 17:26:15
C08830,1,6,2016-07-09 20:07:15,2016-09-17 18:27:59
C08831,1,58,2016-07-05 17:22:22,2016-12-30 15:51:09
C08832,1,3,2016-07-12 01:12:12,2016-12-07 05:06:31
C08833,1,11,2016-07-19 19:33:56,2016-12-22 18:48:21
C08834,1,153,2016-07-06 03:14:55,2016-12-30 05:45:18
C08835,1,2,2016-11-05 18:12:27,2016-11-13 23:04:38
C08836,1,2,2016-12-28 02:15:16,2016-12-31 06:06:01
C08837,1,7,2016-07-11 22:43:32,2016-12-20 19:43:11
C08838,1,2,2016-10-31 15:17:07,2016-11-01 21:19:18
C08839,1,28,2016-07-03 18:36:57,2016-12-22 19:48:14
C08840,1,16,2016-07-15 00:14:33,2016-11-06 01:04:21
C08841,1,101,2016-07-02 01:17:45,2016-12-28 17:00:06
C08842,2,788,2016-07-02 01:12:21,2016-12-28 16:13:29
C08843,1,2,2016-10-25 01:26:45,2016-11-17 00:21:37
C08844,1,3,2016-08-31 20:12:41,2016-10-24 13:35:38
C08845,3,283,2016-07-07 00:25:31,2016-12-31 17:45:33
C08846,1,18,2016-09-03 19:42:49,2016-10-27 14:28:04
C08847,1,92,2016-07-03 03:34:24,2016-12-28 23:24:41
C08848,1,1,2016-07-28 21:24:46,2016-07-28 21:24:46
C08849,1,6,2016-07-22 18:43:58,2016-12-17 22:32:54
C08850,1,18,2016-07-07 17:02:52,2016-12-13 16:24:55
C08851,1,9,2016-07-12 15:15:50,2016-11-27 08:34:08
C08852,1,21,2016-07-08 15:52:22,2016-09-16 16:01:05
C08853,1,3,2016-08-01 03:02:58,2016-12-22 16:41:06
C08854,1,14,2016-07-08 17:38:12,2016-10-11 22:01:24
C08855,1,5,2016-07-20 20:46:53,2016-12-07 15:27:34
C08856,1,3,2016-07-07 00:00:58,2016-07-16 20:24:15
C08857,1,17,2016-07-04 19:26:44,2016-12-27 18:52:05
C08858,1,1,2016-10-19 21:00:41,2016-10-19 21:00:41
C08859,1,1,2016-07-25 18:13:56,2016-07-25 18:13:56
C08860,1,8,2016-07-05 03:48:22,2016-07-25 02:05:36
C08861,1,5,2016-07-21 17:41:31,2016-08-18 17:39:49
C08862,1,1,2016-07-22 18:32:53,2016-07-22 18:32:53
C08863,1,8,2016-07-06 02:02:16,2016-12-12 17:39:24
C08864,1,1,2016-11-04 14:49:30,2016-11-04 14:49:30
C08865,1,2,2016-07-05 20:27:08,2016-11-07 17:32:45
C08866,1,1,2016-07-06 12:30:27,2016-07-06 12:30:27
C08867,1,1,2016-08-03 22:54:40,2016-08-03 22:54:40
C08868,1,3,2016-07-21 23:00:38,2016-08-31 15:05:01
C08869,1,3,2016-08-01 19:24:35,2016-11-30 23:23:39
C08870,1,2,2016-07-19 19:42:45,2016-12-28 23:55:51
C08871,1,11,2016-07-07 16:56:12,2016-12-06 16:07:44
C08872,1,65,2016-07-03 01:40:34,2016-12-29 22:17:22
C08873,1,3,2016-10-03 16:21:51,2016-12-04 14:20:43
C08874,1,3,2016-08-31 16:31:15,2016-12-23 01:42:56
C08875,1,16,2016-07-02 23:14:14,2016-12-02 21:13:03
C08876,1,2,2016-07-05 13:31:39,2016-07-28 15:20:32
C08877,1,34,2016-07-04 03:17:45,2016-12-29 12:20:20
C08878,1,25,2016-07-30 17:36:34,2016-12-30 10:14:53
C08879,1,1,2016-10-05 19:45:53,2016-10-05 19:45:53
C08880,1,2,2016-09-21 23:40:53,2016-09-21 23:46:04
C08881,1,2,2016-09-05 01:29:36,2016-09-05 01:38:00
C08882,1,2,2016-07-10 16:43:52,2016-07-25 04:07:29
C08883,1,1,2016-07-25 21:08:03,2016-07-25 21:08:03
C08884,1,5,2016-07-31 02:57:56,2016-09-17 19:42:08
C08885,1,23,2016-07-08 18:26:19,2016-12-21 19:22:49
C08886,1,1,2016-10-20 18:52:26,2016-10-20 18:52:26
C08887,1,1,2016-07-08 02:01:49,2016-07-08 02:01:49
C08888,1,82,2016-07-04 22:48:13,2016-12-31 19:07:06
C08889,1,1,2016-08-26 22:25:56,2016-08-26 22:25:56
C08890,1,5,2016-07-21 17:31:39,2016-12-13 14:01:04
C08891,1,6,2016-08-24 00:20:23,2016-12-06 16:04:09
C08892,1,3,2016-09-19 18:43:04,2016-10-22 14:18:04
C08893,1,1,2016-12-29 16:01:06,2016-12-29 16:01:06
C08894,1,11,2016-07-14 01:37:58,2016-12-17 13:49:48
C08895,1,31,2016-07-06 04:45:49,2016-12-19 13:53:08
C08896,1,1,2016-07-25 17:31:36,2016-07-25 17:31:36
C08897,1,1,2016-09-13 21:32:41,2016-09-13 21:32:41
C08898,1,2,2016-11-12 22:55:49,2016-12-24 22:55:40
C08899,1,27,2016-07-02 15:31:36,2016-12-04 14:19:27
C08900,1,1,2016-08-08 17:13:15,2016-08-08 17:13:15
C08901,1,1,2016-08-19 18:29:14,2016-08-19 18:29:14
C08902,1,31,2016-07-04 03:01:38,2016-12-28 21:21:00
C08903,1,3,2016-07-16 19:48:03,2016-08-20 19:58:36
C08904,1,2,2016-07-19 00:28:06,2016-07-21 12:53:51
C08905,1,40,2016-07-12 22:15:46,2016-12-31 18:36:43
C08906,1,33,2016-07-10 21:12:06,2016-12-27 12:17:42
C08907,1,1,2016-12-08 19:09:52,2016-12-08 19:09:52
C08908,1,6,2016-08-28 12:40:42,2016-10-12 02:27:40
C08909,2,207,2016-07-04 05:51:35,2016-12-31 20:16:34
C08910,1,5,2016-09-04 15:58:04,2016-12-29 21:46:56
C08911,1,1,2016-11-09 00:13:28,2016-11-09 00:13:28
C08912,1,1,2016-07-19 16:08:16,2016-07-19 16:08:16
C08913,2,180,2016-07-02 14:08:59,2016-12-28 14:20:28
C08914,1,6,2016-07-04 13:30:52,2016-12-03 15:54:36
C08915,1,3,2016-09-28 03:00:57,2016-10-04 22:20:40
C08916,1,1,2016-09-28 20:32:35,2016-09-28 20:32:35
C08917,1,11,2016-07-03 19:30:51,2016-12-23 12:43:13
C08918,2,753,2016-07-03 21:40:18,2016-12-31 13:36:43
C08919,1,1,2016-11-22 22:53:46,2016-11-22 22:53:46
C08920,1,7,2016-07-13 18:20:02,2016-12-24 16:55:56
C08921,1,13,2016-07-03 03:30:58,2016-12-23 18:05:32
C08922,1,5,2016-07-06 18:37:26,2016-11-09 16:37:55
C08923,1,6,2016-08-19 04:00:55,2016-12-20 02:18:30
C08924,2,304,2016-07-02 00:54:54,2016-12-24 17:30:53
C08925,1,296,2016-07-02 00:06:45,2016-12-29 17:58:00
C08926,1,20,2016-07-04 22:55:06,2016-11-27 19:46:08
C08927,1,3,2016-07-26 22:29:02,2016-11-04 22:02:06
C08928,1,6,2016-08-04 01:38:54,2016-12-28 01:31:47
C08929,1,2,2016-07-20 12:12:14,2016-09-03 17:30:48
C08930,1,5,2016-07-15 18:38:30,2016-10-22 00:12:19
C08931,1,1,2016-12-24 15:49:37,2016-12-24 15:49:37
C08932,1,3,2016-09-25 19:29:09,2016-11-20 23:14:54
C08933,1,2,2016-11-19 13:03:14,2016-12-06 21:05:26
C08934,1,40,2016-07-04 19:48:15,2016-12-21 11:30:22
C08935,1,2,2016-09-30 01:18:20,2016-09-30 01:32:55
C08936,1,36,2016-07-03 18:24:01,2016-12-27 17:53:03
C08937,1,1,2016-08-18 16:59:06,2016-08-18 16:59:06
C08938,1,1,2016-08-16 21:16:33,2016-08-16 21:16:33
C08939,1,1,2016-07-25 16:50:42,2016-07-25 16:50:42
C08940,1,1,2016-08-25 14:52:27,2016-08-25 14:52:27
C08941,1,2,2016-09-13 20:13:47,2016-12-24 18:55:31
C08942,1,2,2016-11-30 23:41:50,2016-12-20 19:30:55
C08943,2,1947,2016-07-04 01:01:10,2016-12-31 21:43:03
C08944,1,8,2016-07-29 03:28:23,2016-11-03 22:02:38
C08945,2,3490,2016-07-02 00:08:25,2016-12-29 22:29:08
C08946,1,4,2016-07-18 03:05:50,2016-08-26 18:42:38
C08947,1,83,2016-07-04 14:02:25,2016-12-29 23:19:39
C08948,1,3,2016-11-27 23:10:13,2016-11-27 23:17:43
C08949,1,10,2016-07-05 16:33:48,2016-12-03 13:52:13
C08950,1,2,2016-07-23 19:26:51,2016-10-24 02:19:27
C08951,1,13,2016-07-05 20:53:08,2016-12-23 02:29:22
C08952,1,1,2016-08-28 16:11:16,2016-08-28 16:11:16
C08953,1,2,2016-08-23 16:43:53,2016-08-23 18:14:31
C08954,1,12,2016-07-13 15:16:28,2016-12-25 15:29:57
C08955,1,3,2016-08-05 19:57:56,2016-12-27 16:06:36
C08956,1,16,2016-07-04 17:40:29,2016-12-21 22:36:47
C08957,1,16,2016-07-07 18:27:21,2016-12-25 23:45:00
C08958,1,30,2016-07-22 17:21:34,2016-12-22 18:32:26
C08959,1,1,2016-10-12 14:09:29,2016-10-12 14:09:29
C08960,1,1,2016-07-28 23:31:51,2016-07-28 23:31:51
C08961,1,2,2016-08-05 17:50:52,2016-08-05 17:59:12
C08962,2,4614,2016-07-06 00:53:20,2016-12-31 23:45:44
C08963,1,1,2016-07-25 19:17:14,2016-07-25 19:17:14
C08964,1,2,2016-08-01 22:02:28,2016-11-30 00:27:24
C08965,1,12,2016-07-10 18:49:03,2016-12-24 17:48:26
C08966,1,1,2016-08-05 18:40:35,2016-08-05 18:40:35
C08967,1,4,2016-12-12 17:18:32,2016-12-12 17:46:11
C08968,1,26,2016-07-03 16:57:30,2016-12-29 00:52:05
C08969,1,5,2016-07-30 02:47:44,2016-10-11 22:00:13
C08970,1,3,2016-10-07 22:56:50,2016-11-17 20:43:09
C08971,1,3,2016-07-29 02:27:40,2016-12-25 01:27:10
C08972,2,96,2016-07-03 18:54:55,2016-12-26 00:58:15
C08973,1,1,2016-08-11 15:18:17,2016-08-11 15:18:17
C08974,1,1,2016-10-16 00:39:05,2016-10-16 00:39:05
C08975,2,20,2016-07-23 13:52:55,2016-12-25 17:01:10
C08976,1,1,2016-12-03 23:39:58,2016-12-03 23:39:58
C08977,1,13,2016-07-04 19:49:21,2016-12-17 22:32:02
C08978,1,1,2016-07-07 18:33:27,2016-07-07 18:33:27
C08979,1,4,2016-08-02 15:13:12,2016-08-04 15:49:51
C08980,1,29,2016-07-11 20:18:04,2016-12-07 14:48:35
C08981,1,3,2016-07-18 18:49:37,2016-09-11 21:57:09
C08982,1,2,2016-07-17 04:13:34,2016-08-15 21:04:22
C08983,1,3,2016-12-15 15:41:02,2016-12-17 20:50:46
C08984,1,5,2016-07-06 17:14:55,2016-11-04 01:30:47
C08985,1,3,2016-07-03 17:17:22,2016-11-23 01:06:10
C08986,1,1,2016-10-18 02:34:46,2016-10-18 02:34:46
C08987,1,1,2016-09-24 15:39:33,2016-09-24 15:39:33
C08988,1,1,2016-10-29 10:21:59,2016-10-29 10:21:59
C08989,2,835,2016-07-04 03:09:54,2016-12-31 22:21:24
C08990,1,32,2016-09-01 17:17:29,2016-12-13 16:04:48
C08991,1,4,2016-07-07 14:30:08,2016-09-14 19:48:39
C08992,1,1,2016-09-09 23:41:23,2016-09-09 23:41:23
C08993,1,51,2016-07-09 03:30:33,2016-12-30 21:32:30
C08994,1,28,2016-07-10 05:51:44,2016-10-11 13:59:53
C08995,1,22,2016-07-06 03:31:17,2016-12-15 02:16:23
C08996,1,2,2016-07-29 19:17:32,2016-08-22 13:44:54
C08997,1,7,2016-07-10 18:15:59,2016-12-23 17:18:40
C08998,1,2,2016-07-09 19:04:28,2016-09-27 02:15:14
C08999,1,125,2016-07-07 00:01:27,2016-12-31 16:02:08
C09000,1,16,2016-07-06 18:28:42,2016-12-07 13:36:21
C09001,1,1,2016-07-16 01:20:46,2016-07-16 01:20:46
C09002,1,2,2016-07-11 21:42:06,2016-07-26 05:03:53
C09003,1,3,2016-07-16 02:25:33,2016-10-21 17:29:48
C09004,1,4,2016-09-19 16:16:33,2016-09-30 20:43:19
C09005,1,2,2016-08-14 00:26:12,2016-09-26 14:15:45
C09006,1,2,2016-07-19 20:09:31,2016-10-05 17:11:29
C09007,1,31,2016-07-08 22:44:21,2016-12-29 16:16:32
C09008,1,2,2016-07-10 22:27:35,2016-08-29 23:07:46
C09009,1,2,2016-07-25 21:16:11,2016-07-25 21:59:29
C09010,1,1,2016-09-12 21:29:22,2016-09-12 21:29:22
C09011,1,2,2016-07-25 04:56:13,2016-07-30 23:20:58
C09012,1,1,2016-10-03 20:32:31,2016-10-03 20:32:31
C09013,1,34,2016-07-04 23:34:00,2016-12-23 18:11:58
C09014,1,1,2016-08-12 20:56:50,2016-08-12 20:56:50
C09015,1,7,2016-08-15 01:13:44,2016-12-14 12:29:58
C09016,1,1,2016-08-26 23:38:29,2016-08-26 23:38:29
C09017,1,18,2016-07-23 13:23:23,2016-12-30 03:37:23
C09018,1,2,2016-09-09 16:45:52,2016-09-09 16:50:31
C09019,1,3,2016-09-23 14:08:54,2016-10-11 14:24:27
C09020,1,11,2016-07-17 01:10:47,2016-12-14 12:42:52
C09021,1,1,2016-11-05 23:33:22,2016-11-05 23:33:22
C09022,1,12,2016-07-08 17:29:08,2016-12-20 03:56:15
C09023,1,4,2016-10-26 03:55:21,2016-10-26 04:27:48
C09024,1,12,2016-08-01 02:08:38,2016-11-03 17:03:56
C09025,1,4,2016-09-21 20:41:34,2016-09-21 21:10:14
C09026,1,258,2016-07-05 16:37:51,2016-12-31 17:14:59
C09027,1,34,2016-07-06 22:33:32,2016-12-31 21:34:41
C09028,1,4,2016-07-17 20:15:10,2016-10-31 01:08:13
C09029,1,17,2016-07-05 17:50:56,2016-12-29 17:54:08
C09030,1,2,2016-09-10 20:03:48,2016-09-20 20:54:05
C09031,1,39,2016-07-04 23:50:45,2016-12-17 00:08:06
C09032,1,2,2016-08-03 20:46:12,2016-10-11 22:06:16
C09033,1,6,2016-07-18 04:38:30,2016-08-18 14:11:31
C09034,1,1,2016-10-11 23:19:49,2016-10-11 23:19:49
C09035,1,14,2016-07-09 13:29:28,2016-12-02 13:03:09
C09036,1,14,2016-07-31 01:45:22,2016-12-24 18:22:57
C09037,1,6,2016-07-25 20:19:57,2016-12-04 20:58:21
C09038,1,1,2016-07-09 14:51:16,2016-07-09 14:51:16
C09039,1,17,2016-07-13 15:14:37,2016-12-25 13:09:24
C09040,1,13,2016-07-28 06:34:04,2016-12-19 18:51:42
C09041,1,1,2016-09-08 22:42:21,2016-09-08 22:42:21
C09042,1,2,2016-07-21 16:38:35,2016-12-10 21:16:34
C09043,1,9,2016-07-18 17:03:05,2016-12-30 18:14:41
C09044,1,7,2016-07-25 21:49:11,2016-10-14 13:57:38
C09045,1,11,2016-07-13 02:00:11,2016-11-30 17:47:32
C09046,1,1,2016-07-23 21:04:54,2016-07-23 21:04:54
C09047,1,2,2016-08-09 19:25:08,2016-09-03 02:29:04
C09048,1,5,2016-07-20 18:32:12,2016-08-20 16:55:07
C09049,1,56,2016-07-06 13:02:44,2016-12-29 15:52:48
C09050,1,9,2016-07-20 20:09:21,2016-12-05 00:00:24
C09051,2,14,2016-07-09 08:34:27,2016-12-26 20:12:39
C09052,1,12,2016-07-26 21:25:31,2016-12-01 15:27:31
C09053,1,11,2016-07-30 23:50:09,2016-11-28 17:51:59
C09054,1,10,2016-09-15 16:25:01,2016-09-15 18:03:50
C09055,1,4,2016-07-25 04:16:42,2016-07-25 04:34:55
C09056,1,3,2016-07-08 11:51:45,2016-08-14 15:58:43
C09057,1,3,2016-07-11 02:44:21,2016-09-11 23:34:55
C09058,1,1,2016-07-27 04:11:10,2016-07-27 04:11:10
C09059,1,9,2016-07-11 19:56:37,2016-12-26 21:44:15
C09060,1,9,2016-07-15 16:15:18,2016-10-05 20:54:59
C09061,1,17,2016-07-06 05:55:31,2016-12-25 20:04:00
C09062,1,2,2016-11-04 04:40:43,2016-12-27 15:26:48
C09063,1,58,2016-07-09 21:06:36,2016-12-31 12:50:45
C09064,1,53,2016-07-02 21:06:46,2016-12-28 15:17:05
C09065,1,1,2016-11-16 18:15:35,2016-11-16 18:15:35
C09066,1,1,2016-11-13 02:22:32,2016-11-13 02:22:32
C09067,1,1,2016-11-17 16:20:54,2016-11-17 16:20:54
C09068,1,12,2016-07-13 17:08:35,2016-11-11 04:53:30
C09069,1,2,2016-12-11 20:22:03,2016-12-11 20:37:11
C09070,1,3,2016-07-25 01:39:32,2016-07-28 10:12:23
C09071,1,1,2016-10-15 01:42:13,2016-10-15 01:42:13
C09072,1,6,2016-08-07 20:04:12,2016-11-14 17:03:21
C09073,1,13,2016-07-28 22:09:29,2016-12-28 23:47:16
C09074,1,9,2016-07-22 14:44:07,2016-11-01 14:11:01
C09075,1,2,2016-09-10 16:35:01,2016-09-23 17:10:55
C09076,1,23,2016-07-04 21:05:14,2016-10-27 02:33:48
C09077,1,16,2016-07-14 15:48:38,2016-12-29 18:51:53
C09078,1,7,2016-07-03 22:05:55,2016-11-29 06:45:04
C09079,1,19,2016-07-07 21:25:33,2016-12-25 12:29:50
C09080,1,11,2016-07-07 00:12:24,2016-11-07 21:32:58
C09081,1,53,2016-07-10 17:06:45,2016-12-31 12:33:49
C09082,1,1,2016-07-10 18:28:35,2016-07-10 18:28:35
C09083,1,12,2016-09-25 01:57:58,2016-12-19 19:20:41
C09084,1,27,2016-07-06 16:26:53,2016-11-12 14:18:22
C09085,1,1,2016-07-17 15:57:27,2016-07-17 15:57:27
C09086,1,1,2016-11-18 14:12:54,2016-11-18 14:12:54
C09087,1,7,2016-07-02 18:43:58,2016-12-22 15:31:24
C09088,1,1,2016-07-11 03:58:04,2016-07-11 03:58:04
C09089,1,25,2016-07-10 23:58:47,2016-11-08 14:25:56
C09090,1,7,2016-07-12 18:44:25,2016-12-17 22:30:19
C09091,1,2,2016-10-18 19:27:18,2016-11-05 18:35:11
C09092,1,79,2016-07-04 17:06:30,2016-12-31 15:39:06
C09093,1,43,2016-07-05 00:03:34,2016-12-30 01:35:38
C09094,1,3,2016-08-21 23:20:47,2016-10-28 20:18:16
C09095,1,3,2016-07-12 12:54:48,2016-11-22 16:08:46
C09096,1,2,2016-07-22 20:31:37,2016-08-23 01:42:25
C09097,1,13,2016-07-05 21:15:58,2016-12-04 22:07:09
C09098,1,5,2016-08-13 23:06:54,2016-09-07 15:45:23
C09099,1,4,2016-07-20 20:12:01,2016-12-15 16:22:49
C09100,1,1,2016-07-26 16:15:06,2016-07-26 16:15:06
C09101,1,10,2016-08-05 17:07:15,2016-12-31 23:34:11
C09102,1,5,2016-09-01 20:23:26,2016-12-26 00:56:23
C09103,1,3,2016-11-07 02:01:23,2016-12-18 01:05:21
C09104,1,2,2016-07-08 03:10:51,2016-09-26 13:58:32
C09105,1,15,2016-07-14 02:25:33,2016-12-22 22:27:03
C09106,1,11,2016-07-09 16:46:27,2016-12-05 15:45:22
C09107,1,2,2016-08-17 21:20:06,2016-10-30 21:29:30
C09108,1,2,2016-07-18 00:47:46,2016-11-14 15:32:23
C09109,1,1,2016-09-26 21:59:04,2016-09-26 21:59:04
C09110,1,1,2016-07-28 23:21:25,2016-07-28 23:21:25
C09111,1,1,2016-07-05 00:42:51,2016-07-05 00:42:51
C09112,1,3,2016-07-11 20:14:09,2016-12-12 23:36:31
C09113,1,1,2016-10-14 22:48:43,2016-10-14 22:48:43
C09114,1,1,2016-07-23 03:31:59,2016-07-23 03:31:59
C09115,1,1,2016-11-05 21:48:10,2016-11-05 21:48:10
C09116,2,57,2016-07-08 04:01:11,2016-12-30 23:12:49
C09117,1,2,2016-10-09 17:10:12,2016-12-25 15:46:33
C09118,1,29,2016-08-03 20:56:23,2016-12-16 23:24:57
C09119,1,4,2016-08-28 16:34:28,2016-12-11 18:00:08
C09120,1,19,2016-07-06 18:14:03,2016-12-22 02:51:40
C09121,1,3,2016-08-19 17:55:25,2016-11-15 21:53:30
C09122,1,1,2016-12-20 20:53:16,2016-12-20 20:53:16
C09123,1,8,2016-07-23 22:09:30,2016-11-13 05:13:24
C09124,1,1,2016-12-24 23:34:21,2016-12-24 23:34:21
C09125,1,2,2016-07-03 21:35:54,2016-09-06 19:57:18
C09126,1,5,2016-07-22 00:15:05,2016-12-22 23:45:48
C09127,1,2,2016-07-16 17:14:27,2016-11-11 20:21:39
C09128,1,1,2016-07-21 04:16:36,2016-07-21 04:16:36
C09129,1,6,2016-07-04 22:55:07,2016-12-10 00:04:32
C09130,1,1,2016-12-20 22:55:12,2016-12-20 22:55:12
C09131,1,79,2016-07-07 17:38:06,2016-12-28 16:29:41
C09132,1,11,2016-08-18 00:23:07,2016-12-28 15:30:50
C09133,1,4,2016-07-16 02:07:01,2016-10-20 02:09:17
C09134,1,32,2016-07-15 19:41:09,2016-12-30 22:05:28
C09135,1,9,2016-07-17 21:34:32,2016-10-10 10:01:55
C09136,1,1,2016-07-30 23:09:43,2016-07-30 23:09:43
C09137,1,50,2016-07-03 17:54:52,2016-12-28 21:08:00
C09138,1,1,2016-10-10 21:54:54,2016-10-10 21:54:54
C09139,1,12,2016-07-15 15:47:22,2016-12-31 13:54:37
C09140,1,2,2016-07-23 02:10:43,2016-08-03 15:40:54
C09141,1,164,2016-07-07 00:44:56,2016-12-31 21:14:35
C09142,1,4,2016-09-08 15:11:19,2016-11-26 21:47:12
C09143,1,2,2016-07-25 21:36:16,2016-10-14 16:29:13
C09144,1,1,2016-07-18 03:54:17,2016-07-18 03:54:17
C09145,1,1,2016-12-23 14:05:30,2016-12-23 14:05:30
C09146,1,39,2016-07-08 01:55:12,2016-12-19 23:52:36
C09147,1,1,2016-12-20 17:48:14,2016-12-20 17:48:14
C09148,2,62,2016-07-06 23:53:41,2016-12-30 22:14:10
C09149,1,659,2016-07-05 02:24:56,2016-12-31 21:54:25
C09150,1,3,2016-07-18 02:14:53,2016-11-22 20:39:35
C09151,1,5,2016-07-09 13:01:23,2016-10-05 23:38:25
C09152,1,26,2016-07-10 22:55:34,2016-12-26 15:27:36
C09153,1,8,2016-08-04 14:38:10,2016-12-14 14:38:19
C09154,1,9,2016-08-12 19:49:18,2016-09-28 12:31:10
C09155,1,19,2016-07-13 01:12:30,2016-11-12 15:41:45
C09156,1,1,2016-09-02 03:36:24,2016-09-02 03:36:24
C09157,1,7,2016-07-18 12:31:34,2016-11-30 01:19:40
C09158,1,6,2016-08-10 23:23:05,2016-11-04 16:42:42
C09159,1,308,2016-07-02 14:13:47,2016-12-30 20:50:24
C09160,1,2,2016-07-07 18:23:25,2016-12-19 23:06:31
C09161,1,1,2016-07-31 19:46:28,2016-07-31 19:46:28
C09162,1,1,2016-12-07 17:14:30,2016-12-07 17:14:30
C09163,1,4,2016-07-08 16:41:01,2016-12-24 17:52:27
C09164,1,1,2016-07-14 15:24:13,2016-07-14 15:24:13
C09165,2,1681,2016-07-02 02:43:45,2016-12-28 23:20:33
C09166,1,2,2016-07-29 18:55:44,2016-09-02 13:51:54
C09167,1,3,2016-07-18 16:39:34,2016-08-29 18:22:11
C09168,1,1,2016-08-24 02:38:11,2016-08-24 02:38:11
C09169,1,20,2016-07-31 18:44:48,2016-12-09 14:39:07
C09170,1,40,2016-07-04 20:29:42,2016-12-29 11:51:50
C09171,1,11,2016-07-07 19:33:04,2016-11-29 01:52:15
C09172,1,13,2016-07-18 12:41:32,2016-12-09 14:18:32
C09173,1,3,2016-08-14 16:45:23,2016-08-14 17:00:32
C09174,1,196,2016-07-04 22:02:32,2016-12-31 20:13:19
C09175,1,1,2016-11-20 00:50:04,2016-11-20 00:50:04
C09176,1,1,2016-08-02 16:55:08,2016-08-02 16:55:08
C09177,1,139,2016-07-04 17:41:47,2016-12-28 23:30:21
C09178,1,2,2016-08-30 21:20:33,2016-11-24 18:41:18
C09179,1,25,2016-07-10 01:12:12,2016-12-30 18:05:38
C09180,1,2,2016-09-09 22:50:57,2016-11-04 15:55:09
C09181,1,7,2016-07-08 14:07:39,2016-12-27 20:25:29
C09182,1,2,2016-11-04 14:57:28,2016-12-22 19:33:33
C09183,1,1,2016-10-08 19:14:26,2016-10-08 19:14:26
C09184,1,11,2016-07-02 04:10:18,2016-12-25 18:42:44
C09185,1,5,2016-07-14 14:20:47,2016-12-11 15:47:17
C09186,1,1,2016-07-24 20:54:25,2016-07-24 20:54:25
C09187,1,13,2016-07-07 05:50:30,2016-12-14 03:50:18
C09188,1,5,2016-07-11 17:59:07,2016-09-10 23:51:09
C09189,1,1,2016-12-14 04:14:34,2016-12-14 04:14:34
C09190,1,1,2016-10-20 17:11:03,2016-10-20 17:11:03
C09191,1,10,2016-07-02 18:34:28,2016-10-07 19:11:34
C09192,1,2,2016-07-27 14:39:24,2016-10-26 20:42:16
C09193,1,34,2016-07-07 02:45:11,2016-12-18 15:18:55
C09194,1,1,2016-11-11 21:22:58,2016-11-11 21:22:58
C09195,1,30,2016-07-05 15:03:26,2016-12-26 20:19:45
C09196,1,34,2016-07-03 20:40:55,2016-10-20 22:54:31
C09197,1,7,2016-07-04 23:08:19,2016-08-26 16:16:23
C09198,1,2,2016-07-09 04:12:13,2016-07-22 05:40:45
C09199,1,1,2016-10-22 18:45:35,2016-10-22 18:45:35
C09200,1,16,2016-07-04 18:54:50,2016-12-29 13:29:04
C09201,1,13,2016-11-25 19:17:02,2016-12-22 14:48:03
C09202,1,4,2016-07-09 16:25:33,2016-12-03 12:04:11
C09203,1,1,2016-07-10 03:08:16,2016-07-10 03:08:16
C09204,1,13,2016-07-25 20:20:31,2016-12-23 18:00:57
C09205,1,3,2016-08-12 21:59:31,2016-11-18 22:34:19
C09206,2,111,2016-07-09 19:13:13,2016-12-31 18:53:26
C09207,1,54,2016-07-08 02:30:42,2016-12-31 21:52:06
C09208,1,1,2016-09-22 00:56:45,2016-09-22 00:56:45
C09209,1,1,2016-09-18 21:56:01,2016-09-18 21:56:01
C09210,1,7,2016-09-17 21:37:49,2016-12-26 14:11:02
C09211,1,5,2016-07-06 01:14:19,2016-11-10 13:12:07
C09212,1,19,2016-07-12 19:22:16,2016-12-22 18:07:23
C09213,1,1,2016-11-19 16:10:28,2016-11-19 16:10:28
C09214,1,1,2016-10-05 21:32:33,2016-10-05 21:32:33
C09215,1,4,2016-07-26 13:25:24,2016-11-13 05:19:10
C09216,1,1,2016-10-09 21:16:23,2016-10-09 21:16:23
C09217,1,3,2016-09-10 00:35:12,2016-10-20 21:12:00
C09218,1,7,2016-07-06 20:28:01,2016-10-25 23:10:45
C09219,1,1,2016-07-04 01:06:32,2016-07-04 01:06:32
C09220,1,1,2016-07-19 22:18:02,2016-07-19 22:18:02
C09221,2,543,2016-07-02 00:51:56,2016-12-28 03:50:44
C09222,1,8,2016-07-11 19:43:53,2016-12-03 14:36:08
C09223,1,4,2016-08-18 01:57:13,2016-09-15 23:16:02
C09224,1,1,2016-09-16 05:14:14,2016-09-16 05:14:14
C09225,1,2,2016-07-26 01:45:35,2016-08-22 16:50:22
C09226,1,1,2016-12-02 07:42:52,2016-12-02 07:42:52
C09227,1,67,2016-07-03 21:20:53,2016-12-28 11:30:31
C09228,1,11,2016-08-17 17:40:01,2016-12-25 20:14:44
C09229,1,3,2016-07-28 22:17:21,2016-08-06 00:53:25
C09230,1,1,2016-10-22 06:24:54,2016-10-22 06:24:54
C09231,1,11,2016-08-18 13:01:16,2016-12-30 16:45:10
C09232,1,1,2016-07-13 23:57:18,2016-07-13 23:57:18
C09233,1,1,2016-08-31 01:33:31,2016-08-31 01:33:31
C09234,1,2,2016-12-27 20:26:58,2016-12-29 20:30:12
C09235,1,23,2016-07-09 01:11:04,2016-12-29 21:14:35
C09236,1,1,2016-09-14 20:44:03,2016-09-14 20:44:03
C09237,1,4,2016-07-22 16:58:46,2016-08-25 00:41:08
C09238,1,49,2016-07-16 21:52:01,2016-12-07 04:11:06
C09239,1,3,2016-07-15 20:53:03,2016-11-15 00:38:22
C09240,1,1,2016-12-05 02:08:20,2016-12-05 02:08:20
C09241,2,6773,2016-07-04 00:14:45,2016-12-31 23:56:06
C09242,1,12,2016-08-06 20:26:47,2016-12-10 22:44:42
C09243,1,3,2016-07-23 19:52:52,2016-11-16 02:23:50
C09244,1,1,2016-07-19 19:11:54,2016-07-19 19:11:54
C09245,1,46,2016-07-05 23:31:23,2016-12-18 17:10:56
C09246,1,64,2016-07-14 05:26:29,2016-12-28 02:46:23
C09247,1,2,2016-07-14 19:43:42,2016-12-23 17:34:55
C09248,1,8,2016-09-06 05:19:25,2016-12-30 00:32:19
C09249,1,957,2016-07-04 15:13:00,2016-12-31 23:41:31
C09250,2,8,2016-10-01 16:53:23,2016-12-24 22:50:05
C09251,1,910,2016-07-03 02:32:32,2016-12-31 19:47:13
C09252,1,22,2016-07-11 15:00:42,2016-11-21 10:45:27
C09253,1,21,2016-07-02 01:28:57,2016-12-21 03:54:18
C09254,1,2,2016-10-06 23:57:23,2016-11-16 19:26:12
C09255,1,1,2016-07-30 22:25:00,2016-07-30 22:25:00
C09256,1,2,2016-10-30 23:31:40,2016-11-21 21:20:24
C09257,1,5,2016-07-07 00:11:41,2016-12-23 21:41:36
C09258,1,2,2016-08-22 15:22:01,2016-09-03 02:23:12
C09259,1,13,2016-07-10 00:29:20,2016-10-31 11:25:30
C09260,1,1,2016-08-03 15:02:22,2016-08-03 15:02:22
C09261,1,22,2016-07-02 19:52:18,2016-12-14 14:54:07
C09262,1,7,2016-07-12 20:56:44,2016-12-10 21:25:18
C09263,1,1,2016-10-28 22:30:34,2016-10-28 22:30:34
C09264,1,1,2016-07-26 01:35:44,2016-07-26 01:35:44
C09265,1,63,2016-07-06 01:43:29,2016-12-29 21:12:43
C09266,1,2,2016-07-30 18:17:13,2016-09-21 18:44:14
C09267,1,35,2016-07-07 20:04:08,2016-12-25 20:24:09
C09268,1,10,2016-07-28 19:41:55,2016-12-30 19:44:44
C09269,1,1,2016-09-14 19:48:51,2016-09-14 19:48:51
C09270,1,5,2016-07-03 22:01:31,2016-10-18 11:32:20
C09271,1,1,2016-10-16 22:46:51,2016-10-16 22:46:51
C09272,1,1,2016-11-04 02:17:27,2016-11-04 02:17:27
C09273,1,3,2016-07-21 23:48:26,2016-07-29 05:24:29
C09274,1,315,2016-07-02 21:06:57,2016-12-29 21:36:51
C09275,1,7,2016-10-22 15:34:57,2016-12-21 21:27:56
C09276,1,59,2016-07-02 01:10:12,2016-12-30 01:58:52
C09277,1,1,2016-10-10 02:25:57,2016-10-10 02:25:57
C09278,1,2,2016-07-17 20:29:48,2016-07-17 20:38:55
C09279,1,1,2016-10-10 05:57:32,2016-10-10 05:57:32
C09280,1,4,2016-09-21 09:42:23,2016-12-18 02:47:22
C09281,1,1,2016-08-19 19:37:38,2016-08-19 19:37:38
C09282,1,1,2016-10-11 23:44:29,2016-10-11 23:44:29
C09283,1,32,2016-07-03 17:35:33,2016-12-27 15:47:44
C09284,1,8,2016-08-12 22:31:47,2016-12-29 18:09:38
C09285,1,9,2016-07-06 21:35:17,2016-12-30 14:44:24
C09286,1,107,2016-07-02 12:16:30,2016-12-28 00:49:00
C09287,1,19,2016-08-24 17:59:24,2016-12-17 14:59:15
C09288,1,6,2016-07-24 02:06:47,2016-12-02 04:15:41
C09289,1,101,2016-07-02 23:25:40,2016-12-26 02:29:57
C09290,1,91,2016-07-08 23:45:00,2016-12-18 21:20:55
C09291,1,5,2016-07-12 19:43:22,2016-11-21 18:39:58
C09292,2,11,2016-07-08 03:25:04,2016-12-13 23:10:55
C09293,1,39,2016-07-13 20:35:09,2016-12-23 22:28:12
C09294,1,8,2016-07-12 23:21:46,2016-10-31 19:56:53
C09295,1,5,2016-07-11 19:58:30,2016-07-15 00:17:29
C09296,1,14,2016-07-06 18:19:30,2016-10-19 16:52:00
C09297,1,43,2016-07-09 22:09:39,2016-12-25 18:45:52
C09298,1,1,2016-07-05 18:42:05,2016-07-05 18:42:05
C09299,2,89,2016-07-08 22:47:04,2016-12-31 19:21:11
C09300,1,3,2016-10-06 20:16:08,2016-11-04 16:16:17
C09301,2,3006,2016-07-02 00:07:33,2016-12-30 23:56:08
C09302,1,1,2016-07-28 22:26:18,2016-07-28 22:26:18
C09303,1,9,2016-07-21 18:25:31,2016-10-07 01:18:51
C09304,1,3,2016-07-10 20:16:44,2016-12-19 12:11:40
C09305,1,1,2016-12-31 16:37:25,2016-12-31 16:37:25
C09306,1,34,2016-07-04 22:49:16,2016-12-27 18:32:53
C09307,1,6,2016-07-28 04:56:52,2016-12-07 13:44:44
C09308,1,6,2016-09-17 01:34:08,2016-10-22 22:37:31
C09309,1,1,2016-09-05 19:53:26,2016-09-05 19:53:26
C09310,1,1,2016-10-02 22:01:43,2016-10-02 22:01:43
C09311,2,11,2016-07-28 21:00:15,2016-12-31 20:26:41
C09312,2,29,2016-07-07 17:32:15,2016-12-21 01:18:35
C09313,1,2,2016-08-14 16:29:21,2016-08-30 14:41:27
C09314,1,11,2016-07-19 00:18:53,2016-12-27 18:25:18
C09315,1,3,2016-07-08 23:13:15,2016-09-18 20:54:24
C09316,1,2,2016-08-16 02:06:40,2016-11-02 21:35:04
C09317,1,6,2016-07-23 15:23:40,2016-12-18 18:13:24
C09318,1,1,2016-07-23 12:53:30,2016-07-23 12:53:30
C09319,1,1,2016-09-15 20:11:26,2016-09-15 20:11:26
C09320,1,2,2016-09-11 21:37:12,2016-09-26 18:48:40
C09321,1,1,2016-09-03 20:45:00,2016-09-03 20:45:00
C09322,1,1,2016-10-21 17:50:09,2016-10-21 17:50:09
C09323,1,1,2016-10-16 23:13:21,2016-10-16 23:13:21
C09324,1,10,2016-07-16 23:04:25,2016-11-22 03:10:42
C09325,1,1,2016-09-21 13:14:27,2016-09-21 13:14:27
C09326,1,5,2016-08-07 23:06:02,2016-12-06 13:27:26
C09327,1,2,2016-07-29 15:24:44,2016-07-31 17:50:01
C09328,1,2,2016-07-17 19:42:08,2016-08-20 04:18:50
C09329,1,1,2016-07-06 16:47:11,2016-07-06 16:47:11
C09330,1,10,2016-07-08 16:46:20,2016-12-09 20:36:33
C09331,1,5,2016-09-30 15:54:26,2016-11-15 18:48:47
C09332,1,2,2016-12-05 13:51:44,2016-12-05 13:57:37
C09333,1,3,2016-08-24 22:30:57,2016-11-14 20:33:06
C09334,1,5,2016-07-15 00:20:37,2016-10-04 17:52:19
C09335,1,2,2016-08-26 23:59:48,2016-08-27 00:26:42
C09336,1,3,2016-09-10 23:26:34,2016-12-11 17:22:40
C09337,1,13,2016-07-08 20:35:25,2016-12-26 14:40:42
C09338,1,15,2016-07-09 21:08:03,2016-10-01 16:11:20
C09339,1,23,2016-07-02 00:23:39,2016-12-21 22:33:05
C09340,1,1,2016-12-13 01:49:34,2016-12-13 01:49:34
C09341,1,3,2016-09-06 08:32:58,2016-11-02 15:09:06
C09342,1,15,2016-07-02 15:17:09,2016-11-02 16:16:16
C09343,1,9,2016-07-22 22:59:59,2016-11-29 16:36:56
C09344,1,266,2016-07-06 17:42:33,2016-12-31 23:36:47
C09345,1,3,2016-07-28 04:38:59,2016-12-19 03:51:01
C09346,1,6,2016-07-23 04:48:37,2016-10-22 18:49:42
C09347,1,75,2016-07-09 19:53:57,2016-12-31 23:53:05
C09348,1,9,2016-09-03 17:56:08,2016-11-15 15:26:39
C09349,1,4,2016-07-20 16:21:52,2016-11-30 02:28:16
C09350,1,4,2016-09-15 23:15:43,2016-12-11 19:11:32
C09351,1,2,2016-09-21 15:20:26,2016-09-21 15:22:13
C09352,1,4,2016-07-10 03:39:46,2016-10-26 20:35:21
C09353,1,6,2016-07-23 17:10:42,2016-12-18 12:39:13
C09354,1,243,2016-07-02 18:16:09,2016-12-28 18:11:04
C09355,1,2,2016-07-18 03:55:21,2016-11-15 20:35:44
C09356,1,5,2016-07-07 22:06:09,2016-09-16 16:33:02
C09357,1,19,2016-07-25 16:27:39,2016-12-30 13:52:51
C09358,1,41,2016-07-06 21:12:22,2016-12-27 19:12:31
C09359,2,54,2016-07-11 21:18:58,2016-12-21 16:01:19
C09360,1,1,2016-11-25 19:45:17,2016-11-25 19:45:17
C09361,1,47,2016-07-04 18:01:22,2016-12-31 19:37:04
C09362,1,11,2016-07-02 23:45:59,2016-12-22 14:11:20
C09363,2,2428,2016-07-02 00:33:17,2016-12-30 23:43:02
C09364,1,1,2016-10-14 06:58:38,2016-10-14 06:58:38
C09365,2,1916,2016-07-03 00:08:16,2016-12-31 20:26:31
C09366,1,4,2016-07-16 16:45:56,2016-09-26 05:27:02
C09367,1,3,2016-08-21 17:52:40,2016-09-25 12:58:34
C09368,1,18,2016-07-04 22:47:19,2016-12-31 19:48:57
C09369,1,4,2016-07-14 16:42:02,2016-10-04 01:12:20
C09370,1,2,2016-09-03 17:01:31,2016-09-03 18:03:18
C09371,1,1,2016-12-14 15:04:32,2016-12-14 15:04:32
C09372,1,1,2016-07-21 19:52:07,2016-07-21 19:52:07
C09373,1,3,2016-09-11 20:47:10,2016-12-12 20:04:21
C09374,1,3,2016-10-30 18:21:00,2016-11-09 17:08:32
C09375,1,1,2016-07-07 21:00:13,2016-07-07 21:00:13
C09376,1,1,2016-12-09 02:28:23,2016-12-09 02:28:23
C09377,1,9,2016-07-05 22:38:18,2016-12-05 17:26:04
C09378,1,3,2016-07-28 00:19:19,2016-12-10 16:34:39
C09379,1,6,2016-07-29 14:29:40,2016-12-27 00:06:20
C09380,1,7,2016-07-05 23:11:56,2016-12-18 16:34:22
C09381,1,33,2016-07-17 21:50:47,2016-12-27 14:03:53
C09382,1,28,2016-07-23 19:09:16,2016-12-28 00:27:02
C09383,1,1,2016-12-13 12:15:20,2016-12-13 12:15:20
C09384,1,1,2016-09-10 20:40:32,2016-09-10 20:40:32
C09385,1,8,2016-08-04 20:25:26,2016-11-08 21:40:02
C09386,1,2,2016-07-24 22:29:41,2016-08-15 14:43:49
C09387,1,1,2016-07-06 04:40:56,2016-07-06 04:40:56
C09388,1,4,2016-10-07 04:53:44,2016-12-31 12:15:49
C09389,1,6,2016-07-17 21:55:24,2016-12-06 22:21:54
C09390,1,2,2016-07-07 00:58:33,2016-07-28 18:33:26
C09391,1,1,2016-07-08 11:43:43,2016-07-08 11:43:43
C09392,1,5,2016-08-21 20:50:34,2016-12-18 21:56:52
C09393,1,5,2016-12-21 14:44:23,2016-12-26 15:52:19
C09394,1,13,2016-07-06 02:52:32,2016-10-16 21:02:30
C09395,1,2,2016-07-11 16:19:48,2016-11-03 01:14:29
C09396,1,5,2016-07-04 19:38:28,2016-07-16 16:03:46
C09397,1,11,2016-07-07 17:51:17,2016-12-18 18:34:14
C09398,1,15,2016-07-04 00:35:24,2016-11-15 02:07:25
C09399,1,1,2016-07-10 01:39:17,2016-07-10 01:39:17
C09400,1,59,2016-07-05 13:27:06,2016-12-30 11:32:20
C09401,1,61,2016-07-07 16:18:24,2016-12-31 21:36:54
C09402,1,1,2016-08-30 17:45:58,2016-08-30 17:45:58
C09403,1,3,2016-07-07 12:32:27,2016-07-23 23:40:07
C09404,1,5,2016-07-28 18:22:53,2016-10-25 21:38:09
C09405,1,54,2016-07-02 01:35:51,2016-12-11 18:31:41
C09406,1,1,2016-07-29 20:26:45,2016-07-29 20:26:45
C09407,1,3,2016-07-23 23:14:45,2016-08-24 19:38:07
C09408,1,4,2016-10-28 16:46:53,2016-12-22 00:03:25
C09409,1,2,2016-09-03 01:58:11,2016-10-28 16:26:27
C09410,1,16,2016-08-05 00:03:27,2016-12-29 00:33:47
C09411,1,5,2016-07-31 23:03:26,2016-12-23 16:01:16
C09412,1,1,2016-10-08 18:39:58,2016-10-08 18:39:58
C09413,1,1,2016-12-14 14:15:03,2016-12-14 14:15:03
C09414,1,2,2016-07-18 02:46:09,2016-10-31 12:22:43
C09415,1,1,2016-07-12 18:48:11,2016-07-12 18:48:11
C09416,1,1,2016-12-18 19:51:25,2016-12-18 19:51:25
C09417,1,25,2016-07-05 16:18:25,2016-12-21 00:35:11
C09418,1,2,2016-09-14 02:03:37,2016-10-16 21:55:25
C09419,1,4,2016-08-02 03:49:19,2016-10-14 19:10:13
C09420,2,232,2016-07-02 17:32:32,2016-12-28 15:09:24
C09421,3,23,2016-09-16 13:50:48,2016-12-31 18:56:57
C09422,1,2,2016-07-04 01:34:10,2016-07-07 21:20:27
C09423,1,1,2016-09-21 03:17:49,2016-09-21 03:17:49
C09424,1,5,2016-07-19 14:04:52,2016-10-28 01:09:06
C09425,1,1,2016-07-25 16:42:51,2016-07-25 16:42:51
C09426,1,1,2016-08-22 06:29:28,2016-08-22 06:29:28
C09427,1,4,2016-07-27 01:53:12,2016-10-31 14:31:49
C09428,1,1,2016-10-07 18:46:24,2016-10-07 18:46:24
C09429,1,2,2016-07-07 18:09:56,2016-11-30 19:31:05
C09430,2,104,2016-07-08 16:42:47,2016-12-31 19:53:23
C09431,2,56,2016-07-08 19:09:26,2016-12-31 19:09:26
C09432,1,8,2016-09-19 21:15:30,2016-12-19 16:52:54
C09433,1,12,2016-07-07 12:33:52,2016-12-12 18:23:55
C09434,1,1,2016-09-07 17:32:04,2016-09-07 17:32:04
C09435,1,4,2016-07-08 19:24:32,2016-07-08 20:02:32
C09436,1,3,2016-07-22 04:20:44,2016-12-15 13:57:45
C09437,1,1,2016-07-06 01:50:14,2016-07-06 01:50:14
C09438,1,9,2016-07-16 15:50:30,2016-09-07 02:55:01
C09439,1,1,2016-11-15 18:47:36,2016-11-15 18:47:36
C09440,1,8,2016-07-07 16:15:49,2016-11-07 03:16:26
C09441,1,1,2016-12-13 15:05:56,2016-12-13 15:05:56
C09442,1,27,2016-07-08 18:28:06,2016-12-28 23:06:58
C09443,1,57,2016-07-13 13:43:36,2016-12-16 18:23:12
C09444,1,34,2016-07-05 00:59:39,2016-12-04 23:37:23
C09445,1,102,2016-07-03 16:27:41,2016-12-28 16:55:41
C09446,1,7,2016-07-10 21:30:10,2016-12-16 16:01:01
C09447,1,5,2016-09-06 17:50:49,2016-12-12 23:52:13
C09448,1,3,2016-07-10 03:55:30,2016-12-25 06:29:27
C09449,1,1,2016-12-23 19:24:22,2016-12-23 19:24:22
C09450,1,2,2016-11-18 22:30:01,2016-11-29 16:16:32
C09451,1,12,2016-07-14 02:30:50,2016-12-22 21:31:21
C09452,1,2,2016-11-24 20:32:33,2016-12-17 15:53:02
C09453,1,7,2016-07-18 19:31:45,2016-10-10 12:49:16
C09454,1,332,2016-07-03 03:16:30,2016-12-31 00:26:47
C09455,1,1,2016-12-08 15:25:17,2016-12-08 15:25:17
C09456,1,2,2016-09-25 16:23:46,2016-09-25 16:38:15
C09457,1,1,2016-07-16 16:34:29,2016-07-16 16:34:29
C09458,1,2,2016-07-06 12:49:05,2016-08-02 14:39:53
C09459,1,32,2016-08-06 21:31:09,2016-12-31 21:32:59
C09460,1,12,2016-07-04 15:54:17,2016-12-29 22:51:17
C09461,1,9,2016-07-08 16:22:29,2016-11-25 13:42:21
C09462,1,2,2016-10-08 22:34:21,2016-10-08 22:36:35
C09463,1,1,2016-11-25 19:58:58,2016-11-25 19:58:58
C09464,1,17,2016-07-07 22:42:09,2016-12-16 20:20:46
C09465,1,41,2016-07-06 22:53:42,2016-12-11 21:03:19
C09466,1,6,2016-07-22 16:34:15,2016-11-28 00:22:57
C09467,1,7,2016-07-06 04:28:14,2016-12-06 02:18:11
C09468,2,225,2016-07-04 23:17:21,2016-12-31 22:20:35
C09469,1,9,2016-07-28 01:25:33,2016-12-29 08:32:19
C09470,1,10,2016-07-15 21:14:47,2016-11-09 13:29:04
C09471,2,1677,2016-07-05 13:21:56,2016-12-31 23:08:15
C09472,1,1,2016-11-20 21:46:11,2016-11-20 21:46:11
C09473,1,5,2016-07-19 15:26:05,2016-12-31 15:06:50
C09474,1,1,2016-08-04 00:58:12,2016-08-04 00:58:12
C09475,1,9,2016-07-24 21:26:16,2016-12-11 15:04:04
C09476,1,10,2016-07-15 01:20:44,2016-12-31 01:56:56
C09477,1,2,2016-07-21 02:42:07,2016-07-26 22:04:27
C09478,1,19,2016-07-09 15:07:42,2016-12-26 17:18:48
C09479,1,2,2016-12-19 01:23:11,2016-12-20 21:59:12
C09480,1,5,2016-10-02 02:39:01,2016-10-02 17:42:01
C09481,1,6,2016-07-24 05:06:11,2016-12-25 21:19:29
C09482,1,2,2016-12-11 00:11:42,2016-12-11 00:18:33
C09483,1,4,2016-07-07 03:09:32,2016-11-07 23:11:15
C09484,1,2,2016-08-31 04:13:41,2016-09-27 16:27:38
C09485,1,1,2016-10-20 15:12:54,2016-10-20 15:12:54
C09486,1,71,2016-07-02 00:56:34,2016-12-28 17:18:32
C09487,1,2,2016-07-13 22:25:39,2016-08-31 12:41:24
C09488,1,2,2016-08-18 13:57:03,2016-09-15 15:36:38
C09489,1,5,2016-07-25 01:43:58,2016-10-25 12:47:40
C09490,2,134,2016-07-05 20:48:42,2016-12-29 22:25:17
C09491,1,105,2016-07-03 14:44:04,2016-12-15 20:19:12
C09492,1,17,2016-10-06 01:35:53,2016-12-30 18:12:10
C09493,1,68,2016-07-04 18:54:16,2016-12-23 23:08:47
C09494,1,29,2016-07-08 10:57:03,2016-12-11 12:23:44
C09495,1,21,2016-07-03 14:48:57,2016-10-20 15:08:58
C09496,1,28,2016-07-03 16:13:53,2016-12-26 01:19:03
C09497,1,7,2016-10-14 23:49:52,2016-12-08 22:05:16
C09498,1,2,2016-11-13 12:57:05,2016-12-18 04:53:23
C09499,1,4,2016-07-22 12:25:50,2016-09-27 21:22:27
C09500,1,92,2016-07-08 14:42:23,2016-12-31 14:38:56
C09501,1,7,2016-07-14 22:51:39,2016-12-28 19:36:21
C09502,1,6,2016-07-08 22:17:34,2016-12-19 19:11:28
C09503,1,9,2016-07-17 13:40:56,2016-12-01 23:28:04
C09504,1,3,2016-09-10 07:41:15,2016-11-05 19:45:53
C09505,1,1,2016-10-26 07:26:50,2016-10-26 07:26:50
C09506,1,5,2016-08-09 22:35:55,2016-12-19 17:21:55
C09507,1,5,2016-07-20 14:31:01,2016-12-18 19:32:46
C09508,1,5,2016-07-20 06:08:32,2016-12-28 17:27:53
C09509,1,1,2016-11-15 21:10:03,2016-11-15 21:10:03
C09510,1,1,2016-07-24 23:59:23,2016-07-24 23:59:23
C09511,1,5,2016-07-15 01:38:24,2016-12-30 20:34:40
C09512,1,1,2016-07-29 20:41:53,2016-07-29 20:41:53
C09513,1,28,2016-07-11 21:43:38,2016-12-20 17:28:13
C09514,1,10,2016-07-09 23:11:05,2016-12-16 19:15:09
C09515,1,20,2016-08-04 00:54:58,2016-12-02 18:20:26
C09516,1,3,2016-08-18 00:30:33,2016-08-18 02:10:43
C09517,1,1,2016-07-25 06:05:11,2016-07-25 06:05:11
C09518,1,1,2016-11-20 19:08:09,2016-11-20 19:08:09
C09519,1,3,2016-12-27 21:21:48,2016-12-27 21:39:55
C09520,1,71,2016-07-14 00:38:00,2016-12-19 05:06:28
C09521,2,77,2016-07-05 20:50:15,2016-12-31 16:13:23
C09522,1,4,2016-12-11 17:14:10,2016-12-15 14:31:29
C09523,1,2,2016-08-23 23:34:27,2016-08-23 23:45:07
C09524,1,1,2016-07-16 14:47:02,2016-07-16 14:47:02
C09525,1,1,2016-07-26 01:42:44,2016-07-26 01:42:44
C09526,1,1,2016-10-08 21:50:25,2016-10-08 21:50:25
C09527,1,5,2016-07-07 14:44:16,2016-12-18 23:18:08
C09528,1,5,2016-07-16 18:19:35,2016-07-28 16:43:45
C09529,1,17,2016-07-03 13:16:26,2016-11-26 15:54:33
C09530,1,215,2016-07-04 01:17:47,2016-12-30 20:28:18
C09531,1,1,2016-08-15 16:37:01,2016-08-15 16:37:01
C09532,1,1,2016-12-27 16:02:55,2016-12-27 16:02:55
C09533,1,40,2016-07-10 02:59:05,2016-12-30 03:25:55
C09534,1,1,2016-10-26 12:03:40,2016-10-26 12:03:40
C09535,1,7,2016-07-29 18:54:42,2016-07-29 19:50:46
C09536,1,1,2016-12-16 17:26:42,2016-12-16 17:26:42
C09537,1,2,2016-07-10 03:27:27,2016-07-30 05:20:22
C09538,1,3,2016-08-10 03:26:45,2016-10-01 21:51:55
C09539,1,5,2016-07-14 14:40:46,2016-10-08 00:00:37
C09540,1,1,2016-07-25 03:34:17,2016-07-25 03:34:17
C09541,1,2,2016-08-30 01:56:10,2016-08-30 02:20:52
C09542,1,4,2016-07-17 21:11:11,2016-09-16 22:57:34
C09543,1,2,2016-08-21 19:41:14,2016-08-28 23:16:55
C09544,1,2,2016-07-27 05:01:29,2016-11-29 14:08:23
C09545,1,1,2016-10-01 18:13:50,2016-10-01 18:13:50
C09546,1,3,2016-07-14 14:44:21,2016-12-07 18:57:41
C09547,1,1,2016-07-15 19:39:39,2016-07-15 19:39:39
C09548,1,18,2016-07-12 18:47:42,2016-11-27 19:46:04
C09549,1,5,2016-07-06 12:45:31,2016-10-12 15:10:00
C09550,1,35,2016-07-11 16:16:09,2016-12-14 19:42:10
C09551,1,1,2016-09-21 20:00:26,2016-09-21 20:00:26
C09552,1,1,2016-10-03 01:37:33,2016-10-03 01:37:33
C09553,1,4,2016-07-05 10:57:06,2016-07-20 00:59:08
C09554,1,10,2016-07-11 01:36:04,2016-12-20 00:43:12
C09555,1,4,2016-10-04 21:47:45,2016-12-16 19:59:18
C09556,1,112,2016-07-03 03:04:15,2016-12-27 02:05:42
C09557,1,11,2016-08-09 01:59:45,2016-12-16 04:45:01
C09558,1,6,2016-07-18 16:00:51,2016-08-28 00:43:31
C09559,1,1,2016-08-20 22:00:29,2016-08-20 22:00:29
C09560,1,7,2016-07-03 01:36:19,2016-11-23 18:39:20
C09561,1,1,2016-07-16 09:00:24,2016-07-16 09:00:24
C09562,1,6,2016-07-27 17:54:31,2016-12-21 20:21:54
C09563,1,15,2016-07-18 03:17:03,2016-12-10 15:34:56
C09564,1,3,2016-09-11 04:20:34,2016-09-11 06:25:47
C09565,1,4,2016-07-26 14:45:42,2016-11-15 15:18:27
C09566,1,1,2016-12-19 21:41:05,2016-12-19 21:41:05
C09567,1,7,2016-09-18 23:01:36,2016-12-22 21:46:33
C09568,1,132,2016-07-04 22:24:21,2016-12-30 01:01:43
C09569,1,1,2016-11-12 11:46:27,2016-11-12 11:46:27
C09570,1,1,2016-07-13 15:08:16,2016-07-13 15:08:16
C09571,1,6,2016-07-27 16:41:18,2016-10-15 01:01:52
C09572,1,1,2016-12-28 21:06:07,2016-12-28 21:06:07
C09573,1,18,2016-07-03 23:49:46,2016-12-19 12:26:41
C09574,1,19,2016-07-19 21:29:22,2016-12-23 01:36:29
C09575,1,9,2016-07-06 01:22:09,2016-12-14 01:35:22
C09576,1,19,2016-07-20 18:33:46,2016-12-17 16:13:08
C09577,1,2,2016-11-01 12:59:27,2016-11-05 11:21:23
C09578,1,23,2016-07-11 16:37:46,2016-12-12 00:34:30
C09579,2,19,2016-07-03 01:53:38,2016-12-06 02:56:57
C09580,1,1,2016-12-10 12:01:33,2016-12-10 12:01:33
C09581,1,9,2016-07-03 16:04:09,2016-12-28 01:18:09
C09582,1,652,2016-07-04 00:12:50,2016-12-31 23:09:16
C09583,1,10,2016-07-09 17:00:51,2016-12-31 12:20:08
C09584,1,35,2016-07-02 16:24:31,2016-12-08 22:11:10
C09585,1,1,2016-10-15 15:43:23,2016-10-15 15:43:23
C09586,2,235,2016-07-04 13:26:21,2016-12-29 16:01:58
C09587,1,12,2016-07-16 06:09:07,2016-12-11 18:54:37
C09588,1,27,2016-07-11 16:43:18,2016-12-15 03:56:41
C09589,1,5,2016-08-04 13:17:07,2016-11-07 14:27:33
C09590,1,13,2016-07-26 03:24:33,2016-11-24 21:48:07
C09591,1,1,2016-12-29 23:22:21,2016-12-29 23:22:21
C09592,1,4,2016-07-29 00:16:54,2016-12-11 12:12:41
C09593,1,1,2016-07-27 12:53:39,2016-07-27 12:53:39
C09594,1,2,2016-08-23 19:00:47,2016-08-23 19:06:49
C09595,1,2,2016-09-13 02:29:52,2016-11-20 02:42:38
C09596,1,7,2016-07-18 14:54:51,2016-12-19 14:31:17
C09597,1,3,2016-07-17 14:22:57,2016-10-07 03:40:56
C09598,1,2,2016-07-12 20:05:51,2016-12-01 00:01:19
C09599,1,1,2016-08-13 23:29:49,2016-08-13 23:29:49
C09600,1,11,2016-07-08 18:11:38,2016-12-26 21:03:03
C09601,1,63,2016-07-06 01:03:43,2016-12-29 14:40:32
C09602,1,7,2016-07-17 18:09:57,2016-12-15 02:32:20
C09603,1,5,2016-08-25 22:14:35,2016-12-12 12:28:39
C09604,1,17,2016-07-04 02:56:13,2016-12-22 08:20:08
C09605,1,2,2016-12-03 17:42:23,2016-12-03 17:48:01
C09606,1,9,2016-07-09 02:48:11,2016-12-02 14:14:39
C09607,1,10,2016-07-08 20:22:05,2016-12-31 02:03:32
C09608,1,25,2016-07-02 21:15:47,2016-12-14 20:48:13
C09609,1,3,2016-08-16 01:26:33,2016-08-16 05:29:57
C09610,1,26,2016-07-12 19:04:28,2016-12-29 22:09:02
C09611,1,14,2016-07-28 02:43:52,2016-12-14 18:10:50
C09612,1,16,2016-07-05 21:23:58,2016-12-08 23:43:41
C09613,1,3,2016-07-23 15:02:06,2016-12-03 20:07:15
C09614,1,3,2016-07-18 15:35:13,2016-07-23 00:51:03
C09615,1,4,2016-07-05 22:36:37,2016-09-11 15:42:57
C09616,1,2,2016-08-18 04:22:13,2016-12-08 14:14:33
C09617,1,1,2016-07-28 09:53:16,2016-07-28 09:53:16
C09618,1,2,2016-08-25 19:06:43,2016-12-03 22:28:14
C09619,1,2,2016-07-25 00:22:58,2016-07-27 00:35:18
C09620,1,1,2016-12-13 13:59:55,2016-12-13 13:59:55
C09621,1,3,2016-08-09 01:58:32,2016-11-14 23:47:33
C09622,1,10,2016-07-04 20:09:40,2016-12-23 05:12:55
C09623,2,204,2016-07-03 23:44:28,2016-12-31 20:37:08
C09624,1,11,2016-07-05 01:44:45,2016-12-22 13:45:31
C09625,1,1,2016-07-09 09:13:43,2016-07-09 09:13:43
C09626,1,15,2016-07-18 19:01:46,2016-12-14 13:36:36
C09627,1,19,2016-07-13 10:39:12,2016-11-09 23:04:02
C09628,1,19,2016-07-07 16:09:35,2016-12-31 03:31:24
C09629,1,80,2016-07-09 19:04:47,2016-12-31 19:56:27
C09630,1,2,2016-08-23 17:59:40,2016-10-25 04:57:27
C09631,1,29,2016-07-07 23:16:02,2016-12-23 21:42:51
C09632,1,1,2016-12-13 04:18:29,2016-12-13 04:18:29
C09633,1,2,2016-07-15 17:45:11,2016-07-22 20:05:13
C09634,1,1,2016-12-01 22:49:10,2016-12-01 22:49:10
C09635,1,13,2016-07-23 19:42:54,2016-12-29 21:55:11
C09636,1,5,2016-07-18 19:48:57,2016-12-28 23:07:33
C09637,1,2,2016-08-04 16:03:43,2016-10-07 17:14:47
C09638,1,3,2016-07-20 21:12:37,2016-10-24 16:50:16
C09639,1,3,2016-08-24 20:08:52,2016-08-25 16:48:52
C09640,1,3,2016-08-02 03:07:20,2016-09-20 03:06:09
C09641,1,22,2016-07-03 15:53:33,2016-12-20 16:17:03
C09642,1,9,2016-07-17 05:23:27,2016-10-26 18:40:05
C09643,1,12,2016-07-29 21:17:17,2016-12-28 21:04:20
C09644,1,16,2016-07-20 23:37:41,2016-11-16 01:12:25
C09645,1,1,2016-10-30 20:47:33,2016-10-30 20:47:33
C09646,1,2,2016-09-19 04:31:46,2016-11-01 05:00:24
C09647,1,4,2016-07-11 18:06:39,2016-08-26 19:51:51
C09648,1,1,2016-09-30 01:07:53,2016-09-30 01:07:53
C09649,1,3,2016-09-19 14:48:38,2016-09-19 15:35:00
C09650,1,8,2016-07-02 19:04:53,2016-12-21 13:10:04
C09651,1,5,2016-07-15 18:19:31,2016-12-16 23:48:47
C09652,1,3,2016-07-17 18:00:51,2016-10-22 20:41:37
C09653,1,3,2016-08-13 22:16:31,2016-10-29 19:08:03
C09654,1,35,2016-07-17 17:09:49,2016-12-18 15:00:00
C09655,1,1,2016-07-05 22:07:31,2016-07-05 22:07:31
C09656,1,23,2016-07-29 17:47:32,2016-12-28 23:37:19
C09657,2,1343,2016-07-02 17:06:41,2016-12-30 19:18:07
C09658,1,7,2016-07-13 18:47:25,2016-12-06 11:16:35
C09659,1,1,2016-11-08 00:21:08,2016-11-08 00:21:08
C09660,1,12,2016-07-10 20:00:31,2016-12-10 11:44:05
C09661,1,1,2016-11-02 01:32:43,2016-11-02 01:32:43
C09662,1,6,2016-08-10 16:01:50,2016-12-25 22:05:52
C09663,1,176,2016-07-07 16:05:30,2016-12-31 20:20:54
C09664,1,10,2016-07-17 16:18:21,2016-11-24 12:28:38
C09665,1,6,2016-07-09 20:10:58,2016-12-22 16:23:11
C09666,2,839,2016-07-02 13:20:37,2016-12-30 21:13:10
C09667,1,1,2016-07-26 00:04:20,2016-07-26 00:04:20
C09668,1,1,2016-12-02 16:44:15,2016-12-02 16:44:15
C09669,1,79,2016-07-07 21:32:51,2016-12-27 11:17:11
C09670,1,12,2016-07-14 01:47:07,2016-12-24 15:51:10
C09671,1,49,2016-07-02 02:41:07,2016-12-27 17:48:10
C09672,1,1,2016-07-09 21:02:21,2016-07-09 21:02:21
C09673,1,14,2016-07-10 19:58:11,2016-10-27 13:57:36
C09674,1,6,2016-07-10 00:41:56,2016-10-08 21:06:39
C09675,1,9,2016-08-12 22:46:10,2016-11-17 23:19:29
C09676,1,10,2016-07-06 16:30:25,2016-12-31 20:54:17
C09677,1,3,2016-07-18 17:55:57,2016-07-25 16:23:03
C09678,1,13,2016-09-11 22:32:04,2016-09-20 17:46:17
C09679,1,26,2016-07-08 19:36:33,2016-12-16 11:19:47
C09680,2,27,2016-07-04 06:14:04,2016-12-29 00:32:14
C09681,1,14,2016-07-10 14:49:15,2016-12-19 15:01:50
C09682,1,1,2016-10-16 04:47:54,2016-10-16 04:47:54
C09683,1,57,2016-07-03 17:24:12,2016-12-27 13:30:12
C09684,1,65,2016-07-08 15:04:13,2016-12-28 01:26:16
C09685,1,19,2016-07-03 21:21:26,2016-12-24 01:03:53
C09686,1,1,2016-10-02 19:03:48,2016-10-02 19:03:48
C09687,1,19,2016-07-05 17:02:01,2016-12-31 14:12:38
C09688,1,1,2016-07-08 21:44:32,2016-07-08 21:44:32
C09689,1,1,2016-07-24 23:21:37,2016-07-24 23:21:37
C09690,1,2,2016-07-21 22:00:58,2016-09-24 19:02:53
C09691,1,130,2016-07-06 00:06:24,2016-12-28 19:08:17
C09692,1,26,2016-07-05 01:54:50,2016-12-23 10:00:17
C09693,1,10,2016-07-10 20:31:13,2016-11-12 00:44:12
C09694,1,1,2016-07-23 16:06:13,2016-07-23 16:06:13
C09695,1,6,2016-07-09 01:45:01,2016-10-28 17:44:47
C09696,1,16,2016-07-06 20:34:11,2016-12-11 01:13:03
C09697,1,4,2016-09-18 22:16:12,2016-11-29 19:53:35
C09698,1,17,2016-07-24 20:22:24,2016-12-26 22:35:49
C09699,1,1,2016-10-25 23:49:28,2016-10-25 23:49:28
C09700,1,18,2016-07-03 13:02:40,2016-12-31 20:33:21
C09701,2,67,2016-07-07 17:27:53,2016-12-20 23:27:36
C09702,1,3,2016-10-30 18:21:20,2016-11-13 21:45:49
C09703,1,13,2016-07-18 18:34:19,2016-11-30 18:25:18
C09704,1,17,2016-07-07 04:16:52,2016-11-27 22:55:27
C09705,1,1,2016-11-03 19:15:09,2016-11-03 19:15:09
C09706,1,1,2016-10-03 20:39:57,2016-10-03 20:39:57
C09707,1,3,2016-07-29 19:30:01,2016-10-06 22:48:26
C09708,1,10,2016-07-09 14:24:10,2016-12-10 16:29:54
C09709,1,18,2016-07-12 04:11:44,2016-10-24 18:50:44
C09710,1,13,2016-07-03 00:34:44,2016-12-13 20:59:03
C09711,1,168,2016-07-02 00:22:20,2016-12-30 06:27:04
C09712,1,3,2016-07-09 19:22:13,2016-10-11 14:40:37
C09713,1,7,2016-07-08 10:52:39,2016-11-01 14:24:12
C09714,1,1,2016-10-01 16:31:43,2016-10-01 16:31:43
C09715,1,6,2016-08-28 17:13:02,2016-12-26 20:21:53
C09716,2,80,2016-07-07 13:58:50,2016-12-30 17:27:44
C09717,1,83,2016-07-06 18:08:54,2016-12-28 16:29:23
C09718,1,2,2016-07-23 19:59:57,2016-08-03 21:25:05
C09719,1,50,2016-07-06 21:20:19,2016-12-14 19:54:42
C09720,1,3,2016-07-21 19:59:31,2016-07-25 22:11:49
C09721,1,1,2016-08-15 16:58:58,2016-08-15 16:58:58
C09722,1,1,2016-09-19 00:12:31,2016-09-19 00:12:31
C09723,1,11,2016-08-03 19:14:44,2016-12-22 13:44:47
C09724,1,7,2016-07-24 22:31:41,2016-11-22 00:54:07
C09725,1,5,2016-07-09 03:04:54,2016-10-31 16:09:44
C09726,1,3,2016-11-19 14:51:40,2016-12-29 02:41:04
C09727,1,8,2016-07-04 19:09:10,2016-10-09 19:50:32
C09728,1,1,2016-09-23 23:04:26,2016-09-23 23:04:26
C09729,1,1,2016-07-10 21:24:42,2016-07-10 21:24:42
C09730,1,16,2016-07-16 19:28:34,2016-12-25 17:30:59
C09731,1,1,2016-12-15 14:47:05,2016-12-15 14:47:05
C09732,1,1,2016-12-06 14:40:31,2016-12-06 14:40:31
C09733,1,93,2016-07-02 22:40:22,2016-12-28 21:34:00
C09734,1,1,2016-08-01 21:15:41,2016-08-01 21:15:41
C09735,1,101,2016-07-10 18:30:39,2016-12-31 22:04:02
C09736,1,7,2016-07-24 14:46:15,2016-10-09 16:59:56
C09737,1,5,2016-07-18 17:45:47,2016-12-26 22:21:51
C09738,1,1,2016-10-27 21:47:16,2016-10-27 21:47:16
C09739,1,1,2016-12-23 15:33:40,2016-12-23 15:33:40
C09740,1,2,2016-10-05 20:28:34,2016-10-05 21:32:07
C09741,1,25,2016-07-03 20:56:00,2016-12-25 16:14:05
C09742,2,65,2016-07-02 23:21:44,2016-12-27 23:08:35
C09743,1,1,2016-08-04 00:09:55,2016-08-04 00:09:55
C09744,1,18,2016-07-07 18:22:20,2016-12-31 14:04:54
C09745,1,1,2016-09-22 16:14:25,2016-09-22 16:14:25
C09746,1,2,2016-09-26 22:37:24,2016-12-31 15:03:33
C09747,1,1,2016-11-17 16:52:00,2016-11-17 16:52:00
C09748,1,6,2016-07-24 01:43:08,2016-07-26 03:03:37
C09749,1,1,2016-09-20 23:05:47,2016-09-20 23:05:47
C09750,1,66,2016-07-02 02:51:11,2016-12-24 20:29:31
C09751,1,1,2016-11-30 23:10:17,2016-11-30 23:10:17
C09752,1,2,2016-07-19 19:46:49,2016-12-08 21:37:28
C09753,1,2,2016-07-25 22:29:45,2016-09-16 20:15:53
C09754,1,1,2016-09-24 23:27:48,2016-09-24 23:27:48
C09755,1,1,2016-08-09 03:12:48,2016-08-09 03:12:48
C09756,1,9,2016-08-24 12:13:39,2016-11-30 12:46:42
C09757,1,59,2016-07-09 03:30:48,2016-12-30 17:10:11
C09758,1,1,2016-07-23 16:39:12,2016-07-23 16:39:12
C09759,1,4,2016-07-14 21:54:27,2016-08-30 17:00:59
C09760,1,7,2016-07-15 22:53:50,2016-12-13 20:08:12
C09761,1,1,2016-07-24 21:42:47,2016-07-24 21:42:47
C09762,1,8,2016-09-13 21:00:22,2016-11-23 18:45:47
C09763,1,1,2016-09-24 17:13:06,2016-09-24 17:13:06
C09764,1,1,2016-10-01 21:23:58,2016-10-01 21:23:58
C09765,1,1,2016-07-24 00:42:51,2016-07-24 00:42:51
C09766,1,1,2016-09-28 15:57:55,2016-09-28 15:57:55
C09767,1,3,2016-07-11 19:06:35,2016-07-11 19:25:10
C09768,1,4,2016-07-18 20:17:09,2016-09-27 00:19:36
C09769,1,1,2016-07-08 18:38:19,2016-07-08 18:38:19
C09770,1,1,2016-08-10 18:18:01,2016-08-10 18:18:01
C09771,1,1,2016-07-06 19:37:54,2016-07-06 19:37:54
C09772,1,2,2016-11-29 23:21:06,2016-12-16 21:04:48
C09773,1,5,2016-09-12 23:56:55,2016-12-05 01:39:46
C09774,1,2,2016-08-22 19:38:44,2016-08-30 17:16:25
C09775,1,1,2016-08-11 22:52:47,2016-08-11 22:52:47
C09776,1,1,2016-07-30 20:01:57,2016-07-30 20:01:57
C09777,1,2,2016-07-24 16:04:55,2016-12-14 04:11:13
C09778,1,1,2016-11-24 22:47:41,2016-11-24 22:47:41
C09779,1,3,2016-07-19 16:10:11,2016-10-29 20:00:33
C09780,1,2,2016-07-25 03:44:43,2016-12-28 13:36:08
C09781,1,1,2016-07-26 21:47:00,2016-07-26 21:47:00
C09782,1,14,2016-07-04 16:56:15,2016-12-31 14:23:23
C09783,1,3,2016-09-03 01:24:37,2016-11-22 03:03:44
C09784,1,1,2016-08-02 16:19:17,2016-08-02 16:19:17
C09785,1,2,2016-07-11 18:27:36,2016-11-01 17:21:53
C09786,1,9,2016-07-08 00:14:05,2016-12-27 22:08:04
C09787,1,9,2016-08-11 19:15:10,2016-12-07 02:10:06
C09788,1,9,2016-07-18 18:41:08,2016-12-11 13:29:10
C09789,1,4,2016-11-26 18:56:17,2016-12-31 17:10:29
C09790,1,2,2016-09-23 16:45:09,2016-09-23 16:52:40
C09791,1,121,2016-07-03 00:14:19,2016-12-26 02:13:02
C09792,1,15,2016-07-05 10:56:13,2016-09-07 13:04:48
C09793,1,1,2016-09-26 23:28:19,2016-09-26 23:28:19
C09794,1,6,2016-10-20 20:40:15,2016-12-12 12:56:44
C09795,1,75,2016-07-02 22:07:16,2016-12-22 13:38:05
C09796,1,3,2016-08-07 01:48:40,2016-10-08 17:48:12
C09797,1,45,2016-08-14 18:05:37,2016-12-30 17:44:29
C09798,1,1,2016-07-19 19:44:50,2016-07-19 19:44:50
C09799,1,15,2016-07-24 03:38:49,2016-12-14 20:17:34
C09800,2,5129,2016-07-06 01:13:08,2016-12-31 23:06:01
C09801,1,5,2016-10-24 02:18:40,2016-12-27 04:37:07
C09802,2,11,2016-08-05 15:28:50,2016-12-01 11:56:28
C09803,1,12,2016-07-25 15:00:14,2016-11-06 22:20:43
C09804,1,121,2016-07-11 12:35:24,2016-12-31 22:11:44
C09805,1,4,2016-07-20 17:37:15,2016-10-19 19:20:08
C09806,1,452,2016-07-04 15:23:38,2016-12-31 22:38:10
C09807,1,9,2016-07-21 23:54:22,2016-10-13 15:47:38
C09808,1,1,2016-12-06 19:49:02,2016-12-06 19:49:02
C09809,1,4,2016-07-30 14:46:18,2016-10-05 16:22:26
C09810,1,2,2016-07-06 19:10:33,2016-10-01 21:12:21
C09811,1,6,2016-07-10 19:13:28,2016-12-17 22:08:33
C09812,1,5,2016-11-23 12:32:53,2016-11-27 20:13:57
C09813,1,3,2016-07-14 20:51:27,2016-10-08 04:18:07
C09814,1,1,2016-07-29 16:48:06,2016-07-29 16:48:06
C09815,1,1,2016-08-12 15:55:49,2016-08-12 15:55:49
C09816,1,9,2016-07-05 22:01:34,2016-12-29 16:27:31
C09817,1,2,2016-07-12 16:14:35,2016-12-29 16:53:41
C09818,1,1,2016-07-30 01:01:52,2016-07-30 01:01:52
C09819,2,14,2016-08-09 16:40:08,2016-12-16 14:41:18
C09820,2,272,2016-07-02 17:27:00,2016-12-29 18:17:14
C09821,1,1,2016-12-24 16:04:35,2016-12-24 16:04:35
C09822,1,5,2016-07-09 22:45:03,2016-07-26 13:53:59
C09823,1,325,2016-07-03 13:43:39,2016-12-31 22:39:10
C09824,1,19,2016-07-13 01:10:01,2016-12-31 15:42:15
C09825,1,1,2016-07-12 19:29:48,2016-07-12 19:29:48
C09826,1,82,2016-07-03 02:00:28,2016-12-29 23:46:17
C09827,2,320,2016-07-02 05:55:25,2016-12-28 19:23:14
C09828,1,12,2016-07-04 19:30:36,2016-12-18 21:18:05
C09829,1,18,2016-07-08 20:09:56,2016-12-14 19:24:22
C09830,1,6,2016-07-09 21:48:20,2016-12-07 19:28:14
C09831,1,6,2016-09-30 20:21:46,2016-10-01 10:56:09
C09832,1,2,2016-08-18 02:40:40,2016-08-18 18:18:39
C09833,1,1,2016-09-30 19:26:56,2016-09-30 19:26:56
C09834,1,24,2016-07-14 18:51:30,2016-12-30 18:33:24
C09835,1,67,2016-07-18 20:18:35,2016-12-29 00:24:06
C09836,1,12,2016-07-03 22:27:07,2016-12-03 15:28:46
C09837,1,13,2016-07-24 18:58:54,2016-10-02 19:10:13
C09838,1,1,2016-09-17 00:38:07,2016-09-17 00:38:07
C09839,1,3,2016-07-06 17:54:42,2016-11-16 17:26:32
C09840,1,2,2016-07-07 14:32:26,2016-08-25 19:52:26
C09841,1,8,2016-07-12 18:27:20,2016-12-19 12:03:11
C09842,1,10,2016-07-09 15:28:37,2016-09-14 18:26:48
C09843,1,3,2016-09-08 21:28:10,2016-11-13 12:14:05
C09844,1,3,2016-10-30 15:05:08,2016-11-26 15:18:43
C09845,1,1,2016-11-18 15:17:02,2016-11-18 15:17:02
C09846,1,2,2016-09-29 01:49:45,2016-10-19 01:36:50
C09847,1,2,2016-10-10 12:49:50,2016-11-01 13:12:06
C09848,2,5,2016-07-22 23:04:26,2016-12-10 02:13:58
C09849,1,1,2016-07-24 21:49:45,2016-07-24 21:49:45
C09850,1,31,2016-07-19 02:27:47,2016-12-27 14:48:17
C09851,1,14,2016-07-07 19:14:27,2016-10-09 03:05:13
C09852,1,3,2016-09-17 05:22:02,2016-09-17 05:44:44
C09853,1,10,2016-08-10 23:02:33,2016-12-19 02:52:20
C09854,1,83,2016-07-06 23:39:05,2016-12-30 22:46:48
C09855,2,207,2016-07-03 16:30:03,2016-12-31 22:16:22
C09856,1,4,2016-12-03 19:39:55,2016-12-15 22:08:35
C09857,1,1,2016-08-06 19:50:11,2016-08-06 19:50:11
C09858,1,2,2016-10-06 00:12:09,2016-10-06 00:22:40
C09859,1,1,2016-10-22 21:58:51,2016-10-22 21:58:51
C09860,1,1,2016-07-20 16:25:24,2016-07-20 16:25:24
C09861,1,28,2016-07-16 13:43:57,2016-12-20 20:53:49
C09862,1,14,2016-07-11 20:10:37,2016-10-17 18:31:51
C09863,1,66,2016-07-07 21:49:06,2016-12-24 12:13:36
C09864,1,2,2016-10-10 02:54:42,2016-11-23 21:04:22
C09865,1,2,2016-11-18 18:06:46,2016-12-16 22:57:02
C09866,1,1,2016-10-29 02:51:13,2016-10-29 02:51:13
C09867,1,2,2016-09-01 19:36:46,2016-09-01 19:40:44
C09868,1,106,2016-07-03 04:02:52,2016-12-28 22:11:57
C09869,1,48,2016-07-04 02:15:47,2016-12-27 22:29:50
C09870,1,4,2016-07-06 19:41:37,2016-12-13 00:34:54
C09871,1,5,2016-08-23 17:29:54,2016-12-06 20:32:16
C09872,1,39,2016-07-02 01:28:32,2016-12-10 14:10:58
C09873,1,114,2016-07-03 20:48:11,2016-12-14 21:01:19
C09874,1,5,2016-10-23 13:39:23,2016-12-13 12:45:56
C09875,1,1,2016-10-26 23:19:47,2016-10-26 23:19:47
C09876,1,128,2016-07-02 13:26:57,2016-12-25 19:46:37
C09877,1,11,2016-07-14 21:35:09,2016-11-25 13:51:20
C09878,1,6,2016-08-12 04:59:56,2016-12-15 02:51:26
C09879,1,3,2016-11-03 20:02:51,2016-11-04 18:15:59
C09880,1,4,2016-07-08 21:39:27,2016-09-18 18:30:59
C09881,1,2,2016-11-08 20:26:03,2016-12-25 16:06:03
C09882,1,5,2016-07-20 13:01:55,2016-08-29 02:18:46
C09883,1,63,2016-07-04 12:57:56,2016-12-31 00:29:10
C09884,1,7,2016-07-15 01:08:42,2016-12-06 23:40:30
C09885,1,37,2016-07-03 11:04:57,2016-12-26 18:00:50
C09886,1,2,2016-07-27 19:53:37,2016-12-25 03:14:27
C09887,1,1,2016-11-05 11:24:09,2016-11-05 11:24:09
C09888,1,2,2016-08-18 16:23:18,2016-09-11 14:53:29
C09889,1,1,2016-10-12 09:53:41,2016-10-12 09:53:41
C09890,1,2,2016-07-17 12:46:03,2016-07-17 13:15:00
C09891,1,46,2016-07-04 15:14:29,2016-12-26 19:21:42
C09892,1,1,2016-12-07 13:45:31,2016-12-07 13:45:31
C09893,1,3,2016-07-16 14:49:22,2016-12-14 18:04:00
C09894,1,5,2016-09-07 16:29:32,2016-12-25 01:36:33
C09895,1,1,2016-10-17 18:22:56,2016-10-17 18:22:56
C09896,1,2,2016-10-07 19:51:34,2016-12-09 17:00:28
C09897,2,18,2016-07-20 16:57:50,2016-12-22 15:36:52
C09898,1,1,2016-11-22 18:58:04,2016-11-22 18:58:04
C09899,1,18,2016-07-19 05:07:35,2016-12-09 14:34:23
C09900,1,20,2016-07-04 04:37:14,2016-12-04 03:50:52
C09901,1,7,2016-07-23 01:34:45,2016-12-09 00:09:10
C09902,2,360,2016-07-03 00:28:50,2016-12-31 16:15:33
C09903,1,15,2016-07-07 12:22:35,2016-12-17 02:45:12
C09904,1,8,2016-11-20 14:47:08,2016-11-20 21:06:28
C09905,1,14,2016-07-08 01:40:42,2016-12-29 23:13:10
C09906,1,97,2016-07-04 16:46:50,2016-12-22 11:48:09
C09907,1,1,2016-11-13 22:19:47,2016-11-13 22:19:47
C09908,1,13,2016-07-04 10:16:17,2016-12-10 13:54:08
C09909,1,7,2016-07-22 19:43:16,2016-12-16 22:43:23
C09910,1,2,2016-11-02 19:39:28,2016-11-02 19:47:37
C09911,1,15,2016-07-03 01:17:50,2016-11-22 22:35:39
C09912,1,6,2016-10-16 19:26:48,2016-12-31 06:53:39
C09913,1,1,2016-07-22 21:22:19,2016-07-22 21:22:19
C09914,1,5,2016-08-07 01:11:25,2016-11-26 20:35:28
C09915,1,4,2016-07-18 23:03:09,2016-10-12 16:17:37
C09916,1,15,2016-07-06 04:34:28,2016-11-19 14:23:31
C09917,1,36,2016-07-07 05:41:05,2016-12-31 23:34:32
C09918,1,47,2016-07-11 15:02:56,2016-12-26 12:41:53
C09919,1,4,2016-07-08 20:58:22,2016-12-23 16:25:17
C09920,1,1,2016-10-12 01:37:26,2016-10-12 01:37:26
C09921,1,1,2016-11-13 17:33:34,2016-11-13 17:33:34
C09922,1,3,2016-10-19 22:57:44,2016-11-23 22:23:20
C09923,1,1,2016-07-24 17:04:32,2016-07-24 17:04:32
C09924,1,11,2016-07-09 23:10:30,2016-12-04 13:39:55
C09925,1,1,2016-09-21 16:47:08,2016-09-21 16:47:08
C09926,1,3,2016-07-18 08:11:36,2016-07-27 04:46:45
C09927,1,8,2016-07-25 20:33:17,2016-11-08 02:17:04
C09928,1,1,2016-10-01 20:55:37,2016-10-01 20:55:37
C09929,1,47,2016-07-08 19:05:02,2016-12-23 00:43:54
C09930,1,3,2016-07-17 23:07:32,2016-12-19 01:56:25
C09931,1,1,2016-07-22 23:09:33,2016-07-22 23:09:33
C09932,1,1,2016-10-08 00:27:13,2016-10-08 00:27:13
C09933,2,2792,2016-07-03 00:57:14,2016-12-31 23:57:27
C09934,1,6,2016-07-28 17:58:20,2016-08-17 14:12:24
C09935,1,9,2016-08-03 20:32:48,2016-12-01 01:32:06
C09936,1,31,2016-07-02 01:16:27,2016-12-27 01:43:01
C09937,1,6,2016-07-26 03:44:11,2016-09-28 02:21:22
C09938,1,15,2016-07-03 13:08:41,2016-12-16 21:35:04
C09939,1,57,2016-07-03 18:33:23,2016-12-22 15:08:41
C09940,1,2,2016-11-17 23:48:33,2016-12-07 10:06:37
C09941,1,12,2016-07-11 20:27:15,2016-11-25 22:37:31
C09942,1,2,2016-07-09 01:52:41,2016-08-12 20:07:24
C09943,1,1,2016-09-16 13:10:19,2016-09-16 13:10:19
C09944,1,7,2016-08-18 20:46:00,2016-12-13 20:42:03
C09945,1,1,2016-12-08 15:00:45,2016-12-08 15:00:45
C09946,1,1,2016-12-23 15:08:03,2016-12-23 15:08:03
C09947,1,151,2016-07-02 00:25:34,2016-12-26 23:47:46
C09948,1,3,2016-09-04 17:24:13,2016-09-04 17:32:56
C09949,1,20,2016-07-08 15:47:55,2016-12-31 14:33:37
C09950,1,7,2016-07-20 02:50:23,2016-12-25 00:41:21
C09951,1,10,2016-07-24 02:12:35,2016-12-18 01:46:26
C09952,1,26,2016-07-07 21:03:48,2016-10-31 14:18:41
C09953,1,8,2016-08-30 23:27:44,2016-10-25 15:40:26
C09954,1,114,2016-07-06 19:08:48,2016-12-22 21:25:22
C09955,1,1,2016-09-10 15:36:55,2016-09-10 15:36:55
C09956,1,32,2016-07-20 18:54:39,2016-12-15 20:13:33
C09957,1,5,2016-07-10 16:40:16,2016-12-24 21:23:23
C09958,1,1,2016-10-10 22:05:52,2016-10-10 22:05:52
C09959,1,6,2016-10-13 15:08:49,2016-11-11 02:45:14
C09960,1,8,2016-07-22 15:36:57,2016-11-24 17:02:09
C09961,1,2,2016-07-25 04:12:10,2016-12-30 22:07:43
C09962,1,4,2016-07-07 13:38:43,2016-12-21 16:17:44
C09963,1,4,2016-08-30 17:08:27,2016-12-21 21:34:39
C09964,1,19,2016-07-08 15:11:55,2016-12-20 21:17:09
C09965,1,3,2016-07-06 16:15:11,2016-11-25 19:13:42
C09966,1,23,2016-07-08 17:24:47,2016-12-17 17:00:16
C09967,1,1,2016-07-19 17:44:34,2016-07-19 17:44:34
C09968,1,21,2016-07-21 23:39:15,2016-11-22 21:48:14
C09969,1,15,2016-07-04 15:10:58,2016-11-30 16:04:45
C09970,1,1,2016-08-21 01:58:24,2016-08-21 01:58:24
C09971,2,10,2016-07-28 19:53:25,2016-12-23 00:44:50
C09972,1,9,2016-12-05 11:49:28,2016-12-12 21:17:13
C09973,1,4,2016-10-31 04:40:11,2016-11-29 14:32:30
C09974,1,1,2016-09-28 19:12:43,2016-09-28 19:12:43
C09975,2,30,2016-07-06 16:19:31,2016-12-25 13:48:19
C09976,1,1,2016-08-13 18:30:23,2016-08-13 18:30:23
C09977,1,5,2016-07-18 00:01:29,2016-08-06 21:23:09
C09978,1,2,2016-11-07 12:50:15,2016-11-26 23:09:34
C09979,1,8,2016-07-18 00:15:57,2016-07-22 19:35:08
C09980,1,1,2016-07-10 23:44:21,2016-07-10 23:44:21
C09981,2,493,2016-07-02 13:50:20,2016-12-30 13:33:35
C09982,1,1,2016-09-27 19:30:54,2016-09-27 19:30:54
C09983,1,3,2016-08-03 20:14:42,2016-08-26 00:40:12
C09984,1,1,2016-07-15 02:38:29,2016-07-15 02:38:29
C09985,1,2,2016-12-08 00:45:12,2016-12-08 00:57:28
C09986,1,20,2016-07-04 23:06:54,2016-12-19 17:55:29
C09987,1,3,2016-07-24 02:01:48,2016-12-04 13:15:33
C09988,1,61,2016-07-06 19:02:49,2016-12-24 19:28:38
C09989,1,1,2016-11-13 09:50:51,2016-11-13 09:50:51
C09990,1,2,2016-07-07 16:47:00,2016-07-07 16:52:57
C09991,1,4,2016-07-12 23:56:02,2016-12-10 16:39:08
C09992,1,3,2016-07-04 05:04:01,2016-09-23 18:50:22
C09993,1,2,2016-07-09 19:04:54,2016-07-09 19:20:40
C09994,1,1,2016-07-18 23:14:17,2016-07-18 23:14:17
C09995,1,161,2016-07-06 20:09:48,2016-12-31 19:32:30
C09996,1,3,2016-08-23 17:47:35,2016-12-08 15:42:38
C09997,1,12,2016-07-09 19:42:37,2016-10-28 04:52:01
C09998,1,113,2016-07-02 01:21:29,2016-12-30 18:23:25
C09999,1,14,2016-07-17 18:20:16,2016-10-27 21:55:14
C10000,1,3,2016-07-23 00:07:14,2016-09-11 23:43:22
C10001,1,24,2016-07-15 22:03:45,2016-12-19 06:51:11
C10002,1,1,2016-09-15 19:29:58,2016-09-15 19:29:58
C10003,1,1,2016-09-27 23:15:55,2016-09-27 23:15:55
C10004,1,19,2016-07-07 16:26:46,2016-12-29 18:20:03
C10005,1,2,2016-09-20 17:09:06,2016-09-24 17:03:22
C10006,1,31,2016-07-02 18:29:39,2016-12-30 20:38:52
C10007,1,78,2016-07-05 22:07:15,2016-12-28 13:51:18
C10008,2,7,2016-07-05 20:05:31,2016-11-04 23:24:34
C10009,2,21,2016-07-11 14:05:12,2016-12-25 14:45:57
C10010,1,175,2016-07-04 16:54:02,2016-12-31 23:09:08
C10011,1,1,2016-08-27 00:04:54,2016-08-27 00:04:54
C10012,1,11,2016-07-18 22:51:12,2016-12-31 20:16:24
C10013,2,55,2016-07-05 00:15:01,2016-12-31 12:50:32
C10014,1,3,2016-07-06 02:16:30,2016-07-06 23:46:57
C10015,1,26,2016-07-02 22:12:20,2016-12-16 12:39:21
C10016,2,431,2016-07-05 12:06:23,2016-12-31 21:30:00
C10017,1,1,2016-11-24 16:00:09,2016-11-24 16:00:09
C10018,1,1,2016-12-17 10:40:07,2016-12-17 10:40:07
C10019,1,53,2016-07-06 01:52:59,2016-12-31 02:11:16
C10020,1,51,2016-07-03 19:55:16,2016-12-30 16:33:10
C10021,1,1,2016-08-07 20:45:03,2016-08-07 20:45:03
C10022,1,5,2016-07-22 17:41:33,2016-07-22 21:16:09
C10023,1,8,2016-07-04 04:31:25,2016-07-22 19:32:30
C10024,1,3,2016-07-18 19:06:36,2016-11-05 00:07:10
C10025,1,17,2016-07-03 03:24:36,2016-12-08 19:11:23
C10026,1,26,2016-07-18 17:30:23,2016-12-24 15:39:27
C10027,1,2,2016-07-13 23:43:10,2016-07-21 20:55:15
C10028,1,1,2016-10-27 20:00:54,2016-10-27 20:00:54
C10029,1,11,2016-07-04 15:11:21,2016-11-29 12:36:39
C10030,1,1,2016-07-21 15:53:41,2016-07-21 15:53:41
C10031,1,1,2016-12-07 18:46:28,2016-12-07 18:46:28
C10032,2,5,2016-07-04 16:42:28,2016-11-21 16:31:05
C10033,1,1,2016-07-24 15:59:47,2016-07-24 15:59:47
C10034,1,1,2016-08-10 04:47:51,2016-08-10 04:47:51
C10035,2,370,2016-07-04 14:53:57,2016-12-31 23:55:26
C10036,1,3,2016-08-06 00:48:03,2016-12-24 14:03:59
C10037,1,100,2016-07-03 22:17:48,2016-12-29 19:08:17
C10038,1,1,2016-07-28 22:55:34,2016-07-28 22:55:34
C10039,1,1,2016-12-10 14:43:31,2016-12-10 14:43:31
C10040,1,4,2016-07-07 06:00:11,2016-09-23 23:31:58
C10041,1,25,2016-07-05 01:54:36,2016-12-15 21:05:20
C10042,1,34,2016-08-05 02:17:09,2016-12-08 17:26:47
C10043,1,2,2016-11-20 13:48:41,2016-11-26 02:52:41
C10044,1,9,2016-07-06 13:56:46,2016-10-10 22:24:31
C10045,1,165,2016-07-03 03:26:59,2016-12-27 17:54:49
C10046,1,16,2016-07-05 14:25:10,2016-12-19 13:09:40
C10047,1,2,2016-11-13 14:47:13,2016-11-13 14:57:19
C10048,1,3,2016-09-21 00:08:27,2016-12-22 12:48:24
C10049,1,2,2016-09-12 23:20:28,2016-12-11 18:32:21
C10050,1,16,2016-07-16 22:04:42,2016-12-04 13:38:19
C10051,1,4,2016-07-25 15:42:44,2016-08-01 12:02:32
C10052,1,16,2016-07-04 19:46:24,2016-12-30 18:05:43
C10053,2,22,2016-09-18 19:34:36,2016-12-31 17:50:13
C10054,1,14,2016-08-02 14:10:34,2016-12-29 00:14:41
C10055,1,5,2016-08-15 02:42:36,2016-10-01 21:22:33
C10056,1,5,2016-12-31 10:06:07,2016-12-31 10:10:38
C10057,1,1,2016-09-18 02:14:03,2016-09-18 02:14:03
C10058,1,5,2016-07-04 13:56:54,2016-09-11 23:29:54
C10059,1,2,2016-08-07 23:54:54,2016-12-06 03:22:02
C10060,1,1,2016-10-21 22:07:55,2016-10-21 22:07:55
C10061,1,22,2016-07-17 15:28:44,2016-12-27 18:03:29
C10062,1,1,2016-07-06 21:17:31,2016-07-06 21:17:31
C10063,1,13,2016-07-09 14:13:11,2016-12-30 19:19:00
C10064,1,20,2016-07-16 12:37:48,2016-12-26 21:13:38
C10065,1,14,2016-07-03 18:01:16,2016-12-18 18:27:03
C10066,1,6,2016-07-14 19:37:39,2016-10-23 18:00:46
C10067,1,1,2016-07-22 22:52:29,2016-07-22 22:52:29
C10068,1,60,2016-07-04 18:30:21,2016-12-26 12:30:55
C10069,1,1,2016-10-07 03:51:32,2016-10-07 03:51:32
C10070,2,8,2016-07-18 02:46:17,2016-09-26 20:12:05
C10071,1,7,2016-07-18 02:06:02,2016-12-03 00:01:59
C10072,1,6,2016-07-10 16:58:13,2016-12-23 13:18:08
C10073,1,2,2016-07-26 02:38:03,2016-07-26 04:47:25
C10074,1,3,2016-09-02 21:21:21,2016-10-11 18:43:01
C10075,1,85,2016-07-06 21:53:47,2016-10-05 15:15:06
C10076,1,1,2016-10-11 21:47:22,2016-10-11 21:47:22
C10077,1,1,2016-11-12 15:15:22,2016-11-12 15:15:22
C10078,1,1,2016-09-28 19:57:22,2016-09-28 19:57:22
C10079,1,5,2016-10-01 19:31:08,2016-11-01 00:38:03
C10080,1,1,2016-12-22 21:47:32,2016-12-22 21:47:32
C10081,1,3,2016-07-25 19:51:26,2016-07-25 20:01:19
C10082,1,5,2016-07-25 15:52:44,2016-12-29 21:22:50
C10083,1,20,2016-08-03 19:36:13,2016-12-20 14:45:44
C10084,1,2,2016-09-15 15:27:30,2016-09-15 15:36:36
C10085,1,2,2016-07-08 20:47:57,2016-12-08 00:26:17
C10086,1,7,2016-07-24 16:24:52,2016-12-23 18:54:42
C10087,1,3,2016-07-14 17:04:28,2016-08-10 21:06:57
C10088,2,5,2016-07-09 14:15:30,2016-09-06 16:04:38
C10089,1,5,2016-07-17 17:56:33,2016-12-12 13:27:09
C10090,1,6,2016-10-25 23:44:14,2016-11-21 00:04:10
C10091,1,34,2016-07-07 22:48:45,2016-12-30 17:52:45
C10092,1,9,2016-07-17 17:09:45,2016-10-14 23:02:45
C10093,1,1,2016-12-22 13:21:36,2016-12-22 13:21:36
C10094,1,1,2016-11-13 23:14:41,2016-11-13 23:14:41
C10095,1,3,2016-09-10 09:18:31,2016-09-10 19:41:10
C10096,1,2,2016-10-07 21:11:50,2016-10-07 22:05:01
C10097,1,5,2016-07-12 05:02:54,2016-10-20 01:00:07
C10098,1,171,2016-07-06 19:48:02,2016-12-31 23:25:28
C10099,1,4,2016-07-24 20:54:51,2016-12-05 23:37:36
C10100,1,1,2016-07-03 16:17:49,2016-07-03 16:17:49
C10101,1,1,2016-09-02 18:23:50,2016-09-02 18:23:50
C10102,1,11,2016-07-13 16:56:11,2016-12-29 13:21:56
C10103,1,1,2016-07-13 23:45:13,2016-07-13 23:45:13
C10104,1,2,2016-10-04 19:12:17,2016-12-15 16:12:31
C10105,1,11,2016-10-04 19:03:42,2016-10-10 20:03:08
C10106,1,2,2016-11-06 17:54:16,2016-11-22 22:44:41
C10107,1,13,2016-07-14 21:18:38,2016-11-30 17:00:41
C10108,1,1,2016-12-02 00:13:58,2016-12-02 00:13:58
C10109,1,1,2016-11-14 00:51:35,2016-11-14 00:51:35
C10110,1,6,2016-07-29 14:41:51,2016-12-12 17:43:44
C10111,1,2,2016-08-04 17:37:32,2016-11-12 20:00:03
C10112,1,4,2016-07-03 01:55:45,2016-12-28 12:45:08
C10113,1,17,2016-07-09 18:40:07,2016-12-19 09:30:54
C10114,1,79,2016-07-13 19:52:04,2016-12-28 02:33:11
C10115,1,1,2016-10-14 22:16:03,2016-10-14 22:16:03
C10116,1,3,2016-10-29 17:07:15,2016-12-01 13:17:21
C10117,1,1,2016-08-10 16:27:03,2016-08-10 16:27:03
C10118,1,1,2016-07-21 22:12:27,2016-07-21 22:12:27
C10119,1,6,2016-09-02 23:35:37,2016-11-17 21:41:34
C10120,1,4,2016-08-10 21:27:42,2016-12-22 00:34:19
C10121,1,97,2016-07-04 18:56:37,2016-12-30 02:49:45
C10122,1,1,2016-07-26 13:21:15,2016-07-26 13:21:15
C10123,1,4,2016-07-11 17:39:05,2016-12-23 20:19:15
C10124,1,4,2016-08-12 19:16:38,2016-10-19 14:00:18
C10125,1,2,2016-08-10 05:20:18,2016-09-19 07:02:13
C10126,1,3,2016-07-06 00:35:30,2016-09-13 22:40:52
C10127,2,1094,2016-07-04 00:54:24,2016-12-31 23:37:45
C10128,1,8,2016-07-21 13:48:52,2016-07-28 19:50:23
C10129,1,1,2016-10-06 04:59:28,2016-10-06 04:59:28
C10130,1,6,2016-07-04 00:09:15,2016-09-05 03:27:06
C10131,1,8,2016-07-09 02:45:42,2016-11-19 17:58:05
C10132,1,9,2016-07-09 17:51:52,2016-12-27 16:34:08
C10133,1,5,2016-07-18 17:45:57,2016-12-30 22:53:56
C10134,1,3,2016-09-10 20:25:18,2016-09-13 00:11:49
C10135,1,1,2016-09-22 01:33:37,2016-09-22 01:33:37
C10136,1,2,2016-12-13 18:34:29,2016-12-13 18:36:01
C10137,2,234,2016-07-05 00:07:45,2016-12-31 14:16:30
C10138,1,4,2016-07-07 14:43:01,2016-10-05 15:49:18
C10139,1,281,2016-07-04 11:02:03,2016-12-31 20:53:46
C10140,1,1,2016-12-18 21:56:02,2016-12-18 21:56:02
C10141,1,1,2016-11-24 05:08:19,2016-11-24 05:08:19
C10142,1,4,2016-07-17 16:55:11,2016-07-17 17:10:36
C10143,1,4,2016-07-29 19:59:55,2016-09-12 15:32:14
C10144,1,3,2016-07-18 15:24:44,2016-08-07 04:17:32
C10145,1,2,2016-07-09 13:26:31,2016-09-13 06:25:02
C10146,1,1,2016-11-02 20:48:11,2016-11-02 20:48:11
C10147,1,3,2016-07-18 16:04:58,2016-09-03 17:29:30
C10148,1,10,2016-07-10 22:22:42,2016-12-24 03:15:23
C10149,1,90,2016-07-09 23:27:18,2016-12-31 12:51:44
C10150,1,23,2016-07-16 01:37:48,2016-12-23 00:01:18
C10151,1,2,2016-09-29 16:39:40,2016-10-06 15:43:20
C10152,1,10,2016-07-11 20:26:17,2016-10-12 18:18:02
C10153,1,4,2016-07-09 01:49:12,2016-09-09 20:44:07
C10154,1,2,2016-11-02 14:12:12,2016-11-02 14:34:29
C10155,1,9,2016-07-12 16:09:58,2016-12-09 19:28:23
C10156,1,4,2016-09-02 21:01:09,2016-11-06 00:55:46
C10157,1,3,2016-07-06 18:49:53,2016-09-06 04:06:16
C10158,1,2,2016-07-30 01:28:40,2016-07-30 01:54:06
C10159,1,7,2016-07-15 01:19:18,2016-12-13 19:00:34
C10160,1,6,2016-10-24 20:08:39,2016-12-24 20:39:29
C10161,1,20,2016-07-25 04:44:13,2016-12-17 20:13:55
C10162,1,31,2016-07-06 16:35:15,2016-12-24 21:40:32
C10163,1,66,2016-07-12 21:32:23,2016-12-29 00:48:55
C10164,1,276,2016-07-03 07:03:02,2016-12-28 22:50:16
C10165,1,12,2016-07-18 23:33:02,2016-12-27 04:07:37
C10166,1,1,2016-09-10 23:25:31,2016-09-10 23:25:31
C10167,1,2,2016-07-04 19:33:14,2016-07-04 19:52:22
C10168,1,9,2016-07-10 02:14:04,2016-12-31 17:47:28
C10169,1,2,2016-07-14 01:02:30,2016-10-19 21:17:43
C10170,1,1,2016-09-11 19:09:22,2016-09-11 19:09:22
C10171,1,55,2016-07-09 18:14:41,2016-12-28 21:45:44
C10172,1,1,2016-11-30 14:57:22,2016-11-30 14:57:22
C10173,1,1,2016-07-22 14:05:37,2016-07-22 14:05:37
C10174,1,1,2016-09-19 19:14:45,2016-09-19 19:14:45
C10175,1,5,2016-07-03 22:06:30,2016-10-22 18:59:15
C10176,1,11,2016-07-03 05:17:16,2016-12-19 15:17:33
C10177,1,7,2016-07-10 01:35:54,2016-12-04 14:23:58
C10178,1,19,2016-07-13 17:55:04,2016-12-17 21:00:49
C10179,1,1,2016-07-11 17:47:04,2016-07-11 17:47:04
C10180,1,1,2016-07-22 12:11:10,2016-07-22 12:11:10
C10181,1,7,2016-07-08 01:15:02,2016-12-25 00:32:35
C10182,1,3,2016-08-03 16:51:46,2016-12-18 16:31:42
C10183,1,1,2016-07-10 00:06:44,2016-07-10 00:06:44
C10184,1,20,2016-07-19 00:16:08,2016-12-30 03:54:56
C10185,1,1,2016-07-19 00:55:21,2016-07-19 00:55:21
C10186,1,1,2016-10-11 19:12:37,2016-10-11 19:12:37
C10187,1,29,2016-07-09 16:14:33,2016-12-21 14:32:41
C10188,1,2,2016-08-24 14:53:43,2016-11-01 14:22:06
C10189,1,4,2016-07-22 22:15:23,2016-11-27 19:11:22
C10190,1,23,2016-07-21 01:12:26,2016-12-12 14:51:20
C10191,1,10,2016-08-07 04:35:35,2016-12-25 21:38:43
C10192,1,3,2016-12-09 22:26:14,2016-12-10 16:34:11
C10193,2,348,2016-07-02 00:05:52,2016-12-29 15:18:33
C10194,1,1,2016-10-28 15:25:03,2016-10-28 15:25:03
C10195,1,2,2016-10-16 02:21:51,2016-10-16 02:36:56
C10196,1,6,2016-08-12 21:07:56,2016-12-04 16:39:11
C10197,1,2,2016-08-06 20:40:23,2016-11-17 17:24:55
C10198,1,1,2016-10-31 19:13:25,2016-10-31 19:13:25
C10199,1,6,2016-07-16 16:18:23,2016-07-21 20:39:10
C10200,1,1,2016-10-04 13:35:47,2016-10-04 13:35:47
C10201,1,1,2016-07-22 22:57:23,2016-07-22 22:57:23
C10202,1,2,2016-07-26 19:18:27,2016-08-07 19:15:34
C10203,1,7,2016-07-03 21:56:04,2016-12-24 00:06:57
C10204,1,1,2016-09-22 23:54:27,2016-09-22 23:54:27
C10205,1,53,2016-07-07 19:11:02,2016-12-23 08:14:43
C10206,1,8,2016-07-06 23:36:39,2016-12-19 15:03:04
C10207,1,2,2016-08-10 19:24:20,2016-09-06 20:49:37
C10208,1,2,2016-07-21 16:49:59,2016-11-07 22:41:05
C10209,1,1,2016-09-28 22:52:59,2016-09-28 22:52:59
C10210,1,35,2016-07-12 21:07:07,2016-12-26 13:53:35
C10211,1,1,2016-10-06 18:57:24,2016-10-06 18:57:24
C10212,1,3,2016-07-20 02:02:49,2016-12-22 00:02:24
C10213,1,1,2016-08-05 22:59:36,2016-08-05 22:59:36
C10214,1,3,2016-08-08 15:43:17,2016-11-10 16:03:09
C10215,1,38,2016-07-13 17:58:58,2016-12-28 20:42:40
C10216,1,1,2016-12-08 15:07:13,2016-12-08 15:07:13
C10217,1,1,2016-09-06 21:45:32,2016-09-06 21:45:32
C10218,1,9,2016-07-04 01:00:03,2016-12-29 20:40:03
C10219,1,5,2016-08-03 19:35:31,2016-11-08 23:10:59
C10220,1,6,2016-07-08 00:10:48,2016-10-26 02:05:31
C10221,1,6,2016-07-21 15:16:45,2016-11-18 05:04:20
C10222,1,50,2016-07-03 12:52:48,2016-12-16 00:28:46
C10223,2,138,2016-07-04 02:04:39,2016-12-28 20:35:19
C10224,1,86,2016-07-07 11:26:40,2016-12-28 16:59:19
C10225,1,31,2016-08-11 18:56:10,2016-12-26 23:09:17
C10226,1,6,2016-07-22 23:10:55,2016-12-22 02:15:19
C10227,1,1,2016-07-02 22:57:09,2016-07-02 22:57:09
C10228,1,1,2016-11-29 04:14:29,2016-11-29 04:14:29
C10229,1,10,2016-07-05 00:27:40,2016-12-03 18:57:41
C10230,1,1,2016-08-04 18:20:16,2016-08-04 18:20:16
C10231,1,1,2016-11-29 18:36:59,2016-11-29 18:36:59
C10232,1,6,2016-10-16 21:22:54,2016-12-28 19:40:30
C10233,1,1,2016-11-01 15:13:11,2016-11-01 15:13:11
C10234,2,20,2016-07-02 00:21:16,2016-12-20 19:33:19
C10235,1,4,2016-10-31 19:18:31,2016-11-16 23:29:45
C10236,1,1,2016-08-17 23:37:29,2016-08-17 23:37:29
C10237,1,1,2016-10-18 13:16:12,2016-10-18 13:16:12
C10238,1,63,2016-07-08 16:25:58,2016-12-23 22:49:05
C10239,1,19,2016-07-02 03:47:14,2016-11-28 21:00:33
C10240,1,10,2016-07-30 15:06:38,2016-12-21 23:56:36
C10241,1,1,2016-07-18 01:24:16,2016-07-18 01:24:16
C10242,1,3,2016-07-11 22:09:30,2016-10-17 18:23:09
C10243,1,2,2016-07-20 17:54:11,2016-10-04 15:46:58
C10244,1,7,2016-07-03 03:36:51,2016-11-20 20:28:42
C10245,1,31,2016-07-11 18:26:21,2016-12-29 20:03:21
C10246,1,3,2016-08-01 17:40:05,2016-10-19 16:09:31
C10247,1,1,2016-08-07 18:49:52,2016-08-07 18:49:52
C10248,1,2,2016-07-17 22:12:04,2016-12-14 18:46:18
C10249,1,9,2016-07-23 03:44:51,2016-12-28 17:15:16
C10250,1,8,2016-07-12 20:08:43,2016-10-14 19:53:33
C10251,1,1,2016-07-14 14:33:12,2016-07-14 14:33:12
C10252,1,1,2016-08-28 01:58:05,2016-08-28 01:58:05
C10253,1,130,2016-07-04 19:44:40,2016-12-31 18:17:23
C10254,1,10,2016-07-16 22:11:19,2016-12-19 19:32:19
C10255,2,3,2016-08-31 04:11:06,2016-12-29 23:19:23
C10256,1,6,2016-09-30 03:35:48,2016-12-16 22:23:25
C10257,1,3,2016-07-21 19:56:27,2016-08-06 19:44:14
C10258,1,68,2016-07-12 18:22:47,2016-12-22 00:11:11
C10259,1,9,2016-07-08 16:36:41,2016-10-30 19:00:30
C10260,1,1,2016-11-19 03:38:43,2016-11-19 03:38:43
C10261,1,1,2016-09-29 21:31:20,2016-09-29 21:31:20
C10262,1,1,2016-08-01 01:28:25,2016-08-01 01:28:25
C10263,1,2,2016-08-15 16:52:03,2016-10-16 00:33:21
C10264,1,24,2016-07-05 23:38:38,2016-12-26 21:42:33
C10265,1,4,2016-09-05 00:57:45,2016-12-26 20:10:26
C10266,1,31,2016-07-04 15:45:37,2016-11-24 21:53:05
C10267,1,2,2016-09-30 21:59:00,2016-09-30 22:07:09
C10268,1,1,2016-07-31 00:32:53,2016-07-31 00:32:53
C10269,1,1,2016-10-21 15:44:37,2016-10-21 15:44:37
C10270,1,48,2016-07-02 02:22:06,2016-12-27 19:36:50
C10271,1,1,2016-09-23 21:53:02,2016-09-23 21:53:02
C10272,1,1,2016-11-21 15:51:01,2016-11-21 15:51:01
C10273,1,26,2016-07-14 16:22:39,2016-12-26 21:00:54
C10274,1,4,2016-11-15 19:12:41,2016-11-17 23:25:56
C10275,1,2,2016-08-24 20:52:41,2016-08-25 16:15:47
C10276,1,2,2016-07-23 17:03:29,2016-08-12 22:15:00
C10277,1,1,2016-10-04 21:58:51,2016-10-04 21:58:51
C10278,1,22,2016-07-10 17:46:42,2016-12-31 16:53:53
C10279,1,1,2016-07-03 20:55:33,2016-07-03 20:55:33
C10280,1,1,2016-08-05 16:28:06,2016-08-05 16:28:06
C10281,1,1,2016-07-27 23:28:20,2016-07-27 23:28:20
C10282,1,1,2016-08-18 01:41:25,2016-08-18 01:41:25
C10283,1,6,2016-07-23 15:05:52,2016-12-31 00:48:05
C10284,1,6,2016-07-07 13:40:41,2016-11-03 18:23:51
C10285,1,5,2016-07-20 20:34:24,2016-10-16 01:03:22
C10286,1,1,2016-12-19 00:06:36,2016-12-19 00:06:36
C10287,1,18,2016-07-09 14:13:58,2016-12-14 09:15:04
C10288,1,3,2016-08-23 04:11:11,2016-12-10 18:49:37
C10289,1,1,2016-07-03 17:59:21,2016-07-03 17:59:21
C10290,1,1,2016-10-25 16:34:55,2016-10-25 16:34:55
C10291,1,1,2016-07-10 10:41:38,2016-07-10 10:41:38
C10292,1,23,2016-07-05 03:41:38,2016-12-31 00:31:51
C10293,1,4,2016-07-26 22:31:21,2016-08-03 19:09:27
C10294,1,9,2016-07-14 22:19:28,2016-09-23 20:06:27
C10295,1,44,2016-07-05 19:33:40,2016-12-30 20:00:34
C10296,1,6,2016-07-13 00:27:30,2016-11-25 23:47:34
C10297,1,2,2016-07-25 16:29:49,2016-11-08 20:33:57
C10298,1,10,2016-07-30 04:26:30,2016-11-21 04:00:26
C10299,1,21,2016-07-05 22:44:48,2016-12-28 20:24:45
C10300,1,2,2016-08-23 01:02:05,2016-10-09 01:08:53
C10301,1,1,2016-08-24 13:32:54,2016-08-24 13:32:54
C10302,1,10,2016-07-25 18:45:46,2016-12-21 01:42:47
C10303,1,13,2016-07-05 21:04:31,2016-10-08 17:03:25
C10304,1,6,2016-08-21 00:30:03,2016-12-28 17:26:06
C10305,1,6,2016-07-24 05:34:08,2016-10-14 21:35:48
C10306,1,1,2016-08-26 01:06:40,2016-08-26 01:06:40
C10307,1,8,2016-07-23 22:26:58,2016-11-05 19:20:06
C10308,1,1503,2016-07-04 14:28:54,2016-12-31 17:26:41
C10309,1,14,2016-07-04 21:08:54,2016-08-19 16:02:42
C10310,1,23,2016-07-04 01:03:19,2016-12-30 12:12:12
C10311,1,1,2016-07-26 16:19:57,2016-07-26 16:19:57
C10312,1,1,2016-10-31 22:02:18,2016-10-31 22:02:18
C10313,1,2,2016-07-30 03:06:28,2016-09-29 22:57:29
C10314,1,8,2016-07-06 23:24:36,2016-12-19 19:59:08
C10315,1,2,2016-07-16 15:55:24,2016-07-19 00:13:17
C10316,1,72,2016-07-05 16:18:10,2016-12-28 15:56:41
C10317,1,27,2016-07-11 00:47:21,2016-12-27 03:36:37
C10318,1,3,2016-10-17 13:59:25,2016-11-16 14:35:45
C10319,1,3,2016-07-28 15:41:21,2016-12-15 14:23:29
C10320,1,120,2016-07-02 17:58:58,2016-12-24 22:01:19
C10321,1,1,2016-07-09 22:23:58,2016-07-09 22:23:58
C10322,1,39,2016-07-03 18:40:39,2016-12-28 21:39:46
C10323,1,1,2016-12-23 01:07:24,2016-12-23 01:07:24
C10324,1,7,2016-07-05 21:12:22,2016-12-28 03:46:13
C10325,1,26,2016-07-03 11:55:13,2016-12-30 22:19:27
C10326,1,58,2016-07-03 02:06:49,2016-12-17 22:45:49
C10327,1,14,2016-07-06 13:08:36,2016-11-25 14:27:30
C10328,1,10,2016-09-01 16:24:06,2016-09-20 14:59:14
C10329,1,5,2016-08-05 20:52:30,2016-11-24 21:08:18
C10330,1,3,2016-07-23 01:54:07,2016-07-23 23:43:31
C10331,1,2,2016-07-20 15:54:38,2016-11-08 17:30:53
C10332,1,1,2016-11-15 21:43:29,2016-11-15 21:43:29
C10333,1,104,2016-07-02 00:42:20,2016-12-28 22:23:53
C10334,1,118,2016-07-03 21:44:13,2016-12-26 11:24:38
C10335,1,2,2016-08-20 03:58:03,2016-09-09 04:38:27
C10336,1,1,2016-10-23 20:32:38,2016-10-23 20:32:38
C10337,1,25,2016-07-12 16:59:41,2016-12-21 00:24:13
C10338,1,3,2016-07-12 21:04:27,2016-12-30 14:15:41
C10339,1,2,2016-09-01 04:32:48,2016-12-15 15:29:13
C10340,1,1,2016-09-22 21:34:36,2016-09-22 21:34:36
C10341,1,3,2016-07-22 21:37:32,2016-09-14 23:31:39
C10342,1,1,2016-08-16 23:08:49,2016-08-16 23:08:49
C10343,1,5,2016-07-26 01:24:53,2016-10-03 22:40:04
C10344,2,2714,2016-07-06 01:20:49,2016-12-31 19:01:43
C10345,1,4,2016-07-19 01:00:20,2016-09-04 00:08:43
C10346,1,20,2016-07-19 16:14:55,2016-12-09 12:43:50
C10347,1,2,2016-07-12 23:32:17,2016-10-10 01:27:31
C10348,1,4,2016-09-24 12:22:23,2016-10-24 10:59:15
C10349,1,64,2016-07-04 20:49:33,2016-12-13 15:09:57
C10350,1,173,2016-07-06 12:37:15,2016-12-31 15:40:28
C10351,1,1,2016-11-19 16:04:39,2016-11-19 16:04:39
C10352,1,9,2016-07-08 15:30:37,2016-12-29 22:43:37
C10353,1,2,2016-10-06 14:08:44,2016-10-07 01:23:56
C10354,1,12,2016-07-06 22:36:33,2016-12-16 17:39:49
C10355,1,9,2016-07-27 16:21:30,2016-11-15 20:31:15
C10356,1,13,2016-07-05 19:49:52,2016-12-17 01:20:26
C10357,1,2,2016-07-23 18:57:49,2016-07-25 19:54:37
C10358,1,2,2016-07-25 02:45:40,2016-12-05 16:26:43
C10359,1,4,2016-07-18 18:22:53,2016-12-11 12:15:12
C10360,1,4,2016-07-04 12:13:52,2016-08-27 22:34:38
C10361,2,76,2016-07-06 02:36:38,2016-12-30 20:14:22
C10362,1,1,2016-07-17 21:45:32,2016-07-17 21:45:32
C10363,1,10,2016-09-14 01:36:03,2016-11-17 14:56:49
C10364,1,137,2016-07-02 13:43:30,2016-12-22 17:03:05
C10365,1,49,2016-07-02 22:23:18,2016-12-28 22:06:21
C10366,1,2,2016-07-15 22:09:43,2016-11-07 16:25:57
C10367,1,1,2016-07-25 00:41:06,2016-07-25 00:41:06
C10368,1,1,2016-08-05 20:28:38,2016-08-05 20:28:38
C10369,1,19,2016-07-07 22:00:33,2016-12-25 18:16:53
C10370,1,9,2016-07-14 20:07:19,2016-09-23 13:08:03
C10371,1,4,2016-07-26 20:25:43,2016-12-27 00:12:34
C10372,1,9,2016-07-07 14:57:14,2016-12-10 19:01:52
C10373,1,6,2016-07-24 22:20:11,2016-12-29 17:02:30
C10374,1,40,2016-07-08 16:25:43,2016-12-15 00:58:03
C10375,1,1,2016-07-08 00:20:33,2016-07-08 00:20:33
C10376,1,1,2016-09-05 04:06:18,2016-09-05 04:06:18
C10377,1,4,2016-07-22 00:31:47,2016-11-08 14:51:42
C10378,1,4,2016-07-14 17:34:22,2016-07-15 15:08:25
C10379,1,6,2016-07-14 15:24:04,2016-08-25 01:09:30
C10380,1,5,2016-07-06 02:40:09,2016-12-28 13:56:12
C10381,1,18,2016-07-19 13:49:03,2016-11-10 16:52:27
C10382,1,4,2016-07-05 19:23:18,2016-10-04 21:21:27
C10383,2,707,2016-07-03 01:31:04,2016-12-31 22:35:09
C10384,1,11,2016-08-23 02:09:10,2016-08-26 23:51:18
C10385,1,1,2016-07-03 23:35:56,2016-07-03 23:35:56
C10386,1,41,2016-07-02 20:58:28,2016-12-18 18:11:25
C10387,1,2,2016-07-19 01:45:18,2016-10-09 19:04:54
C10388,1,4,2016-07-21 15:50:12,2016-08-26 22:26:28
C10389,1,1,2016-07-07 15:44:36,2016-07-07 15:44:36
C10390,1,126,2016-07-05 14:14:41,2016-12-30 16:59:23
C10391,1,1,2016-09-26 17:16:39,2016-09-26 17:16:39
C10392,1,1,2016-09-19 22:26:10,2016-09-19 22:26:10
C10393,1,27,2016-07-13 04:46:55,2016-12-10 04:42:54
C10394,1,6,2016-09-09 18:47:49,2016-12-05 18:28:07
C10395,1,19,2016-07-07 05:41:46,2016-12-31 14:20:26
C10396,1,1,2016-07-04 16:19:58,2016-07-04 16:19:58
C10397,1,62,2016-07-02 05:01:39,2016-12-14 20:59:55
C10398,1,10,2016-07-13 19:23:58,2016-12-28 21:05:34
C10399,1,36,2016-07-06 15:56:07,2016-12-23 00:41:03
C10400,1,11,2016-09-14 17:52:19,2016-12-24 17:03:24
C10401,1,56,2016-07-08 21:51:36,2016-12-30 23:00:11
C10402,1,2,2016-07-10 03:03:36,2016-07-14 02:05:19
C10403,1,2,2016-11-18 04:29:51,2016-12-05 00:51:50
C10404,1,6,2016-07-04 14:54:04,2016-12-25 15:13:18
C10405,1,10,2016-07-04 18:40:42,2016-10-30 17:03:43
C10406,1,23,2016-07-04 23:31:58,2016-12-20 05:31:34
C10407,1,2,2016-08-20 17:29:52,2016-11-01 21:01:00
C10408,2,4,2016-08-12 18:52:59,2016-10-11 09:40:55
C10409,1,1,2016-10-20 21:52:00,2016-10-20 21:52:00
C10410,1,2,2016-11-20 15:00:12,2016-11-30 03:07:13
C10411,1,15,2016-07-07 21:53:41,2016-12-13 13:33:08
C10412,1,5,2016-07-18 19:47:55,2016-11-19 15:09:52
C10413,1,3,2016-08-21 20:41:12,2016-12-11 01:58:40
C10414,1,6,2016-07-06 21:51:37,2016-11-18 16:46:00
C10415,1,14,2016-07-21 23:03:01,2016-12-15 16:11:59
C10416,1,1,2016-08-04 03:48:22,2016-08-04 03:48:22
C10417,1,1,2016-09-01 04:45:13,2016-09-01 04:45:13
C10418,1,2,2016-09-21 22:58:35,2016-09-21 23:04:41
C10419,1,14,2016-07-13 23:04:59,2016-12-28 13:24:58
C10420,1,8,2016-07-26 15:04:01,2016-12-21 17:31:58
C10421,1,11,2016-07-28 19:50:14,2016-10-16 23:34:44
C10422,2,178,2016-07-06 17:02:58,2016-12-29 18:28:47
C10423,1,2,2016-07-15 02:59:09,2016-12-18 19:19:44
C10424,1,101,2016-07-04 04:00:43,2016-12-26 22:55:46
C10425,1,1,2016-12-24 16:51:16,2016-12-24 16:51:16
C10426,1,5,2016-07-27 02:15:11,2016-07-28 21:52:08
C10427,1,1,2016-11-22 14:14:03,2016-11-22 14:14:03
C10428,1,1,2016-12-04 19:56:01,2016-12-04 19:56:01
C10429,1,2,2016-07-07 02:14:48,2016-07-16 00:12:11
C10430,1,2,2016-09-12 23:02:02,2016-09-12 23:57:45
C10431,1,1,2016-09-24 17:00:32,2016-09-24 17:00:32
C10432,1,2,2016-09-16 16:44:46,2016-12-09 20:06:53
C10433,1,11,2016-07-03 04:23:16,2016-11-20 20:27:31
C10434,1,36,2016-07-06 23:54:46,2016-12-26 20:09:00
C10435,1,1,2016-07-19 23:03:38,2016-07-19 23:03:38
C10436,1,1,2016-10-26 23:24:53,2016-10-26 23:24:53
C10437,1,4,2016-08-07 15:59:07,2016-12-04 18:08:17
C10438,1,10,2016-09-17 23:53:26,2016-12-25 19:51:10
C10439,1,5,2016-07-14 16:57:24,2016-09-02 15:49:37
C10440,1,88,2016-07-06 02:24:31,2016-12-30 14:38:26
C10441,1,5,2016-08-12 12:43:56,2016-08-12 13:11:48
C10442,1,3,2016-07-17 14:48:39,2016-08-14 12:56:34
C10443,1,3,2016-10-14 18:37:36,2016-10-28 02:01:14
C10444,1,6,2016-07-09 21:32:51,2016-08-11 23:07:40
C10445,1,2,2016-07-24 14:26:47,2016-08-07 23:15:56
C10446,1,3,2016-07-27 10:32:16,2016-12-01 18:53:46
C10447,1,1,2016-11-05 15:13:03,2016-11-05 15:13:03
C10448,1,10,2016-07-18 23:11:08,2016-12-28 16:15:24
C10449,1,2,2016-12-06 15:22:02,2016-12-15 21:41:46
C10450,1,1,2016-07-23 13:09:27,2016-07-23 13:09:27
C10451,1,1,2016-07-06 19:35:31,2016-07-06 19:35:31
C10452,1,2,2016-07-21 23:02:01,2016-12-24 15:23:27
C10453,1,1,2016-07-20 04:44:35,2016-07-20 04:44:35
C10454,1,1,2016-12-07 14:46:42,2016-12-07 14:46:42
C10455,1,8,2016-07-14 18:52:38,2016-09-27 20:21:14
C10456,1,1,2016-08-31 02:07:04,2016-08-31 02:07:04
C10457,1,13,2016-07-05 21:09:33,2016-12-28 11:46:28
C10458,1,1,2016-08-08 23:23:44,2016-08-08 23:23:44
C10459,1,6,2016-07-06 01:52:17,2016-12-22 13:42:58
C10460,1,2,2016-07-24 13:54:35,2016-07-24 19:48:39
C10461,1,2,2016-07-22 12:41:22,2016-08-04 18:48:03
C10462,1,2,2016-08-11 20:46:46,2016-09-01 02:24:28
C10463,1,1,2016-08-28 00:38:48,2016-08-28 00:38:48
C10464,1,1,2016-11-26 23:33:27,2016-11-26 23:33:27
C10465,1,5,2016-07-08 22:43:30,2016-12-22 14:49:28
C10466,2,30,2016-07-13 23:53:28,2016-12-22 17:24:48
C10467,1,1,2016-07-04 00:06:59,2016-07-04 00:06:59
C10468,1,4,2016-07-10 22:19:49,2016-10-12 01:43:32
C10469,1,31,2016-07-03 01:03:50,2016-12-29 15:09:59
C10470,1,6,2016-07-07 03:14:31,2016-10-19 16:10:07
C10471,1,4,2016-08-30 00:25:03,2016-12-13 18:07:54
C10472,1,4,2016-07-13 18:49:40,2016-12-30 15:40:02
C10473,1,1,2016-12-13 14:17:36,2016-12-13 14:17:36
C10474,1,8,2016-07-03 23:39:49,2016-12-15 04:54:59
C10475,1,2,2016-08-15 02:15:57,2016-12-11 04:08:22
C10476,1,40,2016-07-05 16:15:28,2016-12-16 02:24:50
C10477,1,1,2016-10-02 18:14:28,2016-10-02 18:14:28
C10478,1,1,2016-07-23 22:57:41,2016-07-23 22:57:41
C10479,1,1,2016-11-30 18:11:35,2016-11-30 18:11:35
C10480,1,1,2016-07-13 23:51:52,2016-07-13 23:51:52
C10481,1,6,2016-08-12 15:05:35,2016-12-20 18:20:28
C10482,1,2,2016-11-09 14:11:53,2016-11-29 21:26:57
C10483,1,11,2016-07-16 22:40:44,2016-12-24 23:31:55
C10484,1,1,2016-08-08 00:06:49,2016-08-08 00:06:49
C10485,1,3,2016-07-22 04:20:11,2016-09-20 21:21:21
C10486,1,4,2016-08-18 14:40:47,2016-08-18 15:28:01
C10487,1,4,2016-09-25 23:37:24,2016-11-10 00:27:38
C10488,1,2,2016-07-27 16:25:20,2016-09-15 16:31:00
C10489,1,1,2016-10-24 00:33:17,2016-10-24 00:33:17
C10490,1,3,2016-08-27 23:26:26,2016-09-12 21:28:31
C10491,1,1,2016-09-14 19:29:09,2016-09-14 19:29:09
C10492,1,11,2016-08-26 20:16:16,2016-12-18 13:50:13
C10493,1,10,2016-07-11 00:53:54,2016-11-06 19:38:06
C10494,1,1,2016-07-24 16:22:37,2016-07-24 16:22:37
C10495,1,6,2016-07-20 17:25:01,2016-11-22 16:41:57
C10496,1,6,2016-08-16 04:34:37,2016-10-17 18:00:51
C10497,1,5,2016-11-05 21:08:14,2016-12-26 20:55:23
C10498,1,1,2016-07-04 16:52:12,2016-07-04 16:52:12
C10499,1,1,2016-10-12 01:19:16,2016-10-12 01:19:16
C10500,1,9,2016-08-29 03:44:52,2016-12-29 15:34:33
C10501,1,2,2016-07-09 18:44:29,2016-11-23 21:26:16
C10502,1,6,2016-07-05 00:20:19,2016-08-01 04:47:09
C10503,1,2,2016-07-22 21:33:49,2016-07-22 22:02:40
C10504,1,26,2016-07-06 20:02:01,2016-12-30 19:54:56
C10505,1,9,2016-07-10 18:15:18,2016-12-08 18:40:00
C10506,1,13,2016-07-13 12:35:41,2016-12-29 17:47:17
C10507,2,1024,2016-07-03 01:41:15,2016-12-31 19:28:14
C10508,1,1,2016-08-30 01:20:16,2016-08-30 01:20:16
C10509,1,16,2016-07-26 19:55:55,2016-12-21 19:18:14
C10510,1,1,2016-10-27 15:59:16,2016-10-27 15:59:16
C10511,1,2,2016-09-07 11:18:12,2016-09-07 11:30:41
C10512,1,14,2016-07-26 14:43:43,2016-12-18 19:10:34
C10513,1,45,2016-07-12 18:04:22,2016-12-29 20:22:05
C10514,1,3,2016-12-02 22:11:31,2016-12-18 14:28:47
C10515,1,3,2016-07-17 19:02:46,2016-10-16 21:01:46
C10516,1,82,2016-07-02 03:13:27,2016-12-29 12:47:09
C10517,1,1,2016-07-20 17:40:15,2016-07-20 17:40:15
C10518,1,56,2016-07-05 21:31:09,2016-12-31 13:18:01
C10519,1,96,2016-07-05 00:30:43,2016-12-23 22:25:05
C10520,1,19,2016-07-07 06:54:12,2016-12-19 13:57:13
C10521,1,1,2016-10-26 22:12:34,2016-10-26 22:12:34
C10522,1,2,2016-07-28 17:00:20,2016-08-02 20:51:04
C10523,1,1,2016-10-19 14:06:07,2016-10-19 14:06:07
C10524,1,4,2016-08-10 19:51:39,2016-12-26 18:31:34
C10525,1,28,2016-07-09 15:27:19,2016-11-10 16:03:46
C10526,1,4,2016-07-28 15:50:09,2016-08-17 19:35:09
C10527,1,8,2016-08-10 18:16:17,2016-11-07 14:49:21
C10528,1,6,2016-07-26 03:33:14,2016-12-24 06:41:04
C10529,1,16,2016-07-06 18:30:46,2016-12-17 15:38:01
C10530,1,1,2016-07-18 02:56:11,2016-07-18 02:56:11
C10531,1,38,2016-07-09 15:59:06,2016-12-29 17:27:17
C10532,1,2,2016-07-15 16:10:25,2016-07-23 04:16:33
C10533,1,5,2016-10-13 16:07:00,2016-11-23 02:53:02
C10534,1,7,2016-08-16 19:21:57,2016-10-26 03:33:44
C10535,1,4,2016-08-03 18:23:15,2016-08-23 22:54:14
C10536,1,1,2016-10-25 22:00:09,2016-10-25 22:00:09
C10537,1,2,2016-11-14 13:46:53,2016-11-14 13:47:23
C10538,1,1,2016-07-15 23:29:57,2016-07-15 23:29:57
C10539,1,1,2016-09-04 23:43:59,2016-09-04 23:43:59
C10540,1,2,2016-11-10 16:26:44,2016-12-15 16:06:45
C10541,1,6,2016-07-05 16:23:10,2016-10-18 04:23:07
C10542,1,15,2016-07-20 15:44:28,2016-11-30 20:24:22
C10543,1,2,2016-08-12 23:21:29,2016-11-30 22:38:24
C10544,1,1,2016-07-22 04:07:09,2016-07-22 04:07:09
C10545,1,4,2016-09-23 18:16:09,2016-12-18 22:11:05
C10546,1,3,2016-07-05 01:03:25,2016-11-24 00:36:18
C10547,1,2,2016-07-08 02:45:25,2016-10-03 11:27:32
C10548,1,2,2016-07-19 01:30:15,2016-07-20 03:49:44
C10549,1,2,2016-08-19 00:14:46,2016-09-26 15:40:48
C10550,1,1,2016-07-11 19:12:20,2016-07-11 19:12:20
C10551,1,2,2016-08-01 18:04:50,2016-10-09 00:13:02
C10552,2,36,2016-07-08 16:34:27,2016-12-26 05:02:55
C10553,1,682,2016-07-02 05:15:29,2016-12-29 21:49:53
C10554,1,1,2016-07-05 14:58:22,2016-07-05 14:58:22
C10555,1,4,2016-07-25 21:16:18,2016-12-22 16:17:43
C10556,1,2,2016-08-31 04:22:41,2016-11-18 01:44:26
C10557,1,2,2016-11-05 04:54:05,2016-11-19 04:59:54
C10558,1,1,2016-09-01 01:40:04,2016-09-01 01:40:04
C10559,1,240,2016-07-06 09:26:54,2016-12-31 10:39:48
C10560,1,3,2016-07-13 21:02:26,2016-11-29 01:53:06
C10561,1,5,2016-07-14 17:27:38,2016-12-18 20:06:28
C10562,2,35,2016-07-03 01:48:41,2016-12-10 15:07:33
C10563,1,4,2016-08-21 15:07:09,2016-12-02 03:56:42
C10564,1,11,2016-07-29 17:46:02,2016-10-02 16:13:11
C10565,1,4,2016-07-28 19:12:36,2016-11-08 05:02:06
C10566,1,13,2016-07-20 13:17:39,2016-10-18 19:42:30
C10567,1,3,2016-11-06 16:17:58,2016-12-15 13:37:28
C10568,1,532,2016-07-05 20:23:14,2016-12-31 23:40:37
C10569,1,5,2016-07-03 19:26:46,2016-11-14 14:08:45
C10570,1,8,2016-07-03 01:04:04,2016-08-10 23:55:31
C10571,1,1,2016-07-12 19:20:21,2016-07-12 19:20:21
C10572,1,6,2016-07-12 00:03:10,2016-11-27 21:56:00
C10573,1,4,2016-07-08 20:46:24,2016-07-08 21:27:34
C10574,1,67,2016-07-09 14:54:30,2016-12-29 00:18:13
C10575,1,2,2016-07-03 02:03:33,2016-07-04 19:29:51
C10576,1,4,2016-07-12 21:36:53,2016-11-27 10:30:00
C10577,1,8,2016-07-06 04:37:53,2016-10-18 15:02:51
C10578,1,6,2016-07-26 20:58:45,2016-12-16 22:43:50
C10579,1,3,2016-07-22 16:32:03,2016-11-30 21:31:34
C10580,1,1,2016-07-27 17:29:37,2016-07-27 17:29:37
C10581,1,1,2016-12-18 20:42:47,2016-12-18 20:42:47
C10582,1,1,2016-12-05 05:26:17,2016-12-05 05:26:17
C10583,1,4,2016-08-01 21:25:15,2016-12-25 21:06:15
C10584,1,1,2016-11-03 22:22:11,2016-11-03 22:22:11
C10585,2,126,2016-07-02 16:52:34,2016-12-27 01:11:06
C10586,1,2,2016-09-23 20:43:32,2016-09-26 16:49:12
C10587,1,1,2016-09-22 11:16:05,2016-09-22 11:16:05
C10588,1,3,2016-07-20 02:51:32,2016-08-10 02:24:03
C10589,1,2,2016-10-09 21:38:49,2016-10-12 00:29:29
C10590,1,2,2016-07-11 16:14:24,2016-11-27 14:33:03
C10591,1,1,2016-12-08 21:51:23,2016-12-08 21:51:23
C10592,1,2,2016-09-28 03:00:43,2016-12-07 14:52:20
C10593,1,4,2016-07-17 19:00:12,2016-12-04 12:37:16
C10594,1,1,2016-09-18 18:59:15,2016-09-18 18:59:15
C10595,1,1,2016-12-24 21:56:59,2016-12-24 21:56:59
C10596,1,23,2016-07-07 21:24:06,2016-12-07 19:50:48
C10597,1,7,2016-08-05 01:03:47,2016-11-24 19:24:11
C10598,1,1,2016-12-29 21:19:56,2016-12-29 21:19:56
C10599,1,143,2016-07-03 02:04:21,2016-12-28 20:14:33
C10600,1,1,2016-12-12 22:21:50,2016-12-12 22:21:50
C10601,1,217,2016-07-06 03:37:04,2016-12-30 21:58:14
C10602,1,15,2016-07-13 21:19:28,2016-12-28 01:09:50
C10603,1,8,2016-07-14 14:25:00,2016-12-21 22:04:22
C10604,1,2,2016-08-19 16:35:36,2016-08-19 19:05:32
C10605,1,26,2016-07-17 19:40:39,2016-12-14 14:59:50
C10606,1,2,2016-08-30 21:10:37,2016-08-30 21:19:40
C10607,1,1,2016-08-06 18:36:38,2016-08-06 18:36:38
C10608,1,15,2016-08-19 14:57:21,2016-12-31 16:49:42
C10609,1,1,2016-09-13 19:42:59,2016-09-13 19:42:59
C10610,1,1,2016-07-07 16:17:26,2016-07-07 16:17:26
C10611,2,41,2016-07-06 17:10:20,2016-12-30 14:51:45
C10612,1,2,2016-08-02 20:07:33,2016-08-02 20:12:57
C10613,1,5,2016-11-30 20:09:18,2016-12-26 00:00:14
C10614,1,4,2016-07-16 15:25:00,2016-10-04 01:42:26
C10615,1,11,2016-07-09 00:37:36,2016-11-21 16:26:01
C10616,1,2,2016-07-19 13:35:33,2016-07-19 13:47:37
C10617,1,19,2016-07-09 00:38:25,2016-12-20 07:34:15
C10618,1,2,2016-12-04 18:40:51,2016-12-25 03:25:34
C10619,1,1,2016-07-22 23:16:37,2016-07-22 23:16:37
C10620,1,1,2016-08-08 05:48:12,2016-08-08 05:48:12
C10621,1,14,2016-07-07 14:48:38,2016-10-31 05:02:59
C10622,1,9,2016-07-29 02:45:54,2016-11-28 19:43:31
C10623,1,1,2016-07-15 23:07:47,2016-07-15 23:07:47
C10624,1,10,2016-07-07 18:47:30,2016-10-20 17:33:52
C10625,1,5,2016-07-14 23:25:04,2016-12-21 13:29:30
C10626,1,1,2016-07-06 17:05:44,2016-07-06 17:05:44
C10627,1,1,2016-08-01 20:25:45,2016-08-01 20:25:45
C10628,1,1,2016-11-06 09:07:31,2016-11-06 09:07:31
C10629,1,10,2016-07-27 05:15:00,2016-11-19 23:15:45
C10630,1,1,2016-12-19 15:35:47,2016-12-19 15:35:47
C10631,1,16,2016-07-20 16:44:13,2016-12-13 22:55:16
C10632,1,3,2016-07-17 04:33:38,2016-09-28 06:47:28
C10633,1,7,2016-07-07 15:19:58,2016-11-19 23:07:38
C10634,1,3,2016-08-04 19:20:46,2016-08-06 23:50:54
C10635,1,1,2016-07-21 20:32:44,2016-07-21 20:32:44
C10636,1,2,2016-07-15 22:58:10,2016-08-17 19:53:38
C10637,1,32,2016-07-16 15:24:49,2016-12-30 20:42:35
C10638,1,1,2016-09-29 22:56:47,2016-09-29 22:56:47
C10639,1,11,2016-07-10 13:06:21,2016-10-10 04:36:35
C10640,1,1,2016-11-14 18:51:19,2016-11-14 18:51:19
C10641,1,4,2016-07-12 22:40:06,2016-09-17 02:32:01
C10642,1,2,2016-07-11 16:15:44,2016-09-01 18:38:09
C10643,1,3,2016-07-04 19:09:14,2016-12-17 02:47:37
C10644,1,79,2016-07-09 22:49:52,2016-12-26 19:38:52
C10645,1,4,2016-07-26 15:01:07,2016-12-24 00:16:05
C10646,1,1,2016-07-21 23:39:55,2016-07-21 23:39:55
C10647,1,29,2016-07-03 17:14:12,2016-12-26 16:35:02
C10648,1,15,2016-07-10 18:25:47,2016-12-25 21:21:01
C10649,1,1,2016-10-19 19:02:53,2016-10-19 19:02:53
C10650,1,4,2016-09-24 18:03:28,2016-11-18 20:15:30
C10651,2,14,2016-07-11 16:40:14,2016-11-26 15:58:03
C10652,1,3,2016-08-15 19:26:49,2016-09-07 23:50:52
C10653,1,1,2016-08-10 18:48:59,2016-08-10 18:48:59
C10654,1,81,2016-07-05 22:18:37,2016-12-31 21:52:04
C10655,1,4,2016-09-02 16:17:18,2016-10-28 12:05:18
C10656,1,29,2016-07-02 01:33:54,2016-12-27 01:48:26
C10657,1,11,2016-07-26 21:51:56,2016-12-12 20:55:30
C10658,1,1,2016-08-12 03:13:14,2016-08-12 03:13:14
C10659,1,1,2016-07-30 16:03:23,2016-07-30 16:03:23
C10660,1,7,2016-07-11 22:43:30,2016-12-30 16:07:12
C10661,1,128,2016-07-02 14:00:09,2016-12-28 23:06:37
C10662,1,4,2016-08-01 23:52:25,2016-11-09 14:34:29
C10663,1,1,2016-07-24 18:10:48,2016-07-24 18:10:48
C10664,1,9,2016-09-11 20:36:33,2016-10-29 12:53:21
C10665,1,1,2016-07-06 19:33:38,2016-07-06 19:33:38
C10666,1,1,2016-12-06 17:27:06,2016-12-06 17:27:06
C10667,1,9,2016-07-07 19:27:17,2016-12-19 20:51:35
C10668,1,2,2016-08-06 17:03:41,2016-08-12 14:33:38
C10669,1,1,2016-11-12 01:12:32,2016-11-12 01:12:32
C10670,1,2,2016-07-25 11:50:03,2016-11-18 01:49:23
C10671,1,1,2016-08-22 23:11:53,2016-08-22 23:11:53
C10672,1,5,2016-07-18 08:18:45,2016-12-10 06:46:07
C10673,1,3,2016-08-25 21:54:26,2016-12-20 23:38:46
C10674,1,1,2016-07-14 18:11:07,2016-07-14 18:11:07
C10675,1,24,2016-07-07 13:28:00,2016-12-26 18:41:01
C10676,1,1,2016-11-08 18:17:32,2016-11-08 18:17:32
C10677,1,1,2016-08-04 01:48:20,2016-08-04 01:48:20
C10678,1,1,2016-09-02 05:59:14,2016-09-02 05:59:14
C10679,1,88,2016-07-02 00:50:00,2016-12-28 17:56:45
C10680,1,1,2016-12-14 16:32:29,2016-12-14 16:32:29
C10681,1,5,2016-09-05 02:19:28,2016-11-09 23:39:51
C10682,1,1,2016-12-04 02:53:50,2016-12-04 02:53:50
C10683,1,92,2016-07-07 19:59:31,2016-12-30 19:00:08
C10684,1,1,2016-07-24 07:00:18,2016-07-24 07:00:18
C10685,1,14,2016-07-03 21:09:35,2016-12-18 00:53:25
C10686,1,2,2016-07-27 00:23:32,2016-09-30 03:09:57
C10687,1,36,2016-07-02 14:56:03,2016-12-26 15:55:32
C10688,1,1,2016-11-27 18:08:24,2016-11-27 18:08:24
C10689,1,2,2016-10-04 13:56:06,2016-12-17 17:57:46
C10690,1,3,2016-07-18 15:46:55,2016-11-22 22:11:57
C10691,1,1,2016-07-26 23:42:33,2016-07-26 23:42:33
C10692,1,1,2016-07-25 18:45:15,2016-07-25 18:45:15
C10693,1,17,2016-07-14 14:55:30,2016-12-18 21:24:29
C10694,1,1,2016-11-28 21:08:47,2016-11-28 21:08:47
C10695,1,8,2016-07-13 02:11:23,2016-12-25 22:17:06
C10696,1,7,2016-09-13 22:05:27,2016-11-26 23:22:51
C10697,2,17,2016-07-25 22:10:07,2016-12-27 22:22:05
C10698,1,2,2016-12-25 21:24:34,2016-12-25 21:27:25
C10699,1,2,2016-12-19 18:37:03,2016-12-25 00:38:29
C10700,1,5,2016-08-11 20:39:20,2016-11-08 16:50:59
C10701,1,1,2016-12-26 17:56:50,2016-12-26 17:56:50
C10702,1,4,2016-10-12 22:17:59,2016-10-14 14:40:59
C10703,1,1,2016-07-11 01:46:23,2016-07-11 01:46:23
C10704,1,2,2016-12-14 11:15:22,2016-12-16 14:56:44
C10705,1,29,2016-07-11 23:37:26,2016-12-31 14:49:32
C10706,1,11,2016-07-11 01:31:18,2016-11-30 02:34:21
C10707,1,2,2016-09-30 15:36:07,2016-11-05 18:19:21
C10708,1,1,2016-12-07 01:05:57,2016-12-07 01:05:57
C10709,1,7,2016-07-13 16:47:38,2016-12-29 20:41:05
C10710,1,4,2016-10-07 20:56:32,2016-11-29 23:04:09
C10711,1,1,2016-12-12 19:14:30,2016-12-12 19:14:30
C10712,1,6,2016-07-13 16:08:16,2016-12-15 14:20:10
C10713,1,6,2016-07-22 18:37:12,2016-11-15 15:53:49
C10714,1,10,2016-11-03 16:40:01,2016-12-20 19:24:42
C10715,2,760,2016-07-02 15:53:29,2016-12-28 17:43:58
C10716,1,14,2016-07-09 19:54:49,2016-12-05 03:02:50
C10717,1,5,2016-07-06 02:15:39,2016-09-30 16:46:29
C10718,1,4,2016-09-11 19:33:27,2016-10-08 18:19:44
C10719,1,6,2016-07-29 16:43:06,2016-12-11 17:36:42
C10720,1,21,2016-07-07 01:07:28,2016-12-28 11:18:03
C10721,1,1,2016-12-29 22:24:29,2016-12-29 22:24:29
C10722,1,7,2016-08-03 17:49:49,2016-12-14 18:24:42
C10723,1,3,2016-07-09 00:36:05,2016-09-02 14:12:10
C10724,1,23,2016-07-31 03:23:29,2016-12-24 13:12:41
C10725,1,16,2016-07-03 15:57:11,2016-12-20 17:11:06
C10726,1,1,2016-12-21 22:45:22,2016-12-21 22:45:22
C10727,1,1,2016-10-17 00:16:15,2016-10-17 00:16:15
C10728,1,26,2016-07-13 20:36:04,2016-12-26 18:59:44
C10729,1,1,2016-12-14 17:23:16,2016-12-14 17:23:16
C10730,1,3,2016-07-27 01:37:35,2016-09-15 01:41:42
C10731,1,1,2016-12-05 21:08:48,2016-12-05 21:08:48
C10732,1,4,2016-09-18 18:47:23,2016-09-18 19:58:57
C10733,1,1,2016-08-18 22:36:05,2016-08-18 22:36:05
C10734,1,21,2016-07-09 21:50:58,2016-12-11 01:07:32
C10735,1,1,2016-09-15 23:58:13,2016-09-15 23:58:13
C10736,1,8,2016-07-09 20:28:27,2016-12-08 16:19:53
C10737,1,1,2016-07-06 14:12:19,2016-07-06 14:12:19
C10738,1,6,2016-07-08 21:16:27,2016-10-31 17:30:42
C10739,1,1,2016-12-15 21:11:31,2016-12-15 21:11:31
C10740,1,2,2016-07-07 19:31:36,2016-07-24 02:47:22
C10741,1,2,2016-07-19 21:05:42,2016-10-13 18:00:11
C10742,1,12,2016-07-27 06:42:10,2016-12-18 23:59:54
C10743,1,1,2016-08-27 20:09:31,2016-08-27 20:09:31
C10744,1,5,2016-09-04 12:42:14,2016-11-11 00:32:41
C10745,1,296,2016-07-02 00:39:41,2016-12-28 16:25:24
C10746,1,4,2016-09-02 14:14:04,2016-10-06 22:01:28
C10747,1,5,2016-07-21 16:55:21,2016-10-02 02:05:59
C10748,1,6,2016-07-22 15:31:58,2016-11-27 21:38:40
C10749,1,4,2016-07-13 16:15:27,2016-07-28 21:43:24
C10750,1,1,2016-12-28 16:48:49,2016-12-28 16:48:49
C10751,1,54,2016-07-07 01:53:27,2016-12-17 21:38:39
C10752,1,16,2016-07-02 20:32:11,2016-12-18 00:17:26
C10753,1,5,2016-07-07 18:08:41,2016-10-05 21:08:36
C10754,1,4,2016-07-24 17:16:10,2016-07-24 17:41:25
C10755,1,63,2016-07-02 01:55:35,2016-12-23 20:05:44
C10756,1,5,2016-07-03 23:48:02,2016-07-27 00:18:23
C10757,2,380,2016-07-04 01:04:02,2016-12-31 19:32:19
C10758,1,1,2016-10-15 22:17:43,2016-10-15 22:17:43
C10759,1,20,2016-07-07 14:59:07,2016-12-23 12:35:16
C10760,2,421,2016-07-02 20:14:38,2016-12-30 21:47:39
C10761,1,3,2016-07-15 14:39:39,2016-10-19 12:57:18
C10762,1,3,2016-10-31 18:51:40,2016-10-31 20:38:57
C10763,1,4,2016-10-01 20:38:44,2016-10-01 21:07:10
C10764,1,2,2016-10-17 14:37:29,2016-10-17 14:50:50
C10765,1,4,2016-08-08 16:35:58,2016-08-08 17:13:22
C10766,1,5,2016-07-14 02:42:31,2016-07-26 16:31:31
C10767,1,2,2016-07-24 17:12:55,2016-07-24 17:19:56
C10768,1,4,2016-07-10 23:08:56,2016-10-17 11:38:49
C10769,1,44,2016-07-03 20:19:29,2016-12-25 16:52:15
C10770,1,12,2016-08-15 18:29:04,2016-12-24 21:16:07
C10771,1,7,2016-07-19 19:31:22,2016-11-20 02:36:47
C10772,1,1,2016-07-05 18:07:02,2016-07-05 18:07:02
C10773,1,19,2016-07-04 07:39:36,2016-12-26 22:30:24
C10774,1,3,2016-07-19 14:05:03,2016-12-22 02:51:54
C10775,1,4,2016-09-06 22:19:35,2016-11-22 16:50:31
C10776,1,7,2016-07-19 00:29:36,2016-12-25 15:55:06
C10777,1,40,2016-07-11 18:31:15,2016-12-24 13:10:57
C10778,1,16,2016-07-02 04:48:30,2016-12-04 15:23:40
C10779,1,17,2016-07-11 21:33:54,2016-12-03 23:30:27
C10780,1,1,2016-09-20 00:07:43,2016-09-20 00:07:43
C10781,1,8,2016-07-10 00:15:27,2016-12-12 19:24:44
C10782,1,4,2016-10-23 19:55:01,2016-11-26 13:23:24
C10783,1,11,2016-07-06 22:40:31,2016-12-19 00:54:00
C10784,1,7,2016-09-17 22:08:25,2016-11-22 19:51:22
C10785,1,5,2016-09-22 14:59:45,2016-12-07 16:32:23
C10786,1,12,2016-07-04 16:07:53,2016-12-24 02:39:26
C10787,1,14,2016-07-27 04:37:36,2016-12-18 16:11:37
C10788,1,2,2016-07-11 20:40:24,2016-07-14 02:58:23
C10789,2,5,2016-07-16 02:57:08,2016-12-07 15:26:35
C10790,1,1,2016-07-17 22:43:13,2016-07-17 22:43:13
C10791,1,2,2016-12-09 17:02:54,2016-12-11 21:15:19
C10792,1,3,2016-07-16 19:32:49,2016-07-16 19:43:21
C10793,1,2,2016-07-26 18:30:22,2016-09-06 14:28:32
C10794,1,3,2016-07-07 23:37:12,2016-08-21 19:51:55
C10795,1,2,2016-08-31 15:22:55,2016-11-10 02:01:23
C10796,1,1,2016-12-01 15:06:52,2016-12-01 15:06:52
C10797,1,1,2016-08-30 18:26:04,2016-08-30 18:26:04
C10798,1,12,2016-07-12 15:12:31,2016-11-01 22:44:47
C10799,1,91,2016-07-05 07:41:57,2016-12-31 00:25:15
C10800,1,12,2016-07-02 14:53:12,2016-12-27 13:03:36
C10801,1,1,2016-10-22 16:06:04,2016-10-22 16:06:04
C10802,1,1,2016-08-06 01:27:52,2016-08-06 01:27:52
C10803,1,16,2016-08-10 20:15:28,2016-12-29 16:24:43
C10804,1,12,2016-07-10 11:58:42,2016-11-13 08:01:30
C10805,1,1,2016-07-11 01:27:53,2016-07-11 01:27:53
C10806,1,7,2016-10-31 23:55:09,2016-11-10 15:13:09
C10807,1,2,2016-08-02 01:22:21,2016-10-10 22:24:00
C10808,1,5,2016-07-23 16:38:46,2016-09-30 21:57:43
C10809,1,39,2016-07-09 01:18:07,2016-12-28 23:19:51
C10810,1,3,2016-08-30 16:59:40,2016-12-27 18:22:05
C10811,1,39,2016-07-10 15:33:29,2016-12-30 20:21:04
C10812,1,37,2016-07-06 02:09:42,2016-12-26 22:58:36
C10813,1,1,2016-07-20 15:10:26,2016-07-20 15:10:26
C10814,2,109,2016-07-07 17:01:22,2016-12-29 14:42:16
C10815,1,3,2016-07-21 21:22:03,2016-10-21 23:09:29
C10816,1,1,2016-12-26 18:34:32,2016-12-26 18:34:32
C10817,1,6,2016-07-21 13:06:13,2016-10-13 16:04:13
C10818,1,2,2016-11-10 19:18:05,2016-11-10 19:26:45
C10819,1,1,2016-11-02 19:05:29,2016-11-02 19:05:29
C10820,1,1,2016-07-05 00:37:55,2016-07-05 00:37:55
C10821,1,20,2016-07-08 00:23:32,2016-12-25 17:50:49
C10822,1,1,2016-08-07 17:08:34,2016-08-07 17:08:34
C10823,1,3,2016-08-23 14:02:25,2016-08-28 02:07:48
C10824,1,4,2016-07-13 03:04:15,2016-07-29 05:07:52
C10825,1,15,2016-07-15 20:07:42,2016-11-30 16:33:17
C10826,1,13,2016-07-06 05:42:49,2016-12-22 02:12:26
C10827,1,8,2016-07-05 16:36:42,2016-10-08 19:29:57
C10828,1,1,2016-08-04 19:29:35,2016-08-04 19:29:35
C10829,1,26,2016-07-12 07:00:51,2016-12-26 19:26:30
C10830,1,2,2016-07-24 18:14:38,2016-07-24 18:14:52
C10831,1,2,2016-09-09 16:50:33,2016-11-26 16:59:42
C10832,1,1,2016-07-29 15:59:30,2016-07-29 15:59:30
C10833,1,6,2016-07-25 02:27:58,2016-10-24 20:45:21
C10834,1,3,2016-07-12 15:13:57,2016-08-26 23:55:14
C10835,2,143,2016-07-05 02:41:07,2016-12-31 20:33:10
C10836,1,1,2016-08-06 22:10:47,2016-08-06 22:10:47
C10837,2,356,2016-07-06 06:30:58,2016-12-31 16:00:34
C10838,1,4,2016-07-17 03:48:45,2016-12-10 12:54:15
C10839,1,10,2016-07-28 15:19:44,2016-12-18 23:56:36
C10840,1,7,2016-07-10 00:09:16,2016-10-23 18:49:03
C10841,1,5,2016-08-13 15:40:17,2016-10-17 14:09:14
C10842,1,32,2016-07-12 05:00:25,2016-12-31 05:54:04
C10843,1,65,2016-07-06 17:59:56,2016-12-25 23:27:32
C10844,1,6,2016-10-10 15:56:55,2016-12-21 01:17:33
C10845,1,3,2016-07-08 14:28:13,2016-07-08 14:45:35
C10846,2,10,2016-07-27 21:09:42,2016-12-26 15:59:06
C10847,1,7,2016-08-30 21:58:34,2016-12-11 21:05:41
C10848,1,5,2016-07-24 21:02:39,2016-11-29 16:51:54
C10849,1,4,2016-07-03 01:14:23,2016-10-22 17:38:41
C10850,1,10,2016-07-24 18:28:30,2016-12-29 14:23:06
C10851,1,10,2016-07-27 21:02:22,2016-12-28 21:26:35
C10852,1,213,2016-07-02 02:35:54,2016-12-28 16:22:41
C10853,1,12,2016-08-11 01:03:33,2016-12-31 01:50:44
C10854,1,1,2016-10-25 01:22:04,2016-10-25 01:22:04
C10855,1,27,2016-07-14 14:13:21,2016-12-27 19:28:20
C10856,1,1,2016-08-10 01:13:44,2016-08-10 01:13:44
C10857,1,1,2016-07-11 00:20:15,2016-07-11 00:20:15
C10858,1,11,2016-07-18 19:20:23,2016-12-26 03:18:09
C10859,1,10,2016-07-06 00:15:38,2016-12-02 22:21:17
C10860,1,4,2016-09-17 19:33:15,2016-10-25 22:05:43
C10861,1,22,2016-07-03 14:49:09,2016-11-10 23:58:30
C10862,1,37,2016-07-09 19:27:20,2016-12-29 17:07:29
C10863,1,7,2016-08-15 22:32:54,2016-12-26 16:22:30
C10864,1,1,2016-10-07 00:43:15,2016-10-07 00:43:15
C10865,1,4,2016-07-14 12:10:16,2016-10-01 01:40:00
C10866,1,6,2016-08-28 03:35:35,2016-10-27 01:55:06
C10867,2,1383,2016-07-02 02:35:00,2016-12-28 22:39:04
C10868,1,8,2016-11-11 01:13:41,2016-11-19 02:52:20
C10869,1,2,2016-07-06 01:32:50,2016-10-05 17:29:48
C10870,1,31,2016-07-11 14:57:08,2016-12-09 11:28:24
C10871,1,13,2016-07-10 02:38:43,2016-12-16 17:52:08
C10872,1,1,2016-07-18 02:52:01,2016-07-18 02:52:01
C10873,1,75,2016-07-02 20:50:12,2016-12-29 10:04:43
C10874,1,2,2016-08-25 19:38:18,2016-08-25 23:26:00
C10875,1,17,2016-07-09 01:57:31,2016-12-03 15:41:52
C10876,1,1,2016-12-14 18:38:26,2016-12-14 18:38:26
C10877,1,3,2016-10-18 13:59:31,2016-10-22 23:39:02
C10878,1,3,2016-07-20 16:32:05,2016-07-20 16:37:12
C10879,1,27,2016-07-09 17:03:22,2016-12-18 01:12:32
C10880,1,13,2016-07-07 16:23:24,2016-08-20 14:11:10
C10881,1,20,2016-07-31 20:40:07,2016-12-25 20:50:38
C10882,1,1,2016-10-26 01:33:57,2016-10-26 01:33:57
C10883,1,9,2016-07-13 03:25:11,2016-12-23 01:29:11
C10884,1,7,2016-07-03 23:27:06,2016-12-20 23:23:12
C10885,1,3,2016-07-14 14:20:40,2016-08-06 00:00:15
C10886,1,33,2016-07-05 20:38:46,2016-12-26 15:29:32
C10887,1,2,2016-10-03 21:33:12,2016-12-10 13:51:09
C10888,1,9,2016-07-19 19:56:47,2016-12-26 00:58:07
C10889,1,48,2016-07-08 21:39:26,2016-12-27 17:37:18
C10890,1,65,2016-07-10 19:24:07,2016-12-29 17:33:33
C10891,1,1,2016-07-26 15:14:42,2016-07-26 15:14:42
C10892,2,101,2016-07-05 00:10:36,2016-12-26 23:47:46
C10893,1,9,2016-07-07 00:03:24,2016-12-17 03:44:40
C10894,1,2,2016-07-07 17:44:27,2016-12-13 01:13:52
C10895,1,1,2016-09-01 00:00:45,2016-09-01 00:00:45
C10896,1,1,2016-07-13 20:26:21,2016-07-13 20:26:21
C10897,1,4,2016-07-18 14:31:31,2016-11-04 14:28:23
C10898,1,10,2016-07-15 19:38:16,2016-12-29 19:51:35
C10899,1,127,2016-07-06 06:06:02,2016-12-29 23:21:18
C10900,1,35,2016-07-02 18:02:09,2016-12-23 20:26:28
C10901,1,1,2016-12-01 20:04:55,2016-12-01 20:04:55
C10902,1,5,2016-07-03 23:35:06,2016-11-03 10:30:40
C10903,1,2,2016-08-14 17:56:09,2016-09-30 03:25:04
C10904,1,11,2016-09-30 05:51:30,2016-12-19 01:42:21
C10905,1,3,2016-07-03 21:57:18,2016-07-21 20:16:00
C10906,1,514,2016-07-02 00:35:03,2016-12-28 19:11:29
C10907,1,1,2016-07-04 07:24:39,2016-07-04 07:24:39
C10908,1,4,2016-07-19 16:24:27,2016-07-28 19:20:06
C10909,1,2,2016-12-12 13:33:43,2016-12-16 01:25:19
C10910,1,4,2016-07-22 04:25:51,2016-10-05 16:41:49
C10911,1,11,2016-07-02 11:53:32,2016-12-24 01:52:05
C10912,2,6,2016-09-07 18:29:23,2016-12-12 00:37:10
C10913,1,4,2016-10-15 01:14:04,2016-12-28 22:14:07
C10914,1,2,2016-09-29 22:01:20,2016-10-19 23:53:02
C10915,1,57,2016-07-02 19:44:47,2016-12-22 11:46:41
C10916,1,6,2016-07-04 17:27:43,2016-12-16 05:19:26
C10917,1,5,2016-08-19 15:28:46,2016-08-20 18:29:11
C10918,1,5,2016-07-10 14:58:15,2016-07-28 21:25:25
C10919,1,8,2016-07-07 21:29:19,2016-12-30 13:42:09
C10920,1,8,2016-08-20 17:56:29,2016-12-17 16:51:41
C10921,1,2,2016-07-13 12:55:48,2016-09-12 04:48:43
C10922,2,56,2016-07-02 23:29:27,2016-12-18 16:24:33
C10923,1,3,2016-07-06 01:42:51,2016-10-18 23:24:16
C10924,2,337,2016-07-03 05:44:53,2016-12-31 04:45:53
C10925,1,8,2016-07-06 20:55:23,2016-11-17 21:34:32
C10926,1,5,2016-07-26 20:16:08,2016-11-16 00:28:14
C10927,1,1,2016-07-03 02:15:01,2016-07-03 02:15:01
C10928,1,1,2016-09-15 04:22:30,2016-09-15 04:22:30
C10929,1,7,2016-07-14 17:21:42,2016-07-14 18:02:16
C10930,2,96,2016-07-05 22:11:25,2016-12-25 22:15:01
C10931,1,3,2016-08-20 17:27:20,2016-12-29 20:06:43
C10932,1,8,2016-07-06 13:30:40,2016-12-19 11:20:40
C10933,1,56,2016-07-04 00:59:44,2016-12-31 20:07:49
C10934,1,34,2016-07-12 23:44:16,2016-12-21 14:36:39
C10935,1,41,2016-07-07 13:34:32,2016-12-28 19:55:46
C10936,1,28,2016-07-04 00:46:59,2016-12-26 16:51:21
C10937,1,1,2016-12-26 01:53:08,2016-12-26 01:53:08
C10938,1,4,2016-07-12 05:11:15,2016-12-30 13:50:24
C10939,1,1,2016-07-22 18:49:24,2016-07-22 18:49:24
C10940,1,3,2016-08-23 22:38:35,2016-11-19 00:03:05
C10941,1,1,2016-07-06 22:30:19,2016-07-06 22:30:19
C10942,2,15,2016-07-20 17:27:42,2016-11-02 14:06:19
C10943,1,1,2016-09-05 23:56:37,2016-09-05 23:56:37
C10944,1,2,2016-08-03 17:30:17,2016-11-25 18:35:42
C10945,1,5,2016-07-24 14:57:55,2016-11-18 16:00:36
C10946,1,1,2016-07-02 21:26:53,2016-07-02 21:26:53
C10947,1,9,2016-07-08 14:05:42,2016-12-21 15:05:29
C10948,1,3,2016-07-12 14:01:56,2016-11-22 20:33:54
C10949,1,25,2016-07-02 23:25:25,2016-12-23 21:36:11
C10950,1,1,2016-08-18 20:58:38,2016-08-18 20:58:38
C10951,1,7,2016-07-27 23:05:22,2016-12-27 11:31:38
C10952,1,2,2016-12-24 00:05:04,2016-12-24 18:14:05
C10953,1,22,2016-07-05 11:59:53,2016-12-30 21:08:07
C10954,1,1,2016-12-24 18:03:16,2016-12-24 18:03:16
C10955,2,396,2016-07-02 03:11:38,2016-12-29 18:07:08
C10956,1,1,2016-07-23 16:52:43,2016-07-23 16:52:43
C10957,2,220,2016-07-04 20:52:40,2016-12-31 18:56:59
C10958,1,1,2016-07-28 16:31:52,2016-07-28 16:31:52
C10959,1,13,2016-08-26 20:27:38,2016-12-05 19:59:58
C10960,1,2,2016-09-08 03:09:32,2016-11-15 23:40:05
C10961,1,2,2016-09-23 23:41:30,2016-09-24 00:42:59
C10962,1,48,2016-07-06 16:54:13,2016-12-30 20:56:21
C10963,1,1,2016-07-15 00:27:42,2016-07-15 00:27:42
C10964,1,23,2016-07-09 14:00:39,2016-12-22 21:05:33
C10965,1,16,2016-07-04 17:08:29,2016-12-16 00:44:58
C10966,1,5,2016-07-09 20:55:53,2016-11-17 17:58:37
C10967,2,61,2016-07-10 22:36:29,2016-12-30 16:35:34
C10968,1,10,2016-07-03 01:14:09,2016-12-16 18:35:35
C10969,1,3,2016-07-14 07:18:04,2016-12-24 23:44:34
C10970,1,17,2016-07-17 14:02:19,2016-09-29 23:24:07
C10971,1,14,2016-07-09 21:02:00,2016-10-28 05:38:29
C10972,1,1,2016-09-24 14:18:27,2016-09-24 14:18:27
C10973,1,1,2016-12-06 20:19:16,2016-12-06 20:19:16
C10974,1,23,2016-07-03 15:38:55,2016-12-24 23:20:52
C10975,1,1,2016-07-17 02:47:24,2016-07-17 02:47:24
C10976,1,1,2016-09-20 19:46:24,2016-09-20 19:46:24
C10977,1,5,2016-07-29 05:07:14,2016-12-17 04:08:32
C10978,1,5,2016-10-07 21:00:11,2016-11-28 23:41:06
C10979,1,1,2016-10-30 16:22:51,2016-10-30 16:22:51
C10980,1,4,2016-08-29 00:30:33,2016-10-08 17:37:14
C10981,1,11,2016-07-06 23:30:44,2016-12-12 12:56:19
C10982,1,1,2016-07-23 20:58:12,2016-07-23 20:58:12
C10983,1,19,2016-07-09 04:12:45,2016-12-18 05:23:50
C10984,1,9,2016-07-14 16:09:08,2016-12-25 03:07:14
C10985,1,1,2016-09-26 17:45:54,2016-09-26 17:45:54
C10986,2,560,2016-07-06 15:22:54,2016-12-31 15:34:31
C10987,1,4,2016-09-07 16:51:48,2016-12-04 19:51:48
C10988,1,7,2016-07-07 11:37:07,2016-12-07 18:25:02
C10989,1,4,2016-07-13 22:17:37,2016-11-19 22:18:46
C10990,1,36,2016-07-08 15:14:48,2016-12-31 22:17:34
C10991,1,4,2016-08-16 22:18:44,2016-12-04 19:31:19
C10992,1,14,2016-07-03 19:33:06,2016-11-25 02:58:25
C10993,1,18,2016-07-05 22:20:21,2016-12-24 21:01:45
C10994,1,12,2016-07-12 23:14:19,2016-12-19 01:27:26
C10995,1,7,2016-07-28 02:36:59,2016-09-06 19:28:15
C10996,2,20,2016-07-18 22:09:32,2016-12-30 05:04:59
C10997,1,1,2016-07-30 00:31:52,2016-07-30 00:31:52
C10998,1,11,2016-07-02 23:42:47,2016-10-29 19:22:41
C10999,1,5,2016-07-07 14:53:39,2016-12-05 19:55:23
C11000,2,3748,2016-07-02 00:48:57,2016-12-28 23:49:42
C11001,1,11,2016-07-12 21:06:53,2016-12-07 17:14:11
C11002,1,1,2016-09-23 13:39:28,2016-09-23 13:39:28
C11003,2,72,2016-07-06 20:09:36,2016-12-31 16:18:10
C11004,1,11,2016-07-20 18:50:20,2016-12-22 20:09:52
C11005,1,87,2016-07-02 16:45:01,2016-12-29 21:29:25
C11006,1,2,2016-09-13 14:41:08,2016-09-13 14:47:00
C11007,1,9,2016-07-20 01:24:19,2016-12-12 18:07:42
C11008,1,114,2016-07-07 22:18:19,2016-12-31 20:35:48
C11009,1,9,2016-08-22 20:03:00,2016-11-21 18:45:55
C11010,1,254,2016-07-03 02:01:22,2016-12-31 02:44:21
C11011,1,18,2016-07-14 21:51:46,2016-10-17 04:12:52
C11012,1,1,2016-11-16 03:27:45,2016-11-16 03:27:45
C11013,1,24,2016-07-12 17:33:46,2016-12-31 17:03:16
C11014,1,243,2016-07-03 13:02:51,2016-12-31 20:44:46
C11015,1,1,2016-07-07 11:48:20,2016-07-07 11:48:20
C11016,1,1,2016-10-26 15:33:36,2016-10-26 15:33:36
C11017,1,3,2016-12-10 21:22:32,2016-12-16 21:36:33
C11018,1,1,2016-08-14 03:07:18,2016-08-14 03:07:18
C11019,2,162,2016-07-04 14:59:36,2016-12-31 22:42:44
C11020,1,1,2016-08-31 19:30:54,2016-08-31 19:30:54
C11021,1,3,2016-09-28 17:11:08,2016-10-20 21:26:40
C11022,1,1,2016-11-16 23:34:24,2016-11-16 23:34:24
C11023,1,2,2016-10-06 23:05:17,2016-12-29 00:48:05
C11024,1,16,2016-07-13 02:17:51,2016-11-20 19:31:55
C11025,1,1,2016-07-25 23:30:59,2016-07-25 23:30:59
C11026,1,7,2016-07-09 17:34:46,2016-10-06 23:16:29
C11027,1,2,2016-09-24 16:17:56,2016-11-01 19:06:58
C11028,1,7,2016-07-17 21:00:48,2016-12-27 19:31:31
C11029,1,5,2016-07-06 17:25:31,2016-12-17 17:12:42
C11030,1,3,2016-08-22 15:33:22,2016-09-06 22:50:51
C11031,2,1964,2016-07-04 08:36:02,2016-12-31 23:27:44
C11032,2,211,2016-07-05 20:09:23,2016-12-31 20:32:10
C11033,1,2,2016-07-21 03:06:22,2016-11-06 02:13:58
C11034,1,3,2016-07-20 19:06:32,2016-08-05 22:54:57
C11035,1,32,2016-07-06 18:43:04,2016-12-20 18:04:38
C11036,1,2,2016-08-20 12:43:20,2016-11-19 23:49:41
C11037,1,28,2016-07-16 14:52:02,2016-12-28 18:15:08
C11038,1,1,2016-10-11 01:21:28,2016-10-11 01:21:28
C11039,2,9,2016-08-20 19:21:36,2016-12-25 22:18:38
C11040,1,6,2016-09-03 15:07:03,2016-12-01 20:01:19
C11041,1,284,2016-07-03 18:57:42,2016-12-31 00:36:16
C11042,1,1,2016-10-24 21:23:47,2016-10-24 21:23:47
C11043,1,1,2016-11-25 19:01:39,2016-11-25 19:01:39
C11044,1,8,2016-07-16 18:21:09,2016-10-09 20:15:08
C11045,1,3,2016-07-03 00:54:06,2016-09-20 13:00:55
C11046,1,1,2016-11-19 16:44:13,2016-11-19 16:44:13
C11047,1,22,2016-07-05 15:39:38,2016-12-17 14:58:46
C11048,1,1,2016-07-26 21:20:08,2016-07-26 21:20:08
C11049,1,1,2016-07-05 23:58:31,2016-07-05 23:58:31
C11050,1,13,2016-07-17 19:19:51,2016-12-21 02:37:32
C11051,1,1,2016-10-06 22:19:18,2016-10-06 22:19:18
C11052,1,5,2016-09-24 20:57:10,2016-11-17 18:52:00
C11053,1,10,2016-08-02 15:51:04,2016-11-09 03:09:57
C11054,1,5,2016-10-03 02:41:03,2016-12-29 11:54:13
C11055,1,11,2016-07-19 13:37:13,2016-10-27 13:11:33
C11056,1,1,2016-07-24 19:01:27,2016-07-24 19:01:27
C11057,1,1,2016-11-30 13:54:35,2016-11-30 13:54:35
C11058,1,1,2016-10-14 17:45:59,2016-10-14 17:45:59
C11059,1,74,2016-07-02 16:47:31,2016-12-28 16:13:15
C11060,1,2,2016-08-29 02:26:01,2016-11-16 20:24:11
C11061,1,22,2016-07-02 14:42:24,2016-11-25 01:13:06
C11062,1,47,2016-07-06 03:45:20,2016-12-24 21:19:40
C11063,1,1,2016-08-07 04:34:50,2016-08-07 04:34:50
C11064,1,6,2016-08-30 01:54:23,2016-12-31 00:01:11
C11065,1,67,2016-07-18 03:39:30,2016-12-26 15:44:08
C11066,1,1,2016-10-04 18:50:48,2016-10-04 18:50:48
C11067,1,1,2016-12-19 03:56:40,2016-12-19 03:56:40
C11068,1,38,2016-07-11 00:58:05,2016-12-24 03:44:20
C11069,1,2,2016-07-04 18:52:25,2016-08-11 22:22:58
C11070,1,3,2016-09-19 14:47:49,2016-10-27 23:46:17
C11071,1,4,2016-07-13 05:17:30,2016-12-23 14:03:53
C11072,1,1,2016-10-11 21:14:09,2016-10-11 21:14:09
C11073,1,24,2016-07-03 22:17:28,2016-12-24 19:43:17
C11074,1,1,2016-12-15 03:40:24,2016-12-15 03:40:24
C11075,1,2,2016-08-06 06:14:09,2016-08-09 00:54:23
C11076,1,31,2016-07-08 14:50:41,2016-12-28 21:12:45
C11077,1,1,2016-08-02 17:47:51,2016-08-02 17:47:51
C11078,1,4,2016-07-27 21:43:21,2016-10-24 21:36:12
C11079,1,1,2016-12-08 20:10:00,2016-12-08 20:10:00
C11080,1,16,2016-07-03 20:40:10,2016-12-27 07:51:47
C11081,1,2,2016-11-30 15:59:40,2016-12-01 00:13:48
C11082,1,45,2016-07-02 15:24:27,2016-12-28 17:35:13
C11083,1,25,2016-07-26 15:23:19,2016-12-31 17:05:11
C11084,1,3,2016-07-23 03:40:02,2016-09-13 02:13:00
C11085,1,29,2016-07-04 18:19:01,2016-12-21 22:47:18
C11086,1,8,2016-07-17 14:41:04,2016-11-01 08:01:04
C11087,1,1,2016-08-01 15:13:27,2016-08-01 15:13:27
C11088,1,2,2016-08-06 03:22:22,2016-12-07 21:28:14
C11089,1,8,2016-07-22 20:58:12,2016-12-18 16:36:12
C11090,1,1,2016-10-13 18:00:04,2016-10-13 18:00:04
C11091,1,3,2016-07-06 03:29:24,2016-10-31 21:53:40
C11092,2,329,2016-07-05 12:23:28,2016-12-31 22:34:37
C11093,1,1,2016-11-10 21:35:31,2016-11-10 21:35:31
C11094,1,5,2016-08-27 03:41:22,2016-10-21 18:12:22
C11095,1,7,2016-07-06 04:09:43,2016-12-31 16:41:41
C11096,1,1,2016-07-31 05:15:41,2016-07-31 05:15:41
C11097,1,18,2016-07-14 00:13:07,2016-10-17 07:13:43
C11098,1,53,2016-07-10 18:06:43,2016-12-30 03:14:53
C11099,1,2,2016-07-26 05:01:28,2016-12-20 00:57:54
C11100,1,1,2016-07-21 18:01:37,2016-07-21 18:01:37
C11101,1,5,2016-07-08 17:07:29,2016-11-22 17:01:58
C11102,1,66,2016-07-07 02:18:30,2016-12-29 00:45:51
C11103,1,1,2016-07-08 22:22:14,2016-07-08 22:22:14
C11104,1,1,2016-10-22 18:46:26,2016-10-22 18:46:26
C11105,1,2,2016-08-31 08:45:51,2016-10-05 13:31:55
C11106,1,1,2016-10-29 19:22:25,2016-10-29 19:22:25
C11107,1,33,2016-07-05 21:42:22,2016-12-22 18:02:09
C11108,1,2,2016-07-21 17:15:15,2016-07-23 03:46:15
C11109,1,17,2016-07-03 16:53:16,2016-12-15 14:40:19
C11110,1,6,2016-07-16 01:08:11,2016-10-14 21:51:08
C11111,1,6,2016-09-23 00:41:48,2016-11-27 14:01:38
C11112,1,9,2016-07-22 00:15:55,2016-11-21 16:34:03
C11113,1,1,2016-11-11 03:44:04,2016-11-11 03:44:04
C11114,1,1,2016-09-17 02:06:03,2016-09-17 02:06:03
C11115,1,1,2016-10-05 14:37:58,2016-10-05 14:37:58
C11116,1,2,2016-12-07 16:16:33,2016-12-26 17:42:27
C11117,2,4,2016-07-03 20:49:10,2016-12-03 17:43:52
C11118,1,1,2016-07-20 05:55:00,2016-07-20 05:55:00
C11119,1,1,2016-11-18 23:22:21,2016-11-18 23:22:21
C11120,1,2,2016-07-25 23:47:51,2016-10-20 15:36:17
C11121,1,7,2016-07-11 23:17:26,2016-09-26 22:27:39
C11122,1,2,2016-09-15 13:53:54,2016-09-15 18:49:56
C11123,1,2,2016-08-10 14:46:42,2016-10-25 15:41:09
C11124,1,9,2016-07-17 08:59:31,2016-10-14 00:44:17
C11125,1,1,2016-07-22 04:31:11,2016-07-22 04:31:11
C11126,1,13,2016-07-24 15:55:05,2016-12-27 02:09:40
C11127,1,1,2016-07-06 20:47:48,2016-07-06 20:47:48
C11128,1,2,2016-07-21 23:53:49,2016-10-18 19:16:54
C11129,1,22,2016-07-08 18:35:09,2016-12-23 02:13:21
C11130,1,1,2016-07-23 15:28:04,2016-07-23 15:28:04
C11131,1,10,2016-07-09 03:38:51,2016-12-26 20:53:11
C11132,1,26,2016-07-03 20:03:53,2016-12-23 09:58:15
C11133,1,1,2016-10-04 13:54:28,2016-10-04 13:54:28
C11134,1,2,2016-07-26 02:27:57,2016-08-10 21:54:52
C11135,1,10,2016-07-22 02:28:08,2016-11-27 01:56:40
C11136,1,1,2016-10-02 21:17:37,2016-10-02 21:17:37
C11137,1,7,2016-09-24 21:42:48,2016-12-16 19:10:44
C11138,1,3,2016-07-04 06:48:56,2016-09-17 18:09:47
C11139,1,1,2016-09-11 06:58:25,2016-09-11 06:58:25
C11140,2,261,2016-07-03 03:07:44,2016-12-28 01:36:39
C11141,1,1,2016-07-31 00:38:20,2016-07-31 00:38:20
C11142,1,3,2016-09-22 02:17:46,2016-10-22 17:04:08
C11143,1,350,2016-07-05 12:09:22,2016-12-31 19:06:07
C11144,1,1,2016-12-02 16:32:57,2016-12-02 16:32:57
C11145,1,10,2016-07-28 15:43:04,2016-12-30 01:56:49
C11146,1,3,2016-08-06 16:31:32,2016-12-12 03:18:19
C11147,1,1,2016-07-25 19:59:21,2016-07-25 19:59:21
C11148,1,1,2016-07-10 00:54:00,2016-07-10 00:54:00
C11149,1,4,2016-08-23 00:12:27,2016-10-02 17:04:12
C11150,1,1,2016-08-06 23:59:51,2016-08-06 23:59:51
C11151,1,2,2016-09-05 22:20:17,2016-09-25 14:23:41
C11152,1,4,2016-08-08 02:56:55,2016-12-02 18:47:50
C11153,1,53,2016-07-21 02:50:07,2016-12-30 13:58:19
C11154,1,1,2016-12-30 17:06:33,2016-12-30 17:06:33
C11155,1,4,2016-09-21 12:39:40,2016-12-22 21:38:50
C11156,1,1,2016-08-12 21:20:49,2016-08-12 21:20:49
C11157,1,5,2016-07-09 23:00:10,2016-09-26 14:37:57
C11158,1,80,2016-07-03 17:50:35,2016-12-25 19:27:09
C11159,1,55,2016-07-07 05:06:35,2016-12-30 15:24:54
C11160,1,1,2016-07-07 12:45:11,2016-07-07 12:45:11
C11161,1,9,2016-07-21 03:07:04,2016-11-19 21:01:36
C11162,1,1,2016-07-16 06:03:35,2016-07-16 06:03:35
C11163,1,3,2016-08-02 03:59:53,2016-12-14 17:43:26
C11164,1,16,2016-07-06 05:22:43,2016-11-07 19:01:47
C11165,1,4,2016-07-04 19:31:13,2016-12-08 19:47:35
C11166,1,2,2016-11-12 16:49:02,2016-11-12 17:04:36
C11167,1,1,2016-12-09 17:43:29,2016-12-09 17:43:29
C11168,1,11,2016-07-08 19:56:09,2016-12-16 17:56:26
C11169,1,1,2016-08-29 17:41:39,2016-08-29 17:41:39
C11170,1,1,2016-12-21 02:09:15,2016-12-21 02:09:15
C11171,1,9,2016-07-07 13:41:40,2016-12-24 19:03:44
C11172,1,5,2016-07-06 16:51:52,2016-12-12 17:40:09
C11173,1,142,2016-07-04 22:00:22,2016-12-31 23:22:29
C11174,1,1,2016-07-26 23:58:36,2016-07-26 23:58:36
C11175,1,4,2016-07-18 05:11:32,2016-08-10 04:40:05
C11176,1,1,2016-07-02 17:51:46,2016-07-02 17:51:46
C11177,1,2,2016-08-31 02:45:34,2016-10-24 02:27:30
C11178,1,4,2016-08-21 14:17:52,2016-10-27 19:14:03
C11179,1,3,2016-10-29 18:21:44,2016-12-07 14:53:35
C11180,1,1,2016-07-17 15:40:37,2016-07-17 15:40:37
C11181,1,8,2016-07-03 07:17:22,2016-09-11 01:32:34
C11182,1,2,2016-07-14 23:30:55,2016-07-20 16:32:04
C11183,1,11,2016-07-07 20:24:54,2016-12-09 23:33:09
C11184,1,1,2016-08-27 22:44:35,2016-08-27 22:44:35
C11185,2,20,2016-07-11 01:19:11,2016-12-22 22:56:08
C11186,1,6,2016-07-06 13:01:29,2016-12-20 21:27:58
C11187,1,36,2016-07-10 18:13:42,2016-12-27 13:59:46
C11188,1,42,2016-07-13 14:15:23,2016-12-30 14:03:30
C11189,1,2,2016-07-31 22:48:13,2016-09-05 17:50:46
C11190,1,9,2016-07-12 20:23:56,2016-10-26 17:27:59
C11191,1,23,2016-07-09 02:38:52,2016-12-11 16:20:15
C11192,1,7,2016-07-09 03:13:09,2016-11-12 13:25:54
C11193,1,2,2016-11-22 12:53:53,2016-11-22 14:41:47
C11194,2,60,2016-07-06 18:54:37,2016-12-31 17:13:20
C11195,1,1,2016-07-23 20:30:11,2016-07-23 20:30:11
C11196,1,2,2016-08-31 21:19:08,2016-09-13 00:42:17
C11197,1,7,2016-09-01 17:15:55,2016-10-14 14:42:50
C11198,1,30,2016-07-09 17:37:13,2016-12-04 00:42:45
C11199,1,2,2016-07-24 17:20:32,2016-08-11 16:29:49
C11200,1,14,2016-10-04 12:24:32,2016-11-26 18:24:44
C11201,1,21,2016-07-11 15:28:19,2016-12-22 19:53:55
C11202,1,1,2016-07-25 18:37:39,2016-07-25 18:37:39
C11203,1,14,2016-07-04 02:15:03,2016-11-18 21:59:55
C11204,1,20,2016-08-06 20:22:05,2016-10-30 11:14:08
C11205,1,1,2016-07-26 03:54:56,2016-07-26 03:54:56
C11206,1,2,2016-07-05 00:58:13,2016-10-03 19:43:11
C11207,1,14,2016-07-23 14:15:03,2016-12-04 03:37:10
C11208,1,7,2016-08-06 00:42:23,2016-12-31 22:11:20
C11209,1,7,2016-08-26 16:32:26,2016-12-17 05:06:20
C11210,1,10,2016-08-21 15:47:28,2016-12-22 19:37:36
C11211,1,3,2016-08-12 16:47:13,2016-08-22 00:44:06
C11212,1,1,2016-10-20 21:58:28,2016-10-20 21:58:28
C11213,1,4,2016-09-26 10:17:24,2016-09-26 22:23:14
C11214,1,50,2016-07-16 21:42:41,2016-12-30 00:28:17
C11215,1,14,2016-07-03 23:59:50,2016-11-18 10:47:22
C11216,2,54,2016-07-02 18:12:41,2016-12-24 20:39:40
C11217,1,1,2016-12-23 15:32:47,2016-12-23 15:32:47
C11218,1,2,2016-10-27 22:00:52,2016-10-27 22:02:43
C11219,1,3,2016-07-14 01:38:11,2016-10-06 22:00:47
C11220,1,8,2016-08-01 04:10:11,2016-10-31 23:54:32
C11221,1,24,2016-07-09 22:07:18,2016-12-15 14:10:11
C11222,1,9,2016-08-31 00:18:42,2016-11-05 13:07:13
C11223,1,3,2016-11-19 00:49:49,2016-12-05 12:21:23
C11224,1,32,2016-07-11 16:24:57,2016-12-06 03:38:55
C11225,1,9,2016-07-24 20:08:22,2016-12-31 17:09:05
C11226,1,4,2016-07-27 21:44:27,2016-12-26 23:20:39
C11227,2,1060,2016-07-02 02:00:32,2016-12-29 20:33:29
C11228,1,1,2016-09-26 19:41:43,2016-09-26 19:41:43
C11229,1,5,2016-07-12 22:46:21,2016-12-30 01:53:04
C11230,2,35,2016-07-27 02:08:25,2016-12-12 22:05:56
C11231,1,1,2016-09-01 22:49:03,2016-09-01 22:49:03
C11232,1,37,2016-07-09 16:30:16,2016-12-31 23:41:03
C11233,1,16,2016-07-05 19:33:39,2016-12-13 15:14:11
C11234,1,2,2016-10-27 15:13:16,2016-11-17 00:36:06
C11235,1,1,2016-10-02 18:03:41,2016-10-02 18:03:41
C11236,1,2,2016-07-20 15:17:17,2016-07-23 13:51:47
C11237,1,8,2016-07-13 15:50:47,2016-10-29 21:56:21
C11238,1,66,2016-07-06 13:53:46,2016-12-28 15:16:07
C11239,1,2,2016-07-05 20:46:32,2016-08-12 07:17:34
C11240,1,2,2016-08-14 17:57:29,2016-12-12 17:34:53
C11241,2,10,2016-07-10 21:47:23,2016-12-09 15:08:31
C11242,1,3,2016-07-14 23:19:41,2016-08-05 00:09:32
C11243,1,1,2016-08-15 23:31:59,2016-08-15 23:31:59
C11244,1,2,2016-07-14 21:44:50,2016-11-30 11:16:24
C11245,1,16,2016-07-12 23:43:20,2016-11-30 14:37:25
C11246,1,34,2016-07-10 04:05:12,2016-12-25 19:22:31
C11247,1,65,2016-07-06 15:00:10,2016-12-31 05:42:55
C11248,1,2,2016-10-20 14:26:04,2016-11-10 23:16:02
C11249,1,209,2016-07-03 01:08:27,2016-12-30 23:39:14
C11250,1,1,2016-07-14 08:49:41,2016-07-14 08:49:41
C11251,1,2,2016-08-10 02:54:07,2016-08-28 01:31:58
C11252,1,9,2016-07-19 15:31:43,2016-12-11 13:48:40
C11253,1,8,2016-07-27 14:42:40,2016-12-15 11:47:18
C11254,1,1,2016-08-02 20:50:22,2016-08-02 20:50:22
C11255,1,7,2016-07-18 00:40:59,2016-11-24 15:26:25
C11256,1,2,2016-07-11 04:38:34,2016-11-09 18:14:01
C11257,1,41,2016-07-02 20:13:23,2016-11-12 16:54:44
C11258,1,13,2016-07-03 18:35:15,2016-12-13 15:29:37
C11259,1,14,2016-07-27 15:17:25,2016-10-02 01:12:26
C11260,1,1,2016-08-07 05:30:43,2016-08-07 05:30:43
C11261,1,3,2016-10-02 15:18:14,2016-12-21 14:03:18
C11262,1,3,2016-07-12 16:04:02,2016-07-13 17:56:33
C11263,1,2,2016-09-17 16:22:45,2016-09-17 16:25:10
C11264,1,3,2016-07-27 01:33:02,2016-07-29 01:15:26
C11265,1,16,2016-07-06 14:06:40,2016-11-17 21:49:12
C11266,1,64,2016-07-05 05:02:40,2016-12-29 20:10:37
C11267,1,5,2016-09-06 14:58:34,2016-12-11 00:40:23
C11268,1,5,2016-08-18 01:00:29,2016-09-27 11:45:06
C11269,1,9,2016-07-19 17:24:45,2016-12-15 17:03:49
C11270,1,15,2016-07-11 18:05:49,2016-12-31 19:48:13
C11271,1,36,2016-07-16 15:49:57,2016-12-06 21:49:40
C11272,1,5,2016-08-26 00:32:16,2016-09-07 00:12:49
C11273,1,3,2016-08-15 20:18:07,2016-12-29 02:41:25
C11274,1,11,2016-07-14 13:31:54,2016-12-26 01:44:04
C11275,1,10,2016-07-03 21:15:49,2016-12-20 15:59:18
C11276,1,7,2016-08-18 22:11:20,2016-09-18 17:05:57
C11277,1,1,2016-09-15 19:19:03,2016-09-15 19:19:03
C11278,1,1,2016-08-03 01:33:12,2016-08-03 01:33:12
C11279,1,4,2016-10-01 12:47:33,2016-12-27 22:06:25
C11280,1,2,2016-07-22 16:25:50,2016-11-04 00:20:45
C11281,1,6,2016-08-01 11:33:27,2016-11-17 20:38:39
C11282,1,1,2016-09-23 05:46:07,2016-09-23 05:46:07
C11283,1,1,2016-12-15 22:13:32,2016-12-15 22:13:32
C11284,1,1,2016-07-24 00:19:06,2016-07-24 00:19:06
C11285,1,1,2016-09-01 14:50:59,2016-09-01 14:50:59
C11286,1,1,2016-09-28 05:26:02,2016-09-28 05:26:02
C11287,1,135,2016-07-04 22:07:06,2016-12-23 20:30:16
C11288,1,1,2016-07-24 21:29:22,2016-07-24 21:29:22
C11289,1,1,2016-07-21 19:43:48,2016-07-21 19:43:48
C11290,1,9,2016-08-06 23:42:14,2016-12-28 23:54:24
C11291,1,5,2016-07-28 15:57:25,2016-12-15 00:49:57
C11292,1,1,2016-07-07 21:15:02,2016-07-07 21:15:02
C11293,1,4,2016-07-31 17:40:23,2016-10-08 16:27:36
C11294,2,332,2016-07-02 11:19:45,2016-12-29 22:20:36
C11295,1,1,2016-10-10 15:37:43,2016-10-10 15:37:43
C11296,1,21,2016-07-24 16:08:16,2016-12-27 00:34:13
C11297,1,8,2016-07-03 13:09:04,2016-12-06 00:42:12
C11298,2,224,2016-07-03 11:09:50,2016-12-28 15:22:36
C11299,1,2,2016-07-15 16:38:17,2016-07-15 17:01:31
C11300,1,4,2016-08-17 21:24:49,2016-09-24 18:10:15
C11301,1,2,2016-12-16 22:25:22,2016-12-19 00:18:57
C11302,1,2,2016-07-15 01:28:32,2016-07-21 18:16:33
C11303,1,2,2016-12-03 19:26:28,2016-12-03 20:05:12
C11304,1,1,2016-09-27 18:47:58,2016-09-27 18:47:58
C11305,1,3,2016-10-15 04:46:20,2016-10-16 04:02:36
C11306,1,4,2016-07-24 20:56:45,2016-10-04 14:05:24
C11307,1,40,2016-07-08 23:39:14,2016-12-30 01:04:25
C11308,1,1,2016-12-31 02:10:06,2016-12-31 02:10:06
C11309,1,1538,2016-07-02 04:53:54,2016-12-29 21:58:34
C11310,1,2,2016-11-26 14:38:58,2016-12-21 16:15:42
C11311,1,4,2016-07-25 16:30:15,2016-08-17 22:51:23
C11312,1,23,2016-07-13 06:33:05,2016-12-31 22:47:32
C11313,1,14,2016-07-06 22:40:22,2016-12-09 21:29:54
C11314,1,3,2016-08-31 16:48:35,2016-09-21 23:03:00
C11315,1,43,2016-07-14 20:41:25,2016-12-10 20:55:38
C11316,1,2,2016-08-19 20:39:19,2016-11-07 12:21:09
C11317,1,10,2016-11-20 18:10:49,2016-12-10 00:31:52
C11318,1,3,2016-11-03 16:29:24,2016-12-23 00:22:58
C11319,1,40,2016-07-02 21:26:39,2016-12-27 16:15:09
C11320,1,4,2016-07-27 08:17:41,2016-11-22 21:32:12
C11321,1,11,2016-09-01 17:14:15,2016-12-16 01:44:08
C11322,1,2,2016-07-20 18:20:09,2016-09-19 02:13:56
C11323,1,15,2016-07-07 03:32:20,2016-09-01 04:28:56
C11324,1,1,2016-12-03 18:38:30,2016-12-03 18:38:30
C11325,1,1,2016-10-25 14:30:27,2016-10-25 14:30:27
C11326,1,1,2016-12-12 02:56:31,2016-12-12 02:56:31
C11327,1,9,2016-08-21 16:57:01,2016-12-01 19:52:39
C11328,1,2,2016-09-01 16:27:53,2016-10-13 04:14:24
C11329,1,43,2016-07-04 17:34:44,2016-12-29 02:26:40
C11330,1,1,2016-07-21 13:44:00,2016-07-21 13:44:00
C11331,1,4,2016-07-20 02:17:55,2016-12-23 22:26:58
C11332,1,47,2016-07-03 17:01:46,2016-12-21 20:18:21
C11333,1,10,2016-10-19 22:16:20,2016-12-18 22:01:20
C11334,1,1,2016-07-21 21:01:47,2016-07-21 21:01:47
C11335,1,20,2016-07-11 00:28:25,2016-12-30 01:37:24
C11336,1,9,2016-09-29 00:56:05,2016-12-28 19:08:54
C11337,1,3,2016-08-08 13:51:07,2016-09-21 05:51:48
C11338,1,4,2016-10-05 02:36:56,2016-12-24 12:33:18
C11339,1,204,2016-07-05 22:55:09,2016-12-31 20:48:52
C11340,1,14,2016-07-07 16:17:06,2016-12-27 19:54:52
C11341,1,3,2016-07-09 22:48:49,2016-10-07 03:27:47
C11342,1,22,2016-07-17 20:03:00,2016-12-23 17:35:17
C11343,1,21,2016-07-16 18:20:54,2016-12-25 08:29:08
C11344,1,3,2016-07-12 05:28:36,2016-08-19 00:05:11
C11345,1,2,2016-08-11 13:25:29,2016-08-26 18:01:01
C11346,1,26,2016-07-08 13:29:08,2016-12-23 20:22:35
C11347,2,34,2016-07-16 15:13:25,2016-12-31 00:21:52
C11348,1,10,2016-07-21 00:03:43,2016-12-10 13:48:17
C11349,1,4,2016-10-26 20:30:23,2016-11-29 02:20:43
C11350,1,6,2016-07-26 20:34:10,2016-09-19 19:30:00
C11351,1,3,2016-07-23 20:15:33,2016-09-30 18:33:46
C11352,1,21,2016-07-10 17:41:25,2016-12-17 22:52:13
C11353,1,36,2016-07-06 21:03:49,2016-12-20 04:37:54
C11354,1,22,2016-07-18 12:49:09,2016-12-31 11:48:07
C11355,1,12,2016-07-05 11:55:14,2016-12-31 22:49:00
C11356,1,3,2016-07-10 15:35:30,2016-07-23 21:43:13
C11357,1,3,2016-07-13 17:25:23,2016-11-12 14:22:46
C11358,1,1,2016-09-29 02:35:01,2016-09-29 02:35:01
C11359,1,6,2016-07-04 23:43:18,2016-10-04 23:21:47
C11360,1,11,2016-07-07 15:28:27,2016-12-22 02:05:53
C11361,1,23,2016-07-11 14:51:21,2016-10-11 00:56:24
C11362,2,58,2016-07-02 21:40:29,2016-12-24 17:32:09
C11363,1,3,2016-07-04 00:15:25,2016-08-18 20:45:15
C11364,1,3,2016-07-10 13:57:01,2016-10-02 00:44:12
C11365,1,6,2016-09-23 20:16:17,2016-12-17 15:03:26
C11366,1,4,2016-08-02 00:22:27,2016-08-24 22:09:55
C11367,1,2,2016-09-26 14:30:58,2016-12-09 13:24:47
C11368,1,1,2016-10-02 17:23:04,2016-10-02 17:23:04
C11369,1,1,2016-07-10 16:57:27,2016-07-10 16:57:27
C11370,1,35,2016-07-04 15:17:08,2016-12-28 18:20:26
C11371,1,12,2016-07-15 20:17:54,2016-12-30 13:12:43
C11372,1,2,2016-10-19 15:08:46,2016-12-26 23:16:01
C11373,1,1,2016-10-09 16:42:25,2016-10-09 16:42:25
C11374,1,56,2016-07-04 22:17:55,2016-12-24 04:30:06
C11375,1,5,2016-07-18 18:33:12,2016-12-25 19:15:07
C11376,1,1,2016-11-29 12:39:41,2016-11-29 12:39:41
C11377,1,1,2016-12-20 17:41:41,2016-12-20 17:41:41
C11378,1,4,2016-07-06 03:13:38,2016-11-13 19:08:00
C11379,1,15,2016-07-15 01:03:21,2016-12-27 14:44:31
C11380,1,6,2016-07-03 01:04:52,2016-12-06 18:22:53
C11381,2,331,2016-07-02 15:09:05,2016-12-29 00:09:20
C11382,1,4,2016-07-28 17:53:39,2016-12-06 05:17:37
C11383,1,1,2016-12-16 05:48:00,2016-12-16 05:48:00
C11384,1,28,2016-07-08 13:40:48,2016-12-17 06:03:54
C11385,1,53,2016-07-11 20:06:22,2016-12-24 20:50:49
C11386,1,1,2016-07-10 01:39:27,2016-07-10 01:39:27
C11387,1,3,2016-11-26 22:49:52,2016-12-05 22:22:19
C11388,1,25,2016-07-09 00:22:05,2016-12-10 12:30:34
C11389,1,4,2016-07-17 14:52:46,2016-08-08 04:51:19
C11390,1,1,2016-07-20 02:59:33,2016-07-20 02:59:33
C11391,1,1,2016-07-15 15:21:41,2016-07-15 15:21:41
C11392,1,2,2016-09-29 20:22:08,2016-12-04 21:15:59
C11393,1,13,2016-07-24 01:56:39,2016-12-11 04:03:52
C11394,1,1,2016-08-19 22:58:04,2016-08-19 22:58:04
C11395,1,1,2016-07-21 05:19:48,2016-07-21 05:19:48
C11396,1,3,2016-11-11 15:23:49,2016-12-20 14:49:36
C11397,1,3,2016-07-20 05:41:50,2016-07-29 15:47:55
C11398,1,1,2016-09-13 21:32:28,2016-09-13 21:32:28
C11399,1,4,2016-07-12 23:47:36,2016-07-22 15:02:26
C11400,1,2,2016-07-05 04:41:33,2016-12-05 03:07:02
C11401,1,6,2016-11-25 20:12:50,2016-12-21 00:27:14
C11402,1,3,2016-09-03 03:56:20,2016-09-03 08:46:13
C11403,1,4,2016-08-20 05:00:51,2016-12-18 15:00:21
C11404,1,2,2016-07-26 13:34:21,2016-07-26 13:45:46
C11405,1,4,2016-07-15 12:48:26,2016-10-19 13:01:51
C11406,1,2,2016-07-25 15:46:49,2016-11-11 01:03:10
C11407,2,5,2016-07-24 02:36:01,2016-12-06 22:48:19
C11408,1,1,2016-10-02 16:40:07,2016-10-02 16:40:07
C11409,1,11,2016-07-11 01:59:08,2016-11-15 22:22:47
C11410,1,1,2016-08-24 22:30:04,2016-08-24 22:30:04
C11411,1,4,2016-07-24 02:08:46,2016-08-01 17:13:05
C11412,1,4,2016-08-18 17:50:16,2016-10-05 18:01:24
C11413,1,367,2016-07-06 18:27:54,2016-12-30 23:16:20
C11414,1,2,2016-07-27 23:28:41,2016-09-09 23:51:49
C11415,1,17,2016-07-17 18:13:40,2016-12-10 11:52:26
C11416,2,8,2016-07-15 15:35:25,2016-12-28 12:19:48
C11417,1,1,2016-12-05 23:02:01,2016-12-05 23:02:01
C11418,1,5,2016-07-05 02:58:47,2016-11-04 00:29:06
C11419,1,5,2016-07-08 03:02:22,2016-12-26 18:57:10
C11420,1,4,2016-08-22 22:48:55,2016-08-22 23:07:58
C11421,1,4,2016-09-14 03:52:50,2016-09-24 13:15:56
C11422,1,1,2016-07-16 17:30:12,2016-07-16 17:30:12
C11423,1,24,2016-07-14 14:50:04,2016-12-27 16:44:07
C11424,1,12,2016-08-06 00:46:00,2016-12-17 19:47:36
C11425,1,4,2016-07-05 19:00:53,2016-09-08 23:46:36
C11426,1,12,2016-07-18 00:56:54,2016-11-23 18:32:33
C11427,1,6,2016-07-17 16:17:11,2016-09-08 16:06:27
C11428,1,15,2016-07-08 16:32:16,2016-12-18 18:27:58
C11429,1,66,2016-07-04 02:00:37,2016-12-26 18:02:01
C11430,1,3,2016-07-09 15:10:21,2016-10-14 17:46:15
C11431,1,1,2016-10-17 18:44:04,2016-10-17 18:44:04
C11432,1,4,2016-07-24 02:54:40,2016-10-24 01:24:46
C11433,1,1,2016-09-30 19:08:04,2016-09-30 19:08:04
C11434,1,4,2016-09-12 04:22:14,2016-11-24 14:32:33
C11435,1,2,2016-11-20 16:58:00,2016-11-20 17:02:08
C11436,1,7,2016-09-14 16:29:33,2016-11-13 17:32:48
C11437,1,2,2016-08-03 23:13:22,2016-11-01 21:22:07
C11438,2,2,2016-09-29 17:55:59,2016-10-12 17:16:24
C11439,1,1,2016-10-14 15:25:35,2016-10-14 15:25:35
C11440,1,3,2016-07-09 16:03:32,2016-07-14 02:34:12
C11441,1,12,2016-07-02 19:55:21,2016-09-23 01:27:30
C11442,1,1,2016-07-25 15:38:07,2016-07-25 15:38:07
C11443,1,3,2016-07-08 04:15:08,2016-12-16 20:55:57
C11444,1,545,2016-07-04 03:37:59,2016-12-31 05:21:06
C11445,2,42,2016-07-04 00:09:20,2016-12-16 22:51:55
C11446,1,14,2016-07-08 16:15:16,2016-12-23 18:06:15
C11447,1,1,2016-12-25 13:25:34,2016-12-25 13:25:34
C11448,1,1,2016-07-23 17:51:27,2016-07-23 17:51:27
C11449,1,1,2016-07-23 22:34:06,2016-07-23 22:34:06
C11450,1,31,2016-07-10 21:09:24,2016-12-29 19:57:56
C11451,1,4,2016-10-11 19:00:57,2016-12-29 19:31:48
C11452,2,11,2016-07-28 23:18:07,2016-12-15 15:27:41
C11453,1,4,2016-07-04 01:50:21,2016-07-24 05:48:22
C11454,1,1,2016-12-05 18:17:06,2016-12-05 18:17:06
C11455,1,1,2016-08-01 15:26:31,2016-08-01 15:26:31
C11456,1,1,2016-07-14 19:55:03,2016-07-14 19:55:03
C11457,1,10,2016-09-03 14:03:01,2016-11-24 00:04:55
C11458,1,47,2016-07-11 21:35:07,2016-12-27 14:58:00
C11459,1,41,2016-07-08 18:42:34,2016-12-31 15:16:58
C11460,1,3,2016-07-11 16:36:44,2016-08-06 02:48:01
C11461,1,11,2016-08-06 03:54:09,2016-11-15 13:26:50
C11462,1,5,2016-07-09 01:46:34,2016-11-04 01:31:29
C11463,1,1,2016-12-17 00:17:00,2016-12-17 00:17:00
C11464,2,782,2016-07-02 01:38:40,2016-12-29 23:05:24
C11465,1,1,2016-07-25 14:56:23,2016-07-25 14:56:23
C11466,1,13,2016-07-18 14:29:51,2016-12-28 01:43:29
C11467,1,1,2016-11-25 19:49:22,2016-11-25 19:49:22
C11468,2,126,2016-07-02 08:16:15,2016-12-23 22:08:30
C11469,1,4,2016-07-23 17:12:45,2016-11-16 02:55:36
C11470,1,2,2016-11-15 05:54:48,2016-12-25 22:33:30
C11471,1,3,2016-07-09 01:50:49,2016-07-26 13:38:03
C11472,1,7,2016-07-12 06:15:09,2016-10-30 15:03:00
C11473,1,2,2016-09-09 23:11:19,2016-09-29 21:00:15
C11474,1,8,2016-07-10 19:58:48,2016-12-31 20:23:19
C11475,1,11,2016-07-20 02:03:49,2016-12-26 23:16:45
C11476,1,10,2016-07-27 01:06:15,2016-12-17 16:39:34
C11477,1,6,2016-07-13 01:46:38,2016-12-04 15:24:15
C11478,1,3,2016-09-05 00:02:38,2016-12-17 23:43:41
C11479,1,28,2016-07-02 23:20:46,2016-12-26 20:36:16
C11480,1,3,2016-09-24 20:41:51,2016-11-20 18:45:55
C11481,1,1,2016-12-15 18:16:19,2016-12-15 18:16:19
C11482,1,31,2016-07-11 19:08:45,2016-12-26 15:54:22
C11483,1,1,2016-08-07 19:12:42,2016-08-07 19:12:42
C11484,1,14,2016-07-22 14:33:41,2016-12-30 00:56:38
C11485,1,9,2016-07-03 20:03:51,2016-11-13 13:17:19
C11486,1,6,2016-07-07 17:13:47,2016-09-15 23:01:42
C11487,1,1,2016-09-19 09:35:12,2016-09-19 09:35:12
C11488,1,19,2016-07-13 23:16:51,2016-10-31 20:48:20
C11489,1,54,2016-07-03 00:09:54,2016-12-24 08:51:27
C11490,1,13,2016-07-14 22:51:26,2016-12-19 17:14:35
C11491,1,13,2016-08-26 15:01:07,2016-11-22 21:47:43
C11492,1,1,2016-11-02 16:02:47,2016-11-02 16:02:47
C11493,1,9,2016-07-11 16:44:57,2016-12-27 18:34:11
C11494,1,17,2016-07-02 18:49:30,2016-12-23 17:05:54
C11495,1,117,2016-07-03 14:54:46,2016-12-28 19:16:16
C11496,2,1898,2016-07-03 03:40:05,2016-12-31 19:33:09
C11497,1,1,2016-07-20 22:16:06,2016-07-20 22:16:06
C11498,1,1,2016-07-25 00:17:29,2016-07-25 00:17:29
C11499,1,8,2016-07-17 15:02:44,2016-11-05 13:59:20
C11500,1,1,2016-08-23 02:42:16,2016-08-23 02:42:16
C11501,1,6,2016-08-17 13:55:53,2016-12-10 21:03:13
C11502,1,4,2016-07-29 20:19:45,2016-09-24 21:46:39
C11503,1,8,2016-07-24 03:42:01,2016-11-14 22:28:20
C11504,1,2,2016-07-06 18:35:17,2016-12-11 20:54:35
C11505,1,3,2016-07-13 16:43:01,2016-09-02 00:27:33
C11506,1,1,2016-12-25 21:02:17,2016-12-25 21:02:17
C11507,1,1,2016-08-07 17:49:51,2016-08-07 17:49:51
C11508,1,4,2016-07-09 19:35:40,2016-10-07 05:32:53
C11509,2,2686,2016-07-02 23:51:35,2016-12-31 22:19:06
C11510,1,4,2016-07-21 22:35:43,2016-08-02 22:13:48
C11511,1,1,2016-09-14 23:11:47,2016-09-14 23:11:47
C11512,1,8,2016-07-10 16:44:07,2016-11-17 15:25:02
C11513,1,33,2016-07-04 22:34:08,2016-12-25 15:38:47
C11514,2,4,2016-07-19 16:26:00,2016-11-23 22:14:15
C11515,2,42,2016-07-17 19:18:52,2016-12-06 16:41:24
C11516,1,35,2016-07-06 09:40:10,2016-12-23 19:03:50
C11517,1,1,2016-07-22 12:17:55,2016-07-22 12:17:55
C11518,1,3,2016-07-16 03:29:27,2016-09-23 03:34:57
C11519,1,1,2016-11-07 19:36:54,2016-11-07 19:36:54
C11520,1,1,2016-07-25 03:17:47,2016-07-25 03:17:47
C11521,1,1,2016-10-28 01:55:21,2016-10-28 01:55:21
C11522,2,875,2016-07-02 14:41:06,2016-12-29 23:51:41
C11523,1,3,2016-07-06 20:41:26,2016-10-11 16:11:44
C11524,1,4,2016-07-18 16:24:03,2016-07-18 16:43:52
C11525,1,1,2016-07-28 06:45:43,2016-07-28 06:45:43
C11526,1,39,2016-07-09 14:57:15,2016-12-30 07:02:40
C11527,1,18,2016-07-21 20:41:09,2016-12-22 15:31:22
C11528,1,20,2016-07-08 21:03:20,2016-12-26 21:15:28
C11529,1,33,2016-07-11 16:04:44,2016-12-23 21:58:56
C11530,1,29,2016-07-07 17:39:33,2016-12-25 15:31:12
C11531,1,1,2016-08-20 22:55:33,2016-08-20 22:55:33
C11532,1,4,2016-07-20 19:29:31,2016-12-06 03:12:21
C11533,2,364,2016-07-02 20:32:39,2016-12-29 12:11:29
C11534,1,44,2016-07-04 23:14:09,2016-12-19 09:38:18
C11535,1,1,2016-10-11 20:46:00,2016-10-11 20:46:00
C11536,1,44,2016-07-06 15:05:04,2016-12-30 19:01:41
C11537,1,19,2016-07-07 21:34:25,2016-12-08 13:05:47
C11538,1,1,2016-08-12 19:49:46,2016-08-12 19:49:46
C11539,2,988,2016-07-02 15:43:35,2016-12-28 22:33:17
C11540,1,11,2016-07-12 21:08:11,2016-12-26 15:10:14
C11541,1,1,2016-07-09 17:58:29,2016-07-09 17:58:29
C11542,1,1,2016-07-13 20:22:39,2016-07-13 20:22:39
C11543,2,572,2016-07-03 00:18:13,2016-12-31 22:54:08
C11544,1,6,2016-07-23 15:55:26,2016-12-16 22:03:21
C11545,1,1,2016-07-03 02:18:29,2016-07-03 02:18:29
C11546,1,31,2016-07-04 11:50:16,2016-12-30 23:18:15
C11547,1,2,2016-07-03 18:09:44,2016-07-20 04:54:15
C11548,1,1,2016-07-21 17:45:14,2016-07-21 17:45:14
C11549,1,1,2016-09-20 18:26:55,2016-09-20 18:26:55
C11550,1,1,2016-07-26 14:34:24,2016-07-26 14:34:24
C11551,1,2,2016-10-27 16:10:16,2016-11-24 23:28:35
C11552,1,12,2016-08-09 10:50:51,2016-08-13 18:18:10
C11553,1,1,2016-07-28 16:55:28,2016-07-28 16:55:28
C11554,1,8,2016-07-21 22:27:39,2016-12-06 19:03:12
C11555,1,9,2016-07-22 19:59:38,2016-11-06 21:58:25
C11556,1,4,2016-12-06 22:55:41,2016-12-25 13:50:17
C11557,1,10,2016-07-04 19:06:47,2016-12-12 13:15:43
C11558,2,349,2016-07-04 02:32:57,2016-12-31 11:21:18
C11559,1,2,2016-08-22 23:27:12,2016-09-10 00:15:38
C11560,1,5,2016-07-05 19:18:25,2016-10-31 03:59:00
C11561,1,11,2016-08-12 01:32:21,2016-12-31 02:57:31
C11562,1,2,2016-07-08 18:48:15,2016-09-01 20:16:48
C11563,1,2,2016-08-12 18:44:04,2016-10-06 13:33:51
C11564,1,1,2016-08-17 21:21:41,2016-08-17 21:21:41
C11565,1,1,2016-07-24 18:15:30,2016-07-24 18:15:30
C11566,1,4,2016-08-03 00:27:12,2016-11-21 04:02:47
C11567,1,1,2016-07-11 20:30:44,2016-07-11 20:30:44
C11568,1,1,2016-07-15 18:13:28,2016-07-15 18:13:28
C11569,1,5,2016-08-29 16:54:06,2016-12-29 21:37:37
C11570,1,2,2016-10-29 19:14:25,2016-11-02 02:00:43
C11571,1,2,2016-09-24 16:12:16,2016-10-14 22:43:38
C11572,1,1,2016-10-27 20:19:59,2016-10-27 20:19:59
C11573,1,3,2016-09-19 23:42:37,2016-09-23 21:22:00
C11574,1,26,2016-07-07 21:32:08,2016-12-31 23:35:18
C11575,1,5,2016-07-20 15:39:47,2016-12-30 17:15:46
C11576,2,17,2016-09-27 18:28:11,2016-12-28 16:27:11
C11577,1,9,2016-07-07 17:36:23,2016-12-30 18:59:06
C11578,1,2,2016-11-13 18:07:00,2016-12-18 20:20:28
C11579,1,1,2016-11-03 13:57:08,2016-11-03 13:57:08
C11580,1,1,2016-07-26 19:56:56,2016-07-26 19:56:56
C11581,1,2,2016-07-21 17:56:51,2016-07-21 18:07:13
C11582,1,1,2016-08-14 05:30:37,2016-08-14 05:30:37
C11583,1,4,2016-07-02 17:35:52,2016-12-14 17:21:50
C11584,1,66,2016-07-03 20:55:32,2016-12-23 12:40:22
C11585,1,3,2016-07-11 16:06:44,2016-10-05 17:29:25
C11586,1,2,2016-07-20 11:37:53,2016-07-24 19:47:37
C11587,1,1,2016-11-24 05:31:56,2016-11-24 05:31:56
C11588,1,6,2016-07-29 23:36:12,2016-12-15 18:20:35
C11589,1,1,2016-07-24 04:49:15,2016-07-24 04:49:15
C11590,1,1,2016-07-02 23:28:49,2016-07-02 23:28:49
C11591,1,2,2016-07-13 15:47:16,2016-08-14 18:39:26
C11592,1,2,2016-07-27 02:04:21,2016-08-25 17:29:45
C11593,1,1,2016-11-26 03:41:45,2016-11-26 03:41:45
C11594,1,1,2016-08-03 14:24:50,2016-08-03 14:24:50
C11595,1,133,2016-07-03 20:45:08,2016-12-24 03:01:32
C11596,2,139,2016-07-07 00:36:28,2016-12-30 22:39:10
C11597,2,925,2016-07-05 01:41:17,2016-12-31 21:12:29
C11598,1,13,2016-11-27 02:22:19,2016-12-05 22:56:27
C11599,1,23,2016-07-08 16:03:45,2016-12-06 00:39:14
C11600,1,14,2016-07-08 14:29:10,2016-12-17 19:07:20
C11601,1,25,2016-07-07 03:23:01,2016-12-25 18:14:33
C11602,1,2,2016-07-30 17:04:19,2016-07-30 17:08:09
C11603,1,12,2016-07-21 21:05:02,2016-09-29 18:25:44
C11604,1,2,2016-08-18 00:51:27,2016-08-18 01:01:40
C11605,1,1,2016-10-05 01:47:50,2016-10-05 01:47:50
C11606,1,4,2016-07-20 20:04:48,2016-12-12 15:38:10
C11607,1,18,2016-07-15 19:00:42,2016-12-22 01:33:12
C11608,1,1,2016-11-05 02:33:06,2016-11-05 02:33:06
C11609,1,17,2016-07-15 20:22:33,2016-12-21 00:44:19
C11610,1,16,2016-07-08 23:02:48,2016-12-19 00:22:59
C11611,1,3,2016-08-27 00:26:32,2016-12-28 19:57:35
C11612,1,29,2016-07-19 23:46:54,2016-12-21 15:30:17
C11613,1,4,2016-07-05 01:23:36,2016-11-28 14:43:46
C11614,1,3,2016-07-21 17:10:27,2016-08-30 17:33:28
C11615,1,21,2016-07-03 21:04:25,2016-11-29 23:17:37
C11616,1,6,2016-08-20 17:45:29,2016-12-19 12:12:10
C11617,1,40,2016-07-10 00:03:09,2016-12-24 14:37:23
C11618,1,1,2016-08-24 01:44:03,2016-08-24 01:44:03
C11619,1,1,2016-10-15 15:16:59,2016-10-15 15:16:59
C11620,1,6,2016-07-05 19:12:52,2016-12-17 22:43:06
C11621,1,10,2016-08-24 14:35:58,2016-12-28 23:53:24
C11622,1,14,2016-07-10 18:33:09,2016-12-15 22:05:18
C11623,1,1,2016-08-02 02:58:33,2016-08-02 02:58:33
C11624,1,9,2016-07-09 16:49:17,2016-12-23 19:22:45
C11625,2,723,2016-07-02 00:55:37,2016-12-30 22:56:35
C11626,1,4,2016-11-28 19:56:30,2016-12-11 01:37:52
C11627,2,66,2016-07-19 02:23:52,2016-12-29 03:16:09
C11628,1,32,2016-07-07 06:22:50,2016-12-24 18:53:28
C11629,1,6,2016-07-12 19:34:32,2016-10-31 19:04:41
C11630,1,1,2016-07-20 13:50:07,2016-07-20 13:50:07
C11631,1,4,2016-10-20 19:38:13,2016-10-20 20:05:33
C11632,1,3,2016-07-08 20:59:18,2016-12-07 22:20:42
C11633,1,67,2016-07-08 19:17:43,2016-12-30 21:18:46
C11634,1,2,2016-08-17 00:45:22,2016-08-23 04:03:23
C11635,1,4,2016-07-20 22:52:09,2016-09-04 03:31:31
C11636,1,14,2016-07-13 05:28:13,2016-12-26 23:15:05
C11637,1,13,2016-07-12 21:45:19,2016-12-26 17:39:58
C11638,1,3,2016-07-06 03:52:06,2016-12-20 03:45:33
C11639,1,2,2016-12-02 01:06:22,2016-12-18 01:30:39
C11640,1,31,2016-07-03 20:17:51,2016-12-30 11:28:42
C11641,1,1,2016-09-04 20:36:37,2016-09-04 20:36:37
C11642,1,106,2016-07-03 17:46:38,2016-12-20 22:03:09
C11643,1,5,2016-07-13 01:52:46,2016-12-21 21:25:20
C11644,1,6,2016-07-03 23:13:03,2016-11-30 22:25:04
C11645,1,1,2016-07-14 20:31:36,2016-07-14 20:31:36
C11646,1,1,2016-07-29 00:01:51,2016-07-29 00:01:51
C11647,1,2,2016-08-28 20:53:45,2016-08-28 21:05:21
C11648,1,6,2016-07-30 14:58:39,2016-11-12 20:40:38
C11649,1,1,2016-10-02 18:34:39,2016-10-02 18:34:39
C11650,1,4,2016-11-06 04:03:20,2016-12-20 23:42:34
C11651,1,18,2016-07-05 17:42:29,2016-12-31 23:13:36
C11652,1,10,2016-07-23 01:03:36,2016-12-05 18:56:51
C11653,1,7,2016-07-06 21:52:10,2016-11-16 00:31:30
C11654,1,4,2016-07-17 14:47:11,2016-07-25 03:51:02
C11655,1,14,2016-07-05 23:50:51,2016-12-15 03:01:44
C11656,1,52,2016-07-03 17:42:02,2016-12-23 23:49:57
C11657,1,24,2016-07-08 14:56:21,2016-12-22 19:31:22
C11658,1,4,2016-08-05 01:04:11,2016-10-02 15:22:43
C11659,1,3,2016-07-17 21:43:39,2016-07-21 15:00:49
C11660,1,3,2016-07-04 12:18:32,2016-10-06 22:30:10
C11661,1,1,2016-07-25 14:11:43,2016-07-25 14:11:43
C11662,1,10,2016-07-02 20:33:34,2016-08-19 18:37:41
C11663,1,49,2016-07-08 17:54:32,2016-12-31 17:07:00
C11664,1,2,2016-11-07 19:29:38,2016-11-09 23:30:32
C11665,1,1,2016-12-31 06:58:34,2016-12-31 06:58:34
C11666,1,12,2016-07-03 22:41:22,2016-12-01 15:19:18
C11667,1,2,2016-07-21 21:39:25,2016-09-07 01:41:18
C11668,2,32,2016-07-07 11:50:45,2016-10-16 15:46:40
C11669,1,1,2016-07-21 22:24:59,2016-07-21 22:24:59
C11670,2,1186,2016-07-04 00:44:49,2016-12-31 23:57:27
C11671,1,1,2016-11-16 16:25:35,2016-11-16 16:25:35
C11672,1,1,2016-11-23 16:12:38,2016-11-23 16:12:38
C11673,1,9,2016-07-05 16:08:47,2016-10-03 21:15:37
C11674,1,21,2016-07-06 07:46:19,2016-11-19 00:59:13
C11675,1,2,2016-12-18 16:37:07,2016-12-22 10:02:56
C11676,1,1,2016-08-12 15:39:41,2016-08-12 15:39:41
C11677,2,170,2016-07-04 17:26:12,2016-12-31 21:53:41
C11678,1,10,2016-07-15 15:29:08,2016-12-05 15:30:03
C11679,1,3,2016-08-07 20:08:40,2016-12-03 14:45:48
C11680,1,1,2016-07-31 02:00:45,2016-07-31 02:00:45
C11681,1,5,2016-08-10 22:34:37,2016-12-28 23:39:04
C11682,1,2,2016-09-06 16:41:42,2016-12-22 23:47:58
C11683,1,1,2016-07-11 18:57:15,2016-07-11 18:57:15
C11684,1,6,2016-07-20 19:16:54,2016-09-16 16:53:42
C11685,1,3,2016-07-26 01:08:58,2016-09-08 13:01:03
C11686,1,4,2016-10-22 03:32:30,2016-11-06 22:29:57
C11687,2,272,2016-07-02 18:41:01,2016-12-26 23:16:56
C11688,1,3,2016-07-20 21:17:52,2016-07-21 01:41:31
C11689,1,3,2016-08-15 03:44:58,2016-11-29 10:09:33
C11690,1,59,2016-07-19 00:28:47,2016-12-31 21:23:26
C11691,1,11,2016-07-06 17:17:18,2016-12-31 19:31:24
C11692,1,3,2016-10-03 18:11:10,2016-10-03 18:59:11
C11693,1,1,2016-10-21 23:47:29,2016-10-21 23:47:29
C11694,1,1,2016-07-14 03:01:33,2016-07-14 03:01:33
C11695,1,4,2016-07-10 16:46:10,2016-12-07 14:13:11
C11696,1,1,2016-07-28 19:31:29,2016-07-28 19:31:29
C11697,1,4,2016-08-12 19:27:33,2016-10-03 21:26:18
C11698,1,5,2016-07-11 18:41:02,2016-11-14 12:35:50
C11699,1,1,2016-07-17 03:09:10,2016-07-17 03:09:10
C11700,1,8,2016-07-18 19:32:34,2016-10-27 01:49:12
C11701,1,2,2016-07-02 18:02:16,2016-07-06 22:15:39
C11702,1,29,2016-07-02 17:00:55,2016-12-24 02:33:43
C11703,1,3,2016-08-12 06:23:06,2016-08-26 17:04:52
C11704,1,173,2016-07-04 18:13:07,2016-12-31 20:23:03
C11705,1,1,2016-11-07 16:29:56,2016-11-07 16:29:56
C11706,1,2,2016-11-21 17:06:41,2016-12-08 01:53:48
C11707,1,5,2016-08-18 18:27:18,2016-12-22 12:42:33
C11708,1,3,2016-07-24 17:40:03,2016-09-19 20:18:14
C11709,2,4209,2016-07-02 00:13:36,2016-12-28 20:11:35
C11710,1,3,2016-07-27 18:15:32,2016-11-02 19:13:35
C11711,1,1,2016-08-24 01:02:47,2016-08-24 01:02:47
C11712,1,1,2016-07-15 15:50:04,2016-07-15 15:50:04
C11713,1,1,2016-08-18 17:30:19,2016-08-18 17:30:19
C11714,1,28,2016-07-06 15:14:39,2016-12-20 23:46:34
C11715,1,2,2016-07-08 01:22:17,2016-11-29 15:28:57
C11716,1,99,2016-07-07 17:22:05,2016-12-29 18:58:41
C11717,1,33,2016-07-08 20:20:47,2016-12-25 21:01:40
C11718,1,4,2016-07-29 03:42:00,2016-12-29 00:24:07
C11719,1,1,2016-07-14 21:39:47,2016-07-14 21:39:47
C11720,1,4,2016-09-05 21:19:12,2016-11-04 14:17:14
C11721,1,1,2016-12-21 00:52:49,2016-12-21 00:52:49
C11722,2,31,2016-07-07 00:11:26,2016-12-31 14:00:50
C11723,1,2,2016-12-02 20:26:14,2016-12-13 17:08:26
C11724,1,1,2016-12-28 14:43:43,2016-12-28 14:43:43
C11725,1,6,2016-08-29 22:51:40,2016-10-23 17:27:07
C11726,1,2,2016-07-02 22:21:10,2016-11-24 01:39:32
C11727,1,2,2016-09-24 01:22:16,2016-11-19 22:04:59
C11728,1,3,2016-07-10 20:53:34,2016-10-06 23:33:27
C11729,1,2,2016-07-14 22:40:57,2016-07-17 18:21:01
C11730,1,53,2016-07-06 14:30:10,2016-12-28 03:49:17
C11731,1,1,2016-07-10 16:51:49,2016-07-10 16:51:49
C11732,1,8,2016-08-07 01:40:33,2016-12-29 18:29:20
C11733,1,15,2016-07-12 02:17:06,2016-12-01 20:32:26
C11734,1,16,2016-07-07 20:11:58,2016-12-04 20:40:41
C11735,1,9,2016-09-23 02:34:31,2016-12-02 15:36:07
C11736,1,6,2016-07-13 16:46:09,2016-12-31 23:15:13
C11737,1,17,2016-07-14 22:36:56,2016-12-24 13:53:26
C11738,1,24,2016-07-04 15:26:00,2016-12-13 23:44:23
C11739,1,2,2016-08-22 16:11:57,2016-11-16 23:12:05
C11740,1,12,2016-07-13 22:26:26,2016-12-14 20:47:54
C11741,1,32,2016-07-23 17:52:46,2016-12-26 22:14:56
C11742,1,2,2016-12-05 22:25:18,2016-12-18 00:18:43
C11743,2,214,2016-07-02 12:02:24,2016-12-28 15:54:29
C11744,1,1,2016-07-24 18:24:48,2016-07-24 18:24:48
C11745,1,7,2016-07-24 20:33:13,2016-12-11 23:55:07
C11746,1,1,2016-07-10 04:49:13,2016-07-10 04:49:13
C11747,1,2,2016-08-28 01:23:46,2016-09-03 20:14:44
C11748,1,1,2016-10-03 04:48:27,2016-10-03 04:48:27
C11749,1,5,2016-07-19 15:10:05,2016-11-05 23:10:26
C11750,1,15,2016-07-09 06:52:54,2016-12-26 13:02:53
C11751,1,5,2016-07-22 17:26:58,2016-12-14 19:23:23
C11752,1,3,2016-10-27 19:18:02,2016-12-23 15:29:41
C11753,1,1,2016-08-25 19:08:03,2016-08-25 19:08:03
C11754,1,90,2016-07-12 21:15:50,2016-12-31 14:28:43
C11755,1,9,2016-07-15 21:00:06,2016-12-20 01:52:15
C11756,1,2,2016-07-27 22:07:16,2016-11-06 02:32:49
C11757,1,1,2016-08-10 02:42:27,2016-08-10 02:42:27
C11758,1,2,2016-07-15 03:31:01,2016-11-23 18:52:38
C11759,1,3,2016-07-06 14:41:32,2016-08-05 19:46:49
C11760,1,20,2016-07-05 20:47:51,2016-11-19 04:06:52
C11761,1,4,2016-08-08 21:06:27,2016-09-20 02:16:10
C11762,1,31,2016-07-20 20:26:57,2016-12-20 23:38:14
C11763,1,1,2016-10-14 21:46:50,2016-10-14 21:46:50
C11764,1,1,2016-11-06 14:27:19,2016-11-06 14:27:19
C11765,1,1,2016-07-03 20:50:23,2016-07-03 20:50:23
C11766,1,1,2016-07-15 16:10:35,2016-07-15 16:10:35
C11767,1,9,2016-07-15 14:18:05,2016-11-30 00:20:30
C11768,1,14,2016-07-02 18:00:07,2016-11-29 20:09:30
C11769,1,43,2016-07-05 02:58:40,2016-12-30 21:22:16
C11770,1,12,2016-07-09 04:06:57,2016-10-17 17:39:14
C11771,1,6,2016-07-05 19:28:53,2016-12-05 18:22:45
C11772,1,19,2016-07-25 14:44:20,2016-12-26 12:53:46
C11773,1,2,2016-07-29 17:52:28,2016-09-18 21:45:08
C11774,1,1,2016-12-08 00:14:10,2016-12-08 00:14:10
C11775,1,1,2016-12-18 20:50:37,2016-12-18 20:50:37
C11776,1,1,2016-08-28 18:10:00,2016-08-28 18:10:00
C11777,1,23,2016-07-04 01:30:04,2016-12-21 11:53:58
C11778,1,5,2016-07-15 20:16:43,2016-11-30 20:47:35
C11779,1,12,2016-08-01 22:12:58,2016-12-23 18:06:02
C11780,1,3,2016-08-13 07:14:34,2016-12-22 01:40:13
C11781,1,12,2016-07-03 01:55:31,2016-12-24 09:45:20
C11782,1,2,2016-07-22 03:04:29,2016-08-27 03:02:40
C11783,2,12,2016-10-05 19:16:39,2016-12-11 22:22:17
C11784,1,1,2016-07-27 23:03:31,2016-07-27 23:03:31
C11785,1,4,2016-10-14 00:58:55,2016-10-27 15:38:46
C11786,1,5,2016-11-05 12:37:42,2016-12-29 17:30:54
C11787,1,51,2016-07-07 05:56:19,2016-12-31 22:51:17
C11788,1,8,2016-07-03 04:46:03,2016-12-26 00:30:10
C11789,1,5,2016-07-14 20:25:11,2016-10-24 03:35:16
C11790,1,8,2016-07-18 19:53:28,2016-11-18 05:17:26
C11791,1,4,2016-07-07 01:41:51,2016-08-28 00:07:18
C11792,1,39,2016-07-08 19:33:57,2016-12-28 12:07:02
C11793,1,3,2016-08-13 18:53:14,2016-12-28 18:31:00
C11794,1,33,2016-07-05 01:23:38,2016-12-28 18:12:42
C11795,1,1,2016-09-30 02:40:57,2016-09-30 02:40:57
C11796,1,7,2016-07-04 17:31:27,2016-12-06 15:23:30
C11797,1,6,2016-07-05 21:26:34,2016-07-26 17:14:19
C11798,1,3,2016-07-16 16:47:22,2016-07-30 01:18:53
C11799,2,34,2016-07-18 21:03:35,2016-11-27 07:35:11
C11800,1,2,2016-07-24 04:12:26,2016-11-23 00:11:11
C11801,1,11,2016-07-19 02:48:30,2016-11-11 18:41:21
C11802,1,1,2016-07-08 20:06:53,2016-07-08 20:06:53
C11803,1,5,2016-08-24 19:31:20,2016-12-11 16:40:59
C11804,1,3,2016-07-19 19:32:24,2016-12-11 19:46:59
C11805,1,3,2016-07-05 02:14:19,2016-10-16 14:17:54
C11806,1,46,2016-07-03 16:56:41,2016-12-25 21:34:46
C11807,1,57,2016-07-06 03:33:39,2016-12-30 20:42:43
C11808,1,33,2016-07-04 17:59:56,2016-12-21 19:05:02
C11809,1,23,2016-07-03 22:04:54,2016-12-08 19:16:57
C11810,1,8,2016-07-20 01:37:22,2016-12-17 13:00:40
C11811,1,4,2016-11-05 15:03:51,2016-12-28 15:27:49
C11812,1,2,2016-09-28 23:16:28,2016-10-04 20:21:57
C11813,1,15,2016-08-09 20:43:06,2016-11-04 17:16:46
C11814,1,1,2016-10-11 18:34:20,2016-10-11 18:34:20
C11815,1,35,2016-07-25 18:27:42,2016-11-27 02:00:13
C11816,1,1,2016-07-12 02:34:14,2016-07-12 02:34:14
C11817,1,1,2016-11-29 18:55:35,2016-11-29 18:55:35
C11818,2,55,2016-07-04 03:02:06,2016-12-28 12:41:24
C11819,1,2,2016-10-02 18:35:11,2016-10-24 14:45:47
C11820,1,1,2016-07-29 04:16:31,2016-07-29 04:16:31
C11821,1,2,2016-07-11 17:53:45,2016-07-11 17:56:09
C11822,1,5,2016-07-18 17:24:45,2016-08-12 19:18:24
C11823,1,4,2016-07-06 04:25:17,2016-12-07 20:51:58
C11824,1,3,2016-11-07 22:39:51,2016-12-18 23:02:49
C11825,1,1,2016-07-25 22:28:34,2016-07-25 22:28:34
C11826,1,1,2016-08-01 15:51:17,2016-08-01 15:51:17
C11827,1,1,2016-09-03 06:15:39,2016-09-03 06:15:39
C11828,1,1,2016-07-19 15:34:40,2016-07-19 15:34:40
C11829,1,2,2016-09-08 15:51:27,2016-12-20 17:29:24
C11830,1,1,2016-07-11 18:24:03,2016-07-11 18:24:03
C11831,1,8,2016-07-05 04:34:13,2016-11-30 14:34:12
C11832,1,1,2016-10-06 23:43:15,2016-10-06 23:43:15
C11833,2,41,2016-07-14 17:16:53,2016-12-30 19:00:34
C11834,1,1,2016-12-30 18:07:40,2016-12-30 18:07:40
C11835,1,2,2016-10-01 18:46:54,2016-10-02 00:16:45
C11836,1,3,2016-10-17 02:12:13,2016-10-17 02:39:17
C11837,1,1,2016-08-09 22:10:15,2016-08-09 22:10:15
C11838,1,15,2016-07-14 21:28:05,2016-12-28 15:39:09
C11839,1,5,2016-08-16 02:36:19,2016-12-26 02:33:47
C11840,1,10,2016-07-09 05:27:41,2016-10-19 21:52:23
C11841,1,6,2016-07-11 17:00:21,2016-08-18 17:27:37
C11842,1,122,2016-07-05 01:11:23,2016-12-31 16:18:46
C11843,1,2,2016-07-05 21:34:42,2016-08-29 23:18:07
C11844,2,349,2016-07-04 00:48:13,2016-12-31 15:10:41
C11845,1,34,2016-07-13 03:08:20,2016-12-23 10:36:39
C11846,2,101,2016-07-04 02:09:42,2016-12-31 10:07:10
C11847,2,750,2016-07-05 01:03:16,2016-12-31 21:07:44
C11848,1,7,2016-09-08 12:42:13,2016-12-13 18:12:57
C11849,1,1,2016-08-16 02:23:37,2016-08-16 02:23:37
C11850,1,4,2016-07-10 17:39:30,2016-07-21 19:01:12
C11851,1,3,2016-09-17 13:21:24,2016-12-09 20:25:16
C11852,1,155,2016-07-02 17:46:28,2016-12-28 23:13:10
C11853,1,31,2016-07-06 07:25:14,2016-12-30 12:46:52
C11854,1,2,2016-07-14 18:51:54,2016-10-23 01:28:08
C11855,1,16,2016-07-04 19:16:10,2016-12-26 19:20:42
C11856,1,9,2016-07-07 12:10:09,2016-10-30 17:02:10
C11857,1,5,2016-07-07 02:38:07,2016-11-27 01:19:17
C11858,1,2,2016-07-17 02:49:56,2016-07-17 03:02:46
C11859,1,34,2016-07-03 21:51:43,2016-12-18 04:10:01
C11860,1,6,2016-08-24 20:17:07,2016-12-14 19:27:45
C11861,1,11,2016-07-08 11:50:12,2016-12-02 03:43:02
C11862,1,6,2016-07-19 01:19:08,2016-12-21 19:26:19
C11863,1,2,2016-08-03 15:50:22,2016-09-05 23:36:06
C11864,1,3,2016-10-02 18:38:47,2016-10-07 03:12:43
C11865,1,23,2016-07-09 16:30:34,2016-12-22 22:32:30
C11866,1,12,2016-07-06 22:08:23,2016-12-05 20:55:53
C11867,1,8,2016-07-04 14:57:13,2016-12-10 08:50:03
C11868,1,1,2016-07-28 02:15:49,2016-07-28 02:15:49
C11869,1,4,2016-10-26 19:34:49,2016-10-29 20:00:27
C11870,1,7,2016-07-12 13:40:04,2016-12-30 14:46:38
C11871,1,74,2016-07-04 02:38:27,2016-12-12 18:10:01
C11872,1,7,2016-07-02 22:15:42,2016-11-26 21:17:29
C11873,2,369,2016-07-02 05:09:48,2016-12-29 18:06:08
C11874,1,71,2016-07-05 01:47:17,2016-12-31 00:44:30
C11875,1,5,2016-07-28 03:54:05,2016-10-25 21:53:33
C11876,1,1,2016-09-14 21:19:42,2016-09-14 21:19:42
C11877,1,2,2016-09-02 21:39:51,2016-12-25 14:33:19
C11878,1,1,2016-08-31 04:52:33,2016-08-31 04:52:33
C11879,1,20,2016-07-09 21:27:03,2016-12-14 23:21:56
C11880,1,1,2016-09-29 22:12:51,2016-09-29 22:12:51
C11881,1,14,2016-07-13 16:27:30,2016-12-26 21:02:49
C11882,1,1,2016-07-05 17:31:26,2016-07-05 17:31:26
C11883,1,2,2016-07-02 03:55:32,2016-07-12 21:09:24
C11884,1,20,2016-07-03 20:22:16,2016-11-28 16:25:50
C11885,1,14,2016-07-18 14:33:22,2016-12-26 21:12:17
C11886,1,1,2016-12-03 17:22:55,2016-12-03 17:22:55
C11887,1,4,2016-10-08 23:20:20,2016-12-26 00:12:19
C11888,1,1,2016-11-05 14:50:43,2016-11-05 14:50:43
C11889,2,553,2016-07-06 00:06:04,2016-12-31 23:33:27
C11890,1,166,2016-07-05 00:13:01,2016-12-31 15:15:56
C11891,1,44,2016-07-03 19:00:17,2016-12-15 15:37:17
C11892,1,1,2016-08-15 19:28:33,2016-08-15 19:28:33
C11893,1,1,2016-09-02 00:49:30,2016-09-02 00:49:30
C11894,2,5,2016-07-07 13:18:52,2016-12-15 21:52:18
C11895,1,1,2016-10-31 21:00:42,2016-10-31 21:00:42
C11896,1,1,2016-09-16 20:15:50,2016-09-16 20:15:50
C11897,1,6,2016-07-31 22:48:16,2016-12-11 17:05:38
C11898,1,97,2016-07-05 02:48:43,2016-12-31 17:21:27
C11899,1,1,2016-09-04 20:24:43,2016-09-04 20:24:43
C11900,1,4,2016-08-06 18:52:52,2016-09-04 14:35:07
C11901,1,23,2016-08-05 14:17:03,2016-10-30 14:37:54
C11902,1,1,2016-10-27 02:40:31,2016-10-27 02:40:31
C11903,1,2,2016-07-29 04:17:28,2016-09-10 17:55:11
C11904,1,3,2016-07-18 23:38:59,2016-12-22 19:45:37
C11905,1,1,2016-08-10 15:03:38,2016-08-10 15:03:38
C11906,1,314,2016-07-02 17:38:30,2016-12-28 16:26:25
C11907,1,9,2016-07-04 00:37:14,2016-10-18 03:54:29
C11908,2,3,2016-07-28 19:53:14,2016-10-12 00:50:20
C11909,1,1,2016-12-16 15:58:25,2016-12-16 15:58:25
C11910,1,3,2016-07-19 01:11:23,2016-07-19 01:33:39
C11911,1,1,2016-10-09 18:38:02,2016-10-09 18:38:02
C11912,1,7,2016-07-11 23:34:14,2016-12-04 23:44:00
C11913,1,1,2016-07-05 10:46:37,2016-07-05 10:46:37
C11914,1,17,2016-07-03 18:07:51,2016-12-23 16:01:55
C11915,1,137,2016-07-03 18:53:18,2016-12-25 19:46:21
C11916,1,4,2016-07-06 03:55:34,2016-09-23 02:59:46
C11917,1,12,2016-07-02 07:31:02,2016-11-25 23:05:06
C11918,2,136,2016-07-07 20:32:37,2016-12-31 20:45:15
C11919,2,974,2016-07-02 00:03:07,2016-12-29 18:38:39
C11920,1,16,2016-07-11 21:06:31,2016-12-14 22:56:11
C11921,1,10,2016-07-22 13:40:59,2016-11-14 17:04:00
C11922,1,5,2016-10-28 14:40:46,2016-12-26 12:54:08
C11923,2,10361,2016-07-02 00:06:21,2016-12-29 23:49:47
C11924,1,3,2016-10-29 17:26:42,2016-11-30 21:39:39
C11925,1,1,2016-12-26 18:29:47,2016-12-26 18:29:47
C11926,1,31,2016-07-07 01:02:06,2016-12-31 01:27:49
C11927,1,29,2016-07-06 23:58:03,2016-12-11 18:11:37
C11928,1,2,2016-08-26 21:43:15,2016-10-07 22:31:37
C11929,2,560,2016-07-02 05:33:59,2016-12-30 18:44:18
C11930,1,2,2016-09-14 01:53:06,2016-10-25 01:25:32
C11931,1,1,2016-07-06 18:38:30,2016-07-06 18:38:30
C11932,1,3,2016-07-09 20:46:51,2016-10-04 16:15:44
C11933,1,1,2016-08-09 22:18:45,2016-08-09 22:18:45
C11934,1,1,2016-09-28 16:03:51,2016-09-28 16:03:51
C11935,1,1,2016-07-21 18:43:22,2016-07-21 18:43:22
C11936,1,36,2016-07-06 01:27:05,2016-12-05 14:07:54
C11937,1,2,2016-09-01 17:03:18,2016-09-01 17:03:45
C11938,2,11,2016-07-17 21:42:34,2016-11-29 00:02:24
C11939,1,1,2016-08-25 18:55:30,2016-08-25 18:55:30
C11940,1,104,2016-07-09 23:53:12,2016-12-31 17:15:16
C11941,1,1,2016-07-03 15:57:05,2016-07-03 15:57:05
C11942,1,35,2016-08-16 22:14:51,2016-11-27 18:09:45
C11943,1,2,2016-07-21 22:45:26,2016-07-22 23:38:10
C11944,1,14,2016-07-06 13:58:32,2016-10-31 14:15:34
C11945,2,582,2016-07-04 01:03:32,2016-12-31 21:42:03
C11946,1,1,2016-08-23 20:32:39,2016-08-23 20:32:39
C11947,1,1,2016-08-03 20:27:37,2016-08-03 20:27:37
C11948,1,1,2016-11-08 02:19:51,2016-11-08 02:19:51
C11949,1,5,2016-08-09 15:14:49,2016-12-23 13:47:59
C11950,1,1,2016-11-16 12:24:35,2016-11-16 12:24:35
C11951,1,68,2016-07-05 18:00:48,2016-12-22 19:58:23
C11952,1,28,2016-07-05 22:40:33,2016-12-26 02:15:33
C11953,1,3,2016-07-07 21:01:54,2016-07-20 02:33:56
C11954,1,1,2016-09-05 22:24:26,2016-09-05 22:24:26
C11955,1,1,2016-07-29 18:34:30,2016-07-29 18:34:30
C11956,1,1,2016-12-14 09:18:36,2016-12-14 09:18:36
C11957,1,2,2016-07-16 21:03:13,2016-12-14 01:24:00
C11958,1,30,2016-07-05 23:29:25,2016-11-05 15:14:31
C11959,2,34,2016-07-06 22:01:58,2016-12-23 18:49:27
C11960,1,3,2016-07-14 15:38:02,2016-10-28 15:24:13
C11961,1,1,2016-09-10 23:44:20,2016-09-10 23:44:20
C11962,1,32,2016-07-07 18:52:42,2016-12-29 12:53:45
C11963,1,1,2016-09-08 05:03:19,2016-09-08 05:03:19
C11964,1,32,2016-07-04 23:29:57,2016-12-31 14:46:19
C11965,1,230,2016-07-03 15:51:01,2016-12-28 17:21:12
C11966,2,16,2016-10-01 17:14:48,2016-12-29 16:59:20
C11967,1,17,2016-09-02 22:04:23,2016-12-13 17:59:02
C11968,1,33,2016-07-03 22:46:46,2016-12-20 01:35:08
C11969,1,1,2016-11-11 03:58:48,2016-11-11 03:58:48
C11970,1,88,2016-07-03 04:11:45,2016-12-28 01:23:11
C11971,1,2,2016-12-07 00:25:01,2016-12-07 00:52:27
C11972,1,5,2016-08-27 03:45:18,2016-10-07 19:15:15
C11973,1,24,2016-07-03 01:04:17,2016-12-31 03:43:18
C11974,1,1,2016-10-12 21:27:15,2016-10-12 21:27:15
C11975,1,2,2016-07-05 00:30:42,2016-07-26 05:39:05
C11976,1,3,2016-12-03 16:32:48,2016-12-03 16:55:13
C11977,1,2,2016-08-15 17:38:25,2016-10-09 02:22:08
C11978,1,1,2016-08-12 18:12:27,2016-08-12 18:12:27
C11979,1,1,2016-07-17 16:54:16,2016-07-17 16:54:16
C11980,1,28,2016-07-12 04:56:11,2016-12-26 17:40:55
C11981,1,4,2016-07-23 17:05:22,2016-11-01 05:40:46
C11982,1,16,2016-08-11 22:00:50,2016-12-29 13:09:58
C11983,1,1,2016-07-23 22:43:45,2016-07-23 22:43:45
C11984,1,3,2016-07-11 01:44:40,2016-07-29 16:52:43
C11985,1,25,2016-07-04 17:30:08,2016-11-29 19:57:54
C11986,1,1,2016-12-21 03:34:52,2016-12-21 03:34:52
C11987,1,47,2016-07-25 00:41:05,2016-09-29 00:02:29
C11988,1,1,2016-11-01 22:36:41,2016-11-01 22:36:41
C11989,1,7,2016-07-22 20:18:08,2016-12-04 15:32:35
C11990,1,1,2016-12-06 16:52:00,2016-12-06 16:52:00
C11991,1,3,2016-09-19 03:12:32,2016-09-19 03:36:21
C11992,1,8,2016-07-19 13:43:05,2016-12-24 18:47:35
C11993,1,8,2016-10-11 01:56:37,2016-12-17 12:32:50
C11994,1,1,2016-09-10 01:06:01,2016-09-10 01:06:01
C11995,1,16,2016-07-03 15:12:41,2016-12-20 14:18:52
C11996,2,34,2016-07-08 19:26:39,2016-12-31 20:19:37
C11997,1,7,2016-07-31 22:27:14,2016-12-22 16:45:35
C11998,1,16,2016-07-15 22:25:33,2016-10-11 12:36:05
C11999,1,5,2016-08-24 00:12:21,2016-11-01 01:39:59
C12000,1,2,2016-11-10 14:23:13,2016-12-15 20:47:50
C12001,1,30,2016-07-09 16:00:10,2016-12-22 13:44:41
C12002,1,15,2016-07-09 19:56:15,2016-12-13 00:01:29
C12003,1,40,2016-07-02 19:27:53,2016-12-24 23:42:02
C12004,1,1,2016-10-06 19:52:21,2016-10-06 19:52:21
C12005,1,15,2016-07-13 18:49:57,2016-12-24 12:49:09
C12006,1,2,2016-07-08 09:41:59,2016-09-24 20:54:42
C12007,2,116,2016-07-03 20:03:40,2016-12-30 17:44:50
C12008,1,1,2016-07-22 18:20:43,2016-07-22 18:20:43
C12009,1,24,2016-07-08 16:59:39,2016-11-03 22:17:19
C12010,1,1,2016-09-05 14:23:52,2016-09-05 14:23:52
C12011,1,106,2016-07-06 13:08:26,2016-12-30 19:39:59
C12012,1,89,2016-07-08 14:10:43,2016-12-23 16:09:02
C12013,1,2,2016-10-26 17:05:45,2016-12-16 16:16:24
C12014,1,1,2016-09-24 15:57:19,2016-09-24 15:57:19
C12015,1,7,2016-07-17 16:23:10,2016-09-10 20:41:34
C12016,1,24,2016-07-14 16:47:55,2016-12-27 18:15:34
C12017,1,4,2016-07-27 20:49:29,2016-11-25 17:41:56
C12018,1,9,2016-08-04 02:39:28,2016-11-02 13:11:38
C12019,1,1,2016-11-24 16:53:15,2016-11-24 16:53:15
C12020,1,2,2016-07-07 18:47:22,2016-08-15 23:25:10
C12021,1,42,2016-10-28 21:15:34,2016-12-31 23:19:17
C12022,1,1,2016-07-08 23:40:07,2016-07-08 23:40:07
C12023,1,1,2016-08-21 21:07:36,2016-08-21 21:07:36
C12024,1,3,2016-08-30 00:03:30,2016-11-23 15:08:17
C12025,1,2,2016-09-23 13:34:22,2016-12-10 19:17:41
C12026,1,1,2016-07-23 06:31:34,2016-07-23 06:31:34
C12027,1,17,2016-07-26 04:36:04,2016-12-19 20:11:10
C12028,2,332,2016-07-06 01:05:00,2016-12-31 21:11:31
C12029,1,1,2016-07-07 14:23:25,2016-07-07 14:23:25
C12030,1,47,2016-07-02 15:24:07,2016-12-27 13:23:56
C12031,1,12,2016-07-25 13:27:42,2016-11-28 19:32:14
C12032,1,1,2016-08-06 15:31:18,2016-08-06 15:31:18
C12033,1,46,2016-07-18 00:50:14,2016-12-22 01:47:22
C12034,1,15,2016-07-09 22:24:50,2016-12-25 22:07:30
C12035,1,3,2016-08-12 03:02:33,2016-09-30 01:42:48
C12036,2,484,2016-07-03 14:39:05,2016-12-30 15:51:26
C12037,1,3,2016-10-02 21:21:05,2016-10-07 16:55:27
C12038,1,3,2016-07-28 22:46:31,2016-07-28 23:05:08
C12039,1,17,2016-07-05 13:22:20,2016-12-29 18:25:16
C12040,1,30,2016-07-06 04:30:34,2016-12-29 21:37:55
C12041,1,35,2016-07-03 18:26:27,2016-12-15 22:51:11
C12042,1,13,2016-07-13 19:04:43,2016-12-12 12:42:24
C12043,1,8,2016-07-15 22:35:24,2016-12-25 17:25:27
C12044,1,2,2016-07-03 20:26:22,2016-08-31 16:01:54
C12045,2,58,2016-07-05 22:43:06,2016-12-30 01:30:50
C12046,1,26,2016-07-16 04:16:29,2016-12-22 22:41:31
C12047,1,4,2016-07-26 16:16:55,2016-12-24 13:51:14
C12048,1,1,2016-08-13 14:12:09,2016-08-13 14:12:09
C12049,1,1,2016-10-13 16:54:40,2016-10-13 16:54:40
C12050,1,1,2016-07-24 17:38:46,2016-07-24 17:38:46
C12051,1,2,2016-08-03 16:22:01,2016-11-14 02:20:42
C12052,1,3,2016-08-22 19:43:03,2016-08-22 19:56:26
C12053,1,31,2016-07-20 17:04:34,2016-11-24 17:57:13
C12054,1,3,2016-07-24 23:49:52,2016-09-14 23:34:34
C12055,1,1,2016-07-19 01:40:42,2016-07-19 01:40:42
C12056,1,5,2016-07-21 17:40:32,2016-12-31 23:15:55
C12057,1,58,2016-07-07 17:45:43,2016-12-17 18:30:34
C12058,1,1,2016-08-04 01:00:31,2016-08-04 01:00:31
C12059,1,9,2016-08-01 20:02:27,2016-12-24 03:27:16
C12060,1,78,2016-07-02 19:39:38,2016-12-29 16:55:03
C12061,2,559,2016-07-04 01:36:44,2016-12-30 19:55:39
C12062,1,4,2016-07-10 22:01:33,2016-08-04 20:40:19
C12063,1,47,2016-07-06 20:45:19,2016-12-31 16:42:12
C12064,2,6,2016-07-28 00:54:49,2016-12-23 02:00:04
C12065,1,1,2016-10-11 01:41:00,2016-10-11 01:41:00
C12066,1,13,2016-07-09 17:27:35,2016-12-14 01:33:35
C12067,1,2,2016-08-16 05:41:58,2016-09-04 20:12:33
C12068,1,5,2016-07-05 14:15:39,2016-08-31 02:44:58
C12069,1,6,2016-07-14 23:48:34,2016-12-06 20:10:33
C12070,1,5,2016-08-20 20:23:44,2016-12-31 18:09:36
C12071,1,1,2016-07-26 19:00:33,2016-07-26 19:00:33
C12072,1,1,2016-12-31 03:33:25,2016-12-31 03:33:25
C12073,1,1,2016-08-05 16:21:16,2016-08-05 16:21:16
C12074,1,1,2016-07-27 13:47:12,2016-07-27 13:47:12
C12075,1,1,2016-12-21 23:23:00,2016-12-21 23:23:00
C12076,1,1,2016-08-25 17:30:48,2016-08-25 17:30:48
C12077,1,1,2016-08-04 16:29:48,2016-08-04 16:29:48
C12078,1,3,2016-11-19 22:31:26,2016-11-20 19:17:16
C12079,1,6,2016-07-25 14:14:10,2016-12-14 00:24:18
C12080,1,2,2016-08-14 05:46:30,2016-08-28 21:18:06
C12081,1,4,2016-09-03 17:05:14,2016-12-22 03:21:29
C12082,1,3,2016-10-09 21:36:42,2016-10-09 21:56:53
C12083,1,33,2016-07-11 00:21:29,2016-12-31 21:02:20
C12084,2,673,2016-07-02 02:46:18,2016-12-30 23:51:50
C12085,1,4,2016-10-14 00:17:03,2016-11-30 17:13:53
C12086,1,4,2016-09-25 17:29:51,2016-12-25 18:26:07
C12087,1,1,2016-10-06 23:24:54,2016-10-06 23:24:54
C12088,1,13,2016-07-28 18:27:26,2016-12-31 04:47:34
C12089,1,1,2016-09-08 21:54:12,2016-09-08 21:54:12
C12090,1,6,2016-09-02 14:35:36,2016-12-25 17:58:12
C12091,1,4,2016-09-13 23:43:21,2016-11-21 23:44:23
C12092,2,24,2016-07-21 20:58:48,2016-12-16 16:16:26
C12093,1,12,2016-07-22 00:15:03,2016-12-30 22:44:15
C12094,2,1722,2016-07-02 01:04:46,2016-12-28 18:38:57
C12095,1,1,2016-08-08 20:19:34,2016-08-08 20:19:34
C12096,1,4,2016-07-11 17:18:51,2016-12-09 02:19:40
C12097,1,77,2016-07-02 19:22:40,2016-12-28 18:15:10
C12098,1,22,2016-07-05 14:00:47,2016-12-15 19:16:41
C12099,1,3,2016-09-24 22:12:42,2016-11-02 04:33:14
C12100,1,1,2016-08-07 19:25:05,2016-08-07 19:25:05
C12101,1,2,2016-07-23 06:45:09,2016-07-23 06:51:39
C12102,1,48,2016-07-05 04:40:50,2016-12-31 13:19:36
C12103,1,170,2016-07-05 17:51:07,2016-12-31 19:08:30
C12104,1,146,2016-07-07 20:00:48,2016-12-31 17:58:23
C12105,1,3,2016-07-25 17:54:08,2016-08-15 17:24:02
C12106,1,1,2016-08-27 23:17:10,2016-08-27 23:17:10
C12107,1,1,2016-12-29 00:48:01,2016-12-29 00:48:01
C12108,1,5,2016-07-25 22:11:01,2016-09-21 20:50:32
C12109,1,28,2016-07-04 19:47:08,2016-12-19 21:11:16
C12110,1,4,2016-07-07 18:25:55,2016-12-20 00:39:48
C12111,1,47,2016-07-03 21:29:45,2016-12-04 04:41:09
C12112,1,1,2016-08-29 01:08:38,2016-08-29 01:08:38
C12113,1,1,2016-12-13 00:35:14,2016-12-13 00:35:14
C12114,1,3,2016-07-07 17:09:28,2016-09-12 03:09:02
C12115,1,4,2016-07-08 00:45:25,2016-12-25 13:38:03
C12116,1,1,2016-08-26 01:56:30,2016-08-26 01:56:30
C12117,1,18,2016-07-13 20:24:17,2016-12-29 13:25:15
C12118,1,2,2016-08-20 22:14:14,2016-11-10 20:10:08
C12119,1,23,2016-07-03 14:26:27,2016-12-11 20:57:56
C12120,1,1,2016-07-23 04:49:20,2016-07-23 04:49:20
C12121,1,13,2016-07-10 21:05:13,2016-11-09 20:37:34
C12122,1,2,2016-09-15 02:26:40,2016-11-16 18:50:23
C12123,1,12,2016-07-12 03:01:42,2016-12-15 03:40:59
C12124,2,201,2016-07-02 04:07:51,2016-12-30 16:16:42
C12125,1,10,2016-07-11 01:39:00,2016-12-20 23:23:26
C12126,1,2,2016-09-29 02:54:02,2016-09-29 03:05:50
C12127,1,4,2016-07-18 00:04:20,2016-09-11 06:09:56
C12128,1,90,2016-07-03 19:58:59,2016-12-18 19:01:38
C12129,1,2,2016-09-06 20:25:56,2016-12-11 22:21:28
C12130,1,1,2016-09-02 19:18:43,2016-09-02 19:18:43
C12131,1,6,2016-07-13 15:47:05,2016-12-08 18:22:00
C12132,2,311,2016-07-03 22:32:43,2016-12-31 19:46:08
C12133,1,1,2016-10-08 22:34:48,2016-10-08 22:34:48
C12134,1,31,2016-10-05 17:29:12,2016-12-30 15:38:01
C12135,1,1,2016-11-12 14:23:32,2016-11-12 14:23:32
C12136,2,476,2016-07-02 01:01:59,2016-12-28 20:34:27
C12137,1,11,2016-07-04 05:25:39,2016-11-02 22:23:22
C12138,1,1,2016-10-28 14:44:02,2016-10-28 14:44:02
C12139,1,4,2016-07-09 22:12:02,2016-08-05 20:29:16
C12140,1,1,2016-11-09 13:52:12,2016-11-09 13:52:12
C12141,1,5,2016-07-08 18:55:23,2016-11-09 00:52:46
C12142,1,5,2016-08-15 02:02:17,2016-12-29 23:00:51
C12143,1,1,2016-07-23 14:07:28,2016-07-23 14:07:28
C12144,2,85,2016-07-04 18:09:35,2016-12-15 20:56:09
C12145,1,32,2016-07-13 19:12:45,2016-12-22 22:26:40
C12146,1,111,2016-07-08 16:59:14,2016-12-31 16:49:53
C12147,1,7,2016-07-22 21:00:37,2016-07-27 17:44:06
C12148,1,1,2016-12-01 00:41:07,2016-12-01 00:41:07
C12149,1,1,2016-07-19 23:00:13,2016-07-19 23:00:13
C12150,1,51,2016-07-09 23:53:21,2016-12-30 15:07:43
C12151,1,7,2016-07-23 16:23:44,2016-12-02 14:41:44
C12152,1,4,2016-08-02 22:21:06,2016-10-28 03:40:25
C12153,1,3,2016-08-22 02:21:33,2016-10-05 22:42:40
C12154,1,3,2016-08-06 20:07:03,2016-12-09 03:32:10
C12155,1,2,2016-07-16 20:59:23,2016-09-16 17:26:03
C12156,1,1,2016-11-06 20:39:20,2016-11-06 20:39:20
C12157,1,10,2016-07-17 20:31:43,2016-12-22 23:51:33
C12158,1,9,2016-07-29 16:21:59,2016-12-02 21:22:18
C12159,1,3,2016-07-18 00:52:20,2016-12-11 16:16:53
C12160,1,11,2016-08-06 19:27:35,2016-12-11 10:57:49
C12161,1,15,2016-07-10 10:48:45,2016-12-15 00:06:13
C12162,1,7,2016-07-06 23:53:28,2016-12-06 22:53:36
C12163,1,4,2016-07-24 22:57:53,2016-11-14 13:41:31
C12164,1,2,2016-11-23 21:21:59,2016-11-24 23:44:13
C12165,2,18,2016-07-07 00:56:47,2016-12-11 02:01:27
C12166,2,3977,2016-07-03 00:40:14,2016-12-31 23:20:14
C12167,1,23,2016-07-06 18:01:03,2016-12-25 20:15:58
C12168,1,3,2016-07-17 16:55:30,2016-08-10 22:20:44
C12169,1,5,2016-07-15 15:45:51,2016-09-26 00:08:00
C12170,1,14,2016-07-12 01:32:03,2016-12-26 13:32:36
C12171,1,34,2016-07-04 14:36:14,2016-12-15 20:46:12
C12172,1,4,2016-07-16 16:26:32,2016-09-11 03:17:41
C12173,1,2,2016-08-07 00:26:40,2016-11-22 17:56:37
C12174,1,22,2016-10-18 16:04:41,2016-12-07 07:23:12
C12175,1,2,2016-12-28 22:53:34,2016-12-28 23:05:04
C12176,1,10,2016-10-03 16:57:44,2016-12-26 16:50:51
C12177,1,25,2016-07-07 13:20:45,2016-12-24 21:25:18
C12178,1,11,2016-07-27 14:40:05,2016-12-25 23:25:36
C12179,1,2,2016-08-13 16:30:38,2016-08-13 16:34:59
C12180,1,1,2016-07-04 12:40:23,2016-07-04 12:40:23
C12181,2,20,2016-07-29 14:32:39,2016-11-07 18:03:39
C12182,1,1,2016-10-02 16:48:30,2016-10-02 16:48:30
C12183,1,1,2016-07-28 18:05:22,2016-07-28 18:05:22
C12184,1,14,2016-07-09 20:56:59,2016-12-15 17:23:15
C12185,1,1,2016-12-20 13:06:44,2016-12-20 13:06:44
C12186,1,14,2016-07-14 03:49:46,2016-11-30 20:45:38
C12187,1,2,2016-09-29 00:39:24,2016-10-18 15:55:33
C12188,1,2,2016-08-03 16:08:19,2016-08-03 16:13:35
C12189,1,23,2016-07-04 20:07:28,2016-11-25 16:14:17
C12190,1,3,2016-10-31 15:57:23,2016-10-31 16:15:55
C12191,1,36,2016-07-16 15:20:11,2016-11-23 17:40:27
C12192,1,9,2016-07-06 16:44:32,2016-12-30 20:37:17
C12193,1,6,2016-10-20 01:06:53,2016-10-21 17:58:10
C12194,1,9,2016-07-13 00:38:12,2016-10-19 15:51:57
C12195,1,2,2016-07-09 00:49:35,2016-12-09 13:24:52
C12196,1,1,2016-08-13 16:54:16,2016-08-13 16:54:16
C12197,1,1,2016-07-16 05:37:18,2016-07-16 05:37:18
C12198,1,2,2016-07-08 21:00:01,2016-07-27 16:46:04
C12199,1,17,2016-07-23 17:53:18,2016-12-02 10:47:43
C12200,1,9,2016-10-26 15:28:21,2016-11-14 20:16:08
C12201,1,46,2016-07-03 17:27:08,2016-12-29 03:13:03
C12202,1,1,2016-07-22 15:01:25,2016-07-22 15:01:25
C12203,1,4,2016-07-20 21:52:05,2016-08-02 21:42:59
C12204,2,6,2016-10-21 19:17:32,2016-12-21 12:03:32
C12205,1,1,2016-12-22 20:00:57,2016-12-22 20:00:57
C12206,1,1,2016-09-25 21:21:40,2016-09-25 21:21:40
C12207,1,9,2016-07-06 02:00:26,2016-07-24 17:49:51
C12208,1,30,2016-07-03 19:47:24,2016-12-08 17:52:06
C12209,1,4,2016-07-04 16:33:01,2016-07-16 04:37:41
C12210,1,7,2016-07-17 20:50:47,2016-11-25 17:23:41
C12211,2,372,2016-07-03 14:08:33,2016-12-30 16:35:32
C12212,1,46,2016-07-25 05:40:58,2016-12-21 01:00:44
C12213,1,4,2016-08-08 01:52:22,2016-11-28 18:31:13
C12214,1,3,2016-07-17 18:26:42,2016-11-12 16:02:06
C12215,1,3,2016-10-12 14:24:52,2016-12-30 23:07:19
C12216,1,2,2016-07-23 14:48:17,2016-07-31 17:37:35
C12217,1,14,2016-07-14 09:08:14,2016-12-21 02:05:26
C12218,1,1,2016-11-12 19:54:56,2016-11-12 19:54:56
C12219,1,9,2016-08-07 22:20:56,2016-12-27 21:03:41
C12220,1,1,2016-10-24 14:55:07,2016-10-24 14:55:07
C12221,1,1,2016-07-14 17:58:09,2016-07-14 17:58:09
C12222,1,8,2016-09-29 19:27:11,2016-10-14 13:51:51
C12223,1,138,2016-07-03 13:46:25,2016-12-26 21:39:04
C12224,1,2,2016-11-22 03:18:57,2016-11-22 03:28:30
C12225,2,63,2016-07-03 21:26:47,2016-12-22 20:42:53
C12226,2,89,2016-07-04 12:04:01,2016-12-25 16:57:52
C12227,1,2,2016-07-31 20:53:48,2016-10-09 02:12:51
C12228,1,3,2016-09-05 15:07:49,2016-10-12 17:44:41
C12229,1,2,2016-10-11 17:22:50,2016-10-11 19:45:42
C12230,1,21,2016-07-07 18:40:14,2016-12-12 03:35:39
C12231,1,8,2016-07-10 20:36:46,2016-12-14 18:37:20
C12232,1,12,2016-07-05 19:58:35,2016-11-20 14:46:20
C12233,1,1,2016-07-03 22:43:54,2016-07-03 22:43:54
C12234,2,504,2016-07-02 01:10:40,2016-12-28 22:05:01
C12235,1,1,2016-07-21 20:49:44,2016-07-21 20:49:44
C12236,1,2,2016-08-26 04:52:11,2016-08-26 19:38:09
C12237,1,5,2016-07-23 19:54:26,2016-10-22 22:12:36
C12238,1,8,2016-07-03 03:46:47,2016-12-18 02:52:35
C12239,1,2,2016-08-30 21:15:05,2016-09-09 20:42:08
C12240,1,13,2016-07-11 02:03:40,2016-09-24 19:14:56
C12241,1,16,2016-07-04 17:26:59,2016-12-24 18:19:48
C12242,1,1,2016-08-10 21:45:12,2016-08-10 21:45:12
C12243,1,3,2016-07-09 23:49:31,2016-12-15 17:21:31
C12244,1,4,2016-07-27 15:12:20,2016-11-08 16:08:39
C12245,2,8,2016-07-04 03:05:23,2016-12-14 02:22:22
C12246,1,1,2016-09-25 19:25:20,2016-09-25 19:25:20
C12247,1,7,2016-07-11 03:08:22,2016-11-01 19:25:46
C12248,1,4,2016-07-31 20:58:33,2016-11-30 14:14:18
C12249,2,169,2016-07-04 18:53:52,2016-12-31 20:07:55
C12250,1,2,2016-07-19 02:13:38,2016-08-16 21:57:13
C12251,1,10,2016-07-21 16:52:54,2016-10-13 15:57:35
C12252,1,1,2016-08-27 04:50:00,2016-08-27 04:50:00
C12253,1,1,2016-08-08 17:23:15,2016-08-08 17:23:15
C12254,1,4,2016-07-15 15:47:12,2016-07-19 22:34:04
C12255,1,3,2016-12-22 18:03:34,2016-12-28 21:53:05
C12256,1,1,2016-10-02 16:15:29,2016-10-02 16:15:29
C12257,1,4,2016-07-15 15:43:14,2016-07-18 10:09:59
C12258,2,63,2016-07-08 06:45:41,2016-12-25 15:00:16
C12259,1,188,2016-07-04 18:21:46,2016-12-31 18:53:24
C12260,1,8,2016-07-21 15:57:16,2016-11-05 07:21:03
C12261,1,2,2016-07-07 21:56:45,2016-07-22 20:45:37
C12262,1,2,2016-07-17 12:08:13,2016-07-17 21:11:01
C12263,1,1,2016-07-25 20:13:42,2016-07-25 20:13:42
C12264,1,4,2016-07-18 18:24:11,2016-08-03 21:40:33
C12265,2,112,2016-07-06 03:27:13,2016-12-31 23:04:26
C12266,1,1,2016-07-22 02:10:06,2016-07-22 02:10:06
C12267,2,577,2016-07-05 00:13:05,2016-12-31 21:16:49
C12268,1,36,2016-07-17 16:45:45,2016-12-31 17:48:55
C12269,1,1,2016-08-02 21:14:59,2016-08-02 21:14:59
C12270,1,3,2016-07-22 19:35:41,2016-12-29 21:04:48
C12271,1,1,2016-11-10 20:08:56,2016-11-10 20:08:56
C12272,1,16,2016-07-11 16:10:45,2016-12-21 18:00:12
C12273,1,1,2016-10-20 22:43:07,2016-10-20 22:43:07
C12274,1,9,2016-07-31 16:43:22,2016-12-18 14:40:13
C12275,1,18,2016-07-21 16:05:57,2016-12-26 16:43:00
C12276,1,51,2016-07-03 23:38:51,2016-12-22 20:57:57
C12277,1,1,2016-12-26 23:22:23,2016-12-26 23:22:23
C12278,1,6,2016-07-23 19:28:57,2016-12-18 01:14:13
C12279,1,4,2016-07-20 14:28:51,2016-12-11 22:13:37
C12280,1,1,2016-07-11 02:43:48,2016-07-11 02:43:48
C12281,1,5,2016-09-02 03:18:37,2016-12-25 16:41:51
C12282,1,8,2016-07-30 22:14:24,2016-12-29 19:52:00
C12283,1,47,2016-07-17 05:33:18,2016-12-29 01:33:16
C12284,1,1,2016-09-12 00:08:25,2016-09-12 00:08:25
C12285,1,4,2016-07-13 04:03:53,2016-08-18 00:14:09
C12286,1,2,2016-09-29 20:10:53,2016-12-21 15:51:15
C12287,1,9,2016-07-17 16:16:10,2016-12-27 22:57:27
C12288,1,1,2016-07-12 16:19:08,2016-07-12 16:19:08
C12289,1,35,2016-07-02 23:52:28,2016-12-12 21:57:43
C12290,1,2,2016-09-23 02:44:06,2016-11-14 10:17:38
C12291,1,15,2016-07-09 16:28:55,2016-12-09 18:23:23
C12292,1,1,2016-07-05 21:57:03,2016-07-05 21:57:03
C12293,1,8,2016-07-14 21:48:16,2016-10-24 18:30:04
C12294,1,1,2016-10-05 16:51:14,2016-10-05 16:51:14
C12295,2,157,2016-07-04 18:38:57,2016-12-24 10:49:54
C12296,1,1,2016-09-08 09:27:47,2016-09-08 09:27:47
C12297,1,4,2016-08-08 19:44:39,2016-11-03 13:39:39
C12298,1,3,2016-07-14 00:30:52,2016-11-03 15:47:17
C12299,1,8,2016-07-26 06:30:00,2016-11-07 15:24:32
C12300,1,2,2016-07-26 02:16:47,2016-08-07 21:48:44
C12301,1,8,2016-07-06 00:14:41,2016-12-25 14:44:31
C12302,1,26,2016-07-07 21:16:39,2016-11-20 02:26:49
C12303,1,6,2016-08-27 00:36:34,2016-10-07 23:06:11
C12304,1,18,2016-07-14 14:28:15,2016-11-30 19:10:54
C12305,1,27,2016-07-04 00:34:05,2016-12-29 12:39:14
C12306,1,1,2016-12-19 14:00:48,2016-12-19 14:00:48
C12307,1,14,2016-07-03 23:37:20,2016-12-29 22:45:58
C12308,1,1,2016-07-21 22:19:45,2016-07-21 22:19:45
C12309,1,5,2016-07-17 05:28:16,2016-08-25 03:19:13
C12310,1,5,2016-07-07 22:13:19,2016-12-02 19:48:47
C12311,2,318,2016-07-02 12:38:58,2016-12-29 17:01:15
C12312,1,2,2016-07-04 13:10:16,2016-07-04 13:44:05
C12313,1,1,2016-07-26 21:54:00,2016-07-26 21:54:00
C12314,1,1,2016-12-27 22:55:41,2016-12-27 22:55:41
C12315,1,6,2016-07-31 00:14:23,2016-12-01 23:29:46
C12316,1,3,2016-11-13 18:51:49,2016-11-30 17:36:15
C12317,1,4,2016-07-11 22:07:35,2016-12-13 17:19:56
C12318,1,1,2016-08-13 13:58:12,2016-08-13 13:58:12
C12319,1,1,2016-07-22 15:17:27,2016-07-22 15:17:27
C12320,1,18,2016-07-03 14:43:32,2016-11-25 10:42:16
C12321,1,11,2016-07-02 21:08:33,2016-11-25 16:25:17
C12322,2,55,2016-07-04 04:28:07,2016-12-28 02:40:21
C12323,2,9,2016-07-30 21:16:54,2016-10-11 00:18:13
C12324,1,14,2016-07-13 15:43:38,2016-10-16 22:04:27
C12325,2,16,2016-08-04 14:50:52,2016-12-29 12:22:55
C12326,1,3,2016-07-31 04:27:29,2016-12-14 13:53:59
C12327,1,5,2016-07-16 14:40:37,2016-12-31 22:57:45
C12328,1,7,2016-09-24 16:26:50,2016-12-16 14:30:24
C12329,1,11,2016-09-20 00:42:10,2016-12-31 11:38:02
C12330,1,5,2016-08-03 23:30:53,2016-10-07 22:32:52
C12331,1,1,2016-10-28 23:21:39,2016-10-28 23:21:39
C12332,1,1,2016-07-31 07:22:24,2016-07-31 07:22:24
C12333,1,1,2016-08-09 17:36:48,2016-08-09 17:36:48
C12334,1,1,2016-07-12 15:46:43,2016-07-12 15:46:43
C12335,2,4,2016-11-20 15:29:22,2016-12-21 23:46:09
C12336,1,15,2016-07-16 16:26:55,2016-12-22 19:53:17
C12337,1,1,2016-12-07 20:41:46,2016-12-07 20:41:46
C12338,1,6,2016-07-19 20:42:23,2016-12-21 15:01:38
C12339,1,4,2016-07-18 19:43:47,2016-11-05 20:42:39
C12340,2,21,2016-09-22 20:28:58,2016-12-17 18:02:30
C12341,1,2,2016-07-23 00:38:45,2016-07-24 21:13:06
C12342,1,3,2016-07-18 18:12:58,2016-07-29 17:07:31
C12343,1,31,2016-07-10 18:28:04,2016-12-26 18:49:17
C12344,1,1,2016-07-31 03:00:48,2016-07-31 03:00:48
C12345,1,14,2016-07-02 15:24:15,2016-12-14 03:38:21
C12346,1,36,2016-07-10 22:12:08,2016-12-20 23:43:40
C12347,1,6,2016-07-24 12:29:52,2016-12-24 16:52:13
C12348,1,5,2016-07-10 00:27:38,2016-11-14 12:37:04
C12349,1,5,2016-07-06 17:02:57,2016-12-15 21:03:14
C12350,1,2,2016-07-12 14:18:26,2016-07-16 19:11:14
C12351,1,3,2016-07-21 14:58:28,2016-10-28 15:21:10
C12352,2,166,2016-07-03 10:51:23,2016-12-30 16:00:32
C12353,1,6,2016-08-01 23:17:15,2016-12-19 15:50:09
C12354,1,8,2016-07-12 21:47:33,2016-12-05 11:35:48
C12355,1,2,2016-08-03 15:33:08,2016-08-13 17:04:47
C12356,2,107,2016-07-06 18:21:04,2016-12-30 16:52:52
C12357,1,1,2016-07-13 04:11:30,2016-07-13 04:11:30
C12358,1,46,2016-07-04 18:01:57,2016-12-29 17:38:12
C12359,1,4,2016-08-30 05:50:27,2016-11-10 08:50:01
C12360,1,1,2016-10-13 12:54:45,2016-10-13 12:54:45
C12361,1,1,2016-10-13 20:14:47,2016-10-13 20:14:47
C12362,1,2,2016-07-24 01:50:46,2016-07-26 18:42:56
C12363,1,1,2016-10-16 02:00:52,2016-10-16 02:00:52
C12364,1,29,2016-07-07 17:37:01,2016-12-10 16:34:05
C12365,1,6,2016-07-19 20:35:25,2016-12-25 14:01:12
C12366,1,1,2016-07-15 12:27:37,2016-07-15 12:27:37
C12367,1,5,2016-07-16 19:45:56,2016-10-22 13:06:58
C12368,1,1,2016-07-04 15:24:44,2016-07-04 15:24:44
C12369,1,19,2016-07-20 21:37:08,2016-12-02 16:24:32
C12370,1,1,2016-07-05 19:23:32,2016-07-05 19:23:32
C12371,1,3,2016-07-18 14:31:59,2016-07-27 02:33:41
C12372,1,5,2016-07-06 03:32:12,2016-12-21 18:08:45
C12373,1,5,2016-10-31 18:01:12,2016-12-29 23:49:47
C12374,1,1,2016-08-10 22:59:44,2016-08-10 22:59:44
C12375,1,9,2016-07-10 22:10:01,2016-12-19 00:08:40
C12376,1,10,2016-07-27 19:14:37,2016-09-13 13:01:00
C12377,1,1,2016-11-10 22:26:25,2016-11-10 22:26:25
C12378,1,5,2016-09-11 00:00:39,2016-10-17 15:34:41
C12379,1,1,2016-10-03 19:05:38,2016-10-03 19:05:38
C12380,1,5,2016-07-14 23:15:55,2016-12-19 19:53:43
C12381,1,2,2016-08-07 03:47:15,2016-09-01 18:23:47
C12382,1,422,2016-07-06 14:47:52,2016-12-31 19:14:37
C12383,1,1,2016-07-09 04:15:10,2016-07-09 04:15:10
C12384,1,1,2016-10-19 21:27:42,2016-10-19 21:27:42
C12385,1,2,2016-08-16 22:53:38,2016-08-22 03:52:52
C12386,1,28,2016-07-15 23:37:32,2016-12-12 15:05:10
C12387,2,4,2016-07-22 00:36:02,2016-12-07 21:44:42
C12388,1,15,2016-07-08 00:18:13,2016-09-26 16:54:24
C12389,1,9,2016-07-25 21:19:06,2016-12-31 17:39:48
C12390,1,2,2016-09-01 15:10:04,2016-09-13 05:04:30
C12391,1,37,2016-07-07 17:33:51,2016-12-28 19:49:38
C12392,1,2,2016-10-30 01:53:27,2016-12-11 18:17:40
C12393,1,1,2016-07-17 20:25:19,2016-07-17 20:25:19
C12394,1,4,2016-07-26 20:53:42,2016-08-21 23:08:29
C12395,2,81,2016-07-05 18:36:42,2016-12-24 05:38:58
C12396,2,19,2016-07-04 00:06:14,2016-12-25 23:28:49
C12397,1,223,2016-07-03 08:20:09,2016-12-28 17:18:55
C12398,1,6,2016-07-15 18:45:41,2016-12-22 21:55:17
C12399,1,3,2016-08-04 23:17:11,2016-11-15 23:15:41
C12400,1,3,2016-08-14 16:57:46,2016-08-23 13:18:46
C12401,1,2,2016-11-05 01:20:09,2016-12-15 01:31:46
C12402,1,1,2016-07-29 14:21:18,2016-07-29 14:21:18
C12403,1,323,2016-07-06 15:05:44,2016-12-31 23:24:30
C12404,1,3,2016-12-02 16:16:53,2016-12-07 18:24:48
C12405,1,27,2016-07-05 13:51:27,2016-12-14 13:23:53
C12406,1,10,2016-07-25 00:50:50,2016-12-20 18:17:54
C12407,1,36,2016-07-04 03:53:14,2016-12-17 23:53:11
C12408,1,19,2016-07-06 15:06:46,2016-12-31 22:36:50
C12409,1,1,2016-09-08 18:46:48,2016-09-08 18:46:48
C12410,1,1,2016-09-13 14:56:17,2016-09-13 14:56:17
C12411,1,1,2016-07-15 20:19:49,2016-07-15 20:19:49
C12412,1,11,2016-08-10 20:34:21,2016-12-25 01:24:05
C12413,1,6,2016-07-22 12:47:31,2016-12-26 20:49:12
C12414,1,13,2016-08-07 02:18:04,2016-12-18 18:06:54
C12415,1,13,2016-07-13 16:00:31,2016-11-19 13:17:26
C12416,1,5,2016-07-08 16:59:11,2016-10-03 01:10:53
C12417,1,42,2016-07-02 13:05:12,2016-12-23 21:43:52
C12418,1,12,2016-07-05 07:48:55,2016-12-31 17:57:49
C12419,1,2,2016-07-28 20:08:16,2016-09-16 13:05:17
C12420,1,28,2016-07-07 02:44:25,2016-12-29 01:25:42
C12421,1,9,2016-07-31 14:24:53,2016-12-08 23:53:26
C12422,1,1,2016-08-12 02:13:09,2016-08-12 02:13:09
C12423,1,2,2016-10-04 17:51:05,2016-11-01 14:47:59
C12424,1,2,2016-07-22 21:00:25,2016-11-05 16:24:41
C12425,1,22,2016-07-05 23:53:26,2016-12-10 00:30:37
C12426,1,257,2016-07-02 12:23:48,2016-12-29 22:07:19
C12427,1,5,2016-08-06 22:25:47,2016-12-24 02:45:56
C12428,1,2,2016-07-23 18:14:34,2016-09-22 17:00:50
C12429,1,12,2016-07-20 17:04:34,2016-12-18 02:53:42
C12430,1,1,2016-09-15 02:03:32,2016-09-15 02:03:32
C12431,1,41,2016-07-03 17:45:50,2016-12-26 14:58:07
C12432,1,10,2016-08-04 17:01:46,2016-12-07 06:30:07
C12433,1,1,2016-11-22 20:04:44,2016-11-22 20:04:44
C12434,1,2,2016-07-21 21:23:05,2016-07-28 13:55:00
C12435,1,1,2016-08-18 00:15:45,2016-08-18 00:15:45
C12436,1,4,2016-11-02 18:45:13,2016-12-23 18:42:10
C12437,1,15,2016-08-07 05:06:10,2016-12-25 11:31:00
C12438,1,1,2016-11-16 20:32:44,2016-11-16 20:32:44
C12439,1,261,2016-07-04 14:03:34,2016-12-31 19:32:44
C12440,1,10,2016-07-14 01:52:24,2016-12-31 19:55:40
C12441,1,23,2016-07-16 03:11:49,2016-12-23 18:28:58
C12442,1,2,2016-07-29 22:43:58,2016-07-29 23:11:40
C12443,1,2,2016-07-26 21:57:05,2016-12-11 21:12:14
C12444,1,4,2016-07-21 22:48:07,2016-11-04 15:23:02
C12445,1,11,2016-07-16 02:31:09,2016-10-18 17:26:32
C12446,1,1,2016-10-11 19:19:22,2016-10-11 19:19:22
C12447,1,1,2016-09-16 01:10:52,2016-09-16 01:10:52
C12448,1,4,2016-07-09 17:47:34,2016-08-26 14:18:37
C12449,1,10,2016-07-07 20:22:40,2016-11-09 23:15:22
C12450,1,7,2016-07-22 19:27:24,2016-12-08 22:56:43
C12451,1,2,2016-07-09 13:42:26,2016-07-20 22:56:42
C12452,1,5,2016-07-15 18:56:42,2016-08-02 00:42:04
C12453,1,1,2016-07-09 19:07:11,2016-07-09 19:07:11
C12454,1,12,2016-07-03 22:35:12,2016-12-30 16:03:31
C12455,1,1,2016-12-06 01:58:00,2016-12-06 01:58:00
C12456,1,1,2016-08-31 20:51:24,2016-08-31 20:51:24
C12457,1,3,2016-07-24 23:47:54,2016-07-28 15:32:49
C12458,1,9,2016-07-10 02:28:35,2016-08-24 08:20:00
C12459,1,1,2016-09-23 19:31:55,2016-09-23 19:31:55
C12460,1,14,2016-07-10 15:27:01,2016-12-18 02:42:11
C12461,1,1,2016-08-12 21:08:36,2016-08-12 21:08:36
C12462,1,5,2016-08-05 13:14:37,2016-12-11 07:26:27
C12463,1,1,2016-09-12 13:48:45,2016-09-12 13:48:45
C12464,1,2,2016-08-17 23:20:15,2016-09-12 23:02:50
C12465,1,1,2016-07-25 19:17:41,2016-07-25 19:17:41
C12466,1,5,2016-07-17 16:19:25,2016-09-19 01:31:17
C12467,1,2,2016-09-07 05:01:53,2016-09-07 05:42:47
C12468,1,16,2016-07-15 23:45:21,2016-12-18 18:46:44
C12469,1,8,2016-07-07 14:18:16,2016-11-12 20:42:47
C12470,1,45,2016-07-13 20:35:35,2016-12-31 18:39:29
C12471,1,6,2016-07-04 01:13:47,2016-11-30 02:12:17
C12472,1,8,2016-09-11 12:24:00,2016-12-30 14:23:58
C12473,1,1,2016-12-26 22:21:42,2016-12-26 22:21:42
C12474,1,1,2016-11-02 18:47:24,2016-11-02 18:47:24
C12475,1,5,2016-09-09 01:48:57,2016-12-24 20:40:14
C12476,1,1,2016-07-17 21:42:16,2016-07-17 21:42:16
C12477,1,2,2016-08-27 03:54:45,2016-09-23 03:52:33
C12478,1,1,2016-08-28 23:46:29,2016-08-28 23:46:29
C12479,1,37,2016-07-16 21:42:57,2016-12-17 20:23:04
C12480,1,2,2016-08-12 04:01:01,2016-08-26 19:05:40
C12481,1,3,2016-08-25 00:59:06,2016-10-08 01:33:05
C12482,1,1,2016-10-03 23:03:55,2016-10-03 23:03:55
C12483,1,2,2016-07-29 02:14:24,2016-09-21 23:33:57
C12484,1,4,2016-07-13 19:12:45,2016-10-03 00:36:44
C12485,1,1,2016-09-30 19:06:45,2016-09-30 19:06:45
C12486,1,2,2016-07-17 04:27:14,2016-07-26 22:25:57
C12487,1,9,2016-07-18 02:31:20,2016-12-18 16:57:11
C12488,1,2,2016-07-11 17:55:01,2016-09-30 17:41:43
C12489,1,8,2016-07-02 15:04:37,2016-07-26 00:28:46
C12490,1,2,2016-11-19 20:26:50,2016-11-19 20:30:13
C12491,1,6,2016-07-08 13:12:47,2016-10-08 22:21:55
C12492,1,4,2016-07-25 22:44:00,2016-12-21 18:25:48
C12493,1,10,2016-07-18 19:56:06,2016-12-28 18:38:39
C12494,1,3,2016-07-07 23:52:40,2016-10-23 03:10:58
C12495,1,2,2016-09-12 22:48:24,2016-09-13 19:58:25
C12496,1,2,2016-07-05 12:44:40,2016-12-05 14:02:08
C12497,1,5,2016-07-14 22:12:41,2016-08-06 01:37:15
C12498,1,7,2016-07-29 17:30:27,2016-10-25 15:11:11
C12499,1,1,2016-09-15 18:30:50,2016-09-15 18:30:50
C12500,1,2,2016-07-18 14:19:57,2016-07-18 14:28:45
C12501,1,2,2016-09-18 03:25:33,2016-09-25 19:19:36
C12502,1,1,2016-11-06 19:47:04,2016-11-06 19:47:04
C12503,1,1,2016-07-22 02:28:28,2016-07-22 02:28:28
C12504,2,8,2016-07-16 17:07:15,2016-10-20 22:30:00
C12505,1,25,2016-07-04 14:30:42,2016-12-27 14:59:11
C12506,1,2,2016-10-18 22:26:18,2016-11-23 15:25:29
C12507,1,8,2016-07-20 03:18:37,2016-11-14 04:05:08
C12508,1,1,2016-09-01 14:16:51,2016-09-01 14:16:51
C12509,2,53,2016-07-08 00:35:34,2016-12-31 16:38:16
C12510,1,9,2016-07-11 19:23:48,2016-12-28 13:40:45
C12511,1,1,2016-12-08 14:18:09,2016-12-08 14:18:09
C12512,1,24,2016-07-03 03:13:06,2016-12-30 02:14:40
C12513,1,9,2016-07-06 14:38:07,2016-09-16 15:22:25
C12514,1,5,2016-07-23 20:13:50,2016-12-16 16:55:03
C12515,1,53,2016-07-08 16:13:23,2016-12-30 00:48:21
C12516,1,1,2016-07-22 19:35:40,2016-07-22 19:35:40
C12517,2,2067,2016-07-02 00:58:38,2016-12-28 21:28:16
C12518,1,1,2016-07-24 02:03:46,2016-07-24 02:03:46
C12519,1,19,2016-07-03 01:13:55,2016-12-29 16:10:22
C12520,1,7,2016-07-05 13:44:05,2016-12-15 16:45:01
C12521,1,2,2016-11-22 02:35:48,2016-11-22 03:05:59
C12522,1,1,2016-11-06 18:57:28,2016-11-06 18:57:28
C12523,1,18,2016-07-03 23:36:58,2016-12-26 17:57:10
C12524,1,2,2016-09-04 15:11:06,2016-12-26 22:39:44
C12525,1,87,2016-07-06 20:30:27,2016-12-30 23:23:57
C12526,1,1,2016-08-05 16:22:41,2016-08-05 16:22:41
C12527,1,15,2016-07-05 00:01:52,2016-12-12 19:18:40
C12528,1,2,2016-08-01 00:22:48,2016-09-13 23:51:59
C12529,1,1,2016-08-04 01:54:21,2016-08-04 01:54:21
C12530,1,1,2016-09-28 22:43:21,2016-09-28 22:43:21
C12531,1,2,2016-07-13 02:45:32,2016-11-24 00:54:29
C12532,1,15,2016-07-11 04:05:40,2016-12-15 22:26:32
C12533,1,2,2016-10-19 00:39:12,2016-10-28 22:34:23
C12534,1,6,2016-09-16 01:11:59,2016-12-23 00:22:10
C12535,1,1,2016-10-20 19:00:45,2016-10-20 19:00:45
C12536,1,5,2016-07-10 18:33:28,2016-10-14 23:32:14
C12537,1,5,2016-07-21 15:04:41,2016-12-25 03:55:04
C12538,1,10,2016-07-20 23:57:32,2016-12-26 17:27:44
C12539,1,1,2016-11-01 15:22:24,2016-11-01 15:22:24
C12540,1,5,2016-09-11 13:43:33,2016-12-07 22:01:15
C12541,1,1,2016-10-11 01:54:33,2016-10-11 01:54:33
C12542,1,46,2016-07-02 19:34:05,2016-12-24 15:06:23
C12543,1,1,2016-12-19 20:10:38,2016-12-19 20:10:38
C12544,1,19,2016-07-18 22:48:23,2016-12-26 22:57:19
C12545,1,1,2016-07-08 21:06:38,2016-07-08 21:06:38
C12546,1,2,2016-09-18 05:28:03,2016-09-18 06:03:08
C12547,1,6,2016-07-05 18:17:43,2016-12-27 15:34:38
C12548,1,3,2016-07-28 01:38:15,2016-08-26 23:21:18
C12549,1,4,2016-07-24 00:05:20,2016-12-19 16:50:38
C12550,1,10,2016-07-28 21:30:00,2016-11-17 22:45:39
C12551,1,1,2016-10-22 18:11:25,2016-10-22 18:11:25
C12552,1,17,2016-07-19 15:27:26,2016-11-27 10:59:04
C12553,1,1,2016-10-19 17:06:07,2016-10-19 17:06:07
C12554,1,2,2016-07-25 17:30:20,2016-08-06 15:56:40
C12555,1,2,2016-07-23 02:32:18,2016-12-28 00:17:51
C12556,1,3,2016-08-18 23:01:09,2016-10-07 14:24:00
C12557,1,5,2016-07-14 02:13:41,2016-11-17 11:15:47
C12558,1,1,2016-12-31 00:53:49,2016-12-31 00:53:49
C12559,1,11,2016-09-20 16:41:36,2016-12-25 01:55:10
C12560,1,1,2016-10-05 23:17:04,2016-10-05 23:17:04
C12561,1,26,2016-07-05 22:05:15,2016-12-27 12:20:56
C12562,1,7,2016-07-12 01:01:31,2016-12-31 16:39:23
C12563,1,1,2016-07-28 15:29:33,2016-07-28 15:29:33
C12564,1,4,2016-07-05 03:43:23,2016-07-06 23:36:06
C12565,1,7,2016-07-15 18:06:19,2016-12-15 15:34:29
C12566,1,2,2016-07-22 00:03:05,2016-12-12 16:40:36
C12567,1,1,2016-11-27 01:15:35,2016-11-27 01:15:35
C12568,1,49,2016-07-10 13:19:44,2016-12-29 00:36:19
C12569,1,3,2016-07-03 18:58:10,2016-07-11 13:55:30
C12570,1,1,2016-11-02 18:56:09,2016-11-02 18:56:09
C12571,1,8,2016-07-23 17:41:37,2016-11-16 15:53:00
C12572,1,87,2016-07-02 14:22:19,2016-12-18 22:37:20
C12573,1,1,2016-10-20 15:28:58,2016-10-20 15:28:58
C12574,1,33,2016-07-12 22:55:43,2016-12-12 16:05:33
C12575,1,1,2016-07-17 00:10:13,2016-07-17 00:10:13
C12576,1,1,2016-08-17 15:18:09,2016-08-17 15:18:09
C12577,1,2,2016-07-06 19:20:33,2016-08-10 16:44:21
C12578,1,44,2016-07-08 20:46:52,2016-12-30 20:03:05
C12579,1,8,2016-07-08 13:29:27,2016-11-11 22:33:14
C12580,1,2,2016-10-21 16:47:29,2016-11-28 18:58:54
C12581,1,13,2016-07-11 13:57:40,2016-11-19 23:33:56
C12582,1,2,2016-10-07 01:00:05,2016-11-17 20:12:02
C12583,1,84,2016-07-07 17:31:44,2016-12-30 18:48:28
C12584,1,2,2016-10-20 17:26:13,2016-11-04 17:14:25
C12585,1,91,2016-07-04 11:03:49,2016-12-31 13:07:59
C12586,1,76,2016-07-03 18:06:14,2016-12-30 15:42:01
C12587,1,3,2016-09-24 19:48:30,2016-12-25 04:04:36
C12588,1,2,2016-08-04 02:19:56,2016-08-05 05:58:45
C12589,1,2,2016-07-23 17:39:46,2016-07-24 17:55:16
C12590,1,7,2016-07-20 03:05:33,2016-10-15 23:26:07
C12591,1,3,2016-07-15 23:02:13,2016-07-29 00:15:40
C12592,1,19,2016-07-05 20:41:09,2016-12-16 17:39:43
C12593,2,156,2016-07-02 00:35:22,2016-12-28 06:39:12
C12594,1,3,2016-07-13 03:45:02,2016-07-24 15:25:29
C12595,1,10,2016-09-05 03:07:58,2016-12-30 08:50:02
C12596,1,3,2016-10-02 23:18:33,2016-10-23 21:56:55
C12597,1,1,2016-07-16 21:03:51,2016-07-16 21:03:51
C12598,2,728,2016-07-02 02:23:37,2016-12-28 20:27:57
C12599,1,1,2016-12-24 21:22:30,2016-12-24 21:22:30
C12600,1,2,2016-08-04 02:32:24,2016-10-15 00:14:57
C12601,1,1,2016-07-28 15:57:24,2016-07-28 15:57:24
C12602,1,51,2016-07-03 03:10:20,2016-12-29 15:59:56
C12603,1,1,2016-08-15 22:58:05,2016-08-15 22:58:05
C12604,1,7,2016-07-06 20:54:44,2016-12-21 17:18:25
C12605,1,3,2016-07-11 22:43:46,2016-12-29 19:57:53
C12606,1,3,2016-08-03 17:25:10,2016-10-19 15:57:21
C12607,1,7,2016-09-11 17:45:48,2016-12-02 09:27:43
C12608,1,5,2016-07-22 18:29:40,2016-09-27 00:41:41
C12609,1,6,2016-09-17 01:11:09,2016-12-13 00:07:52
C12610,1,5,2016-08-12 06:48:35,2016-11-07 20:15:15
C12611,1,7,2016-09-18 22:01:01,2016-12-17 12:17:09
C12612,1,2,2016-12-01 13:39:54,2016-12-02 18:12:12
C12613,1,1,2016-10-12 18:21:26,2016-10-12 18:21:26
C12614,1,15,2016-07-06 00:37:04,2016-12-26 01:19:23
C12615,1,1,2016-07-13 17:57:29,2016-07-13 17:57:29
C12616,1,3,2016-10-02 15:39:11,2016-12-23 17:48:48
C12617,1,1,2016-08-14 16:43:10,2016-08-14 16:43:10
C12618,1,2,2016-09-20 13:01:07,2016-10-02 19:25:07
C12619,1,1,2016-12-16 21:12:37,2016-12-16 21:12:37
C12620,1,3,2016-07-07 00:00:43,2016-10-12 14:51:37
C12621,1,1,2016-09-14 22:30:02,2016-09-14 22:30:02
C12622,1,37,2016-07-06 08:13:46,2016-12-28 22:34:06
C12623,1,1,2016-10-10 22:35:32,2016-10-10 22:35:32
C12624,1,1,2016-10-14 15:22:21,2016-10-14 15:22:21
C12625,1,4,2016-07-28 18:51:52,2016-11-10 12:50:06
C12626,2,74,2016-07-02 21:36:56,2016-12-25 23:00:08
C12627,1,2,2016-11-14 17:22:06,2016-11-14 17:25:00
C12628,2,38,2016-07-05 03:52:01,2016-12-27 21:24:58
C12629,1,56,2016-07-06 21:19:17,2016-12-28 18:46:32
C12630,1,1,2016-07-28 05:42:34,2016-07-28 05:42:34
C12631,1,1,2016-10-13 16:25:53,2016-10-13 16:25:53
C12632,1,24,2016-07-10 00:36:01,2016-12-28 21:02:18
C12633,1,4,2016-10-02 01:34:13,2016-11-28 03:20:54
C12634,1,84,2016-07-03 16:43:53,2016-12-15 17:54:38
C12635,1,1,2016-08-22 03:15:20,2016-08-22 03:15:20
C12636,1,6,2016-08-28 19:12:44,2016-10-21 19:07:51
C12637,1,30,2016-07-10 18:50:14,2016-12-31 01:45:11
C12638,1,16,2016-07-03 14:02:59,2016-12-02 11:01:29
C12639,1,2,2016-07-14 22:21:43,2016-07-14 22:48:15
C12640,1,1,2016-07-14 17:27:39,2016-07-14 17:27:39
C12641,2,87,2016-07-06 15:25:22,2016-12-28 21:06:07
C12642,1,3,2016-07-03 19:40:29,2016-07-04 00:34:05
C12643,1,1,2016-11-23 17:32:06,2016-11-23 17:32:06
C12644,1,2,2016-09-29 02:49:31,2016-09-30 04:01:19
C12645,1,31,2016-07-13 05:37:44,2016-12-21 17:49:17
C12646,1,13,2016-07-28 03:25:13,2016-12-24 21:28:31
C12647,1,1,2016-11-20 14:55:13,2016-11-20 14:55:13
C12648,1,2,2016-07-20 06:19:26,2016-08-27 02:14:28
C12649,1,1,2016-10-01 01:35:12,2016-10-01 01:35:12
C12650,1,1,2016-10-05 15:11:47,2016-10-05 15:11:47
C12651,1,3,2016-07-10 23:38:03,2016-12-16 00:49:33
C12652,1,16,2016-07-02 17:42:23,2016-10-02 18:41:10
C12653,1,1,2016-07-30 19:44:49,2016-07-30 19:44:49
C12654,1,2,2016-07-06 19:25:01,2016-09-25 18:18:59
C12655,1,78,2016-07-03 12:57:19,2016-12-22 19:02:27
C12656,1,57,2016-07-04 01:07:31,2016-12-28 17:58:26
C12657,1,2,2016-12-14 22:54:33,2016-12-14 22:54:55
C12658,1,18,2016-07-12 13:16:37,2016-12-01 00:14:00
C12659,1,1,2016-09-01 16:26:58,2016-09-01 16:26:58
C12660,1,7,2016-07-12 20:21:20,2016-12-21 00:28:25
C12661,1,1,2016-07-10 22:57:46,2016-07-10 22:57:46
C12662,1,4,2016-07-14 00:59:51,2016-09-12 22:25:36
C12663,1,1,2016-12-04 16:30:46,2016-12-04 16:30:46
C12664,1,3,2016-07-24 13:50:21,2016-10-13 04:44:29
C12665,1,2,2016-07-11 17:21:42,2016-09-13 20:14:54
C12666,1,32,2016-07-03 12:47:14,2016-12-21 14:36:05
C12667,1,51,2016-07-03 21:00:11,2016-12-24 19:13:41
C12668,1,1,2016-08-01 22:41:18,2016-08-01 22:41:18
C12669,1,2,2016-08-13 20:10:45,2016-09-11 15:47:06
C12670,1,1,2016-09-25 15:59:35,2016-09-25 15:59:35
C12671,1,1,2016-07-21 03:32:36,2016-07-21 03:32:36
C12672,1,32,2016-07-06 00:55:22,2016-12-30 14:11:06
C12673,1,1,2016-07-20 15:07:17,2016-07-20 15:07:17
C12674,1,1,2016-09-27 14:43:01,2016-09-27 14:43:01
C12675,1,9,2016-08-30 21:35:00,2016-12-11 11:49:41
C12676,1,3,2016-07-02 16:10:50,2016-11-20 12:36:42
C12677,1,23,2016-07-04 20:17:48,2016-12-14 14:53:17
C12678,1,4,2016-07-16 15:37:53,2016-11-02 16:25:53
C12679,1,2,2016-08-13 01:29:42,2016-08-15 00:42:45
C12680,1,121,2016-07-03 23:49:31,2016-12-25 22:22:31
C12681,1,2,2016-07-16 20:54:38,2016-10-18 13:56:50
C12682,1,364,2016-07-02 02:18:43,2016-12-27 16:40:39
C12683,1,1,2016-11-02 22:05:14,2016-11-02 22:05:14
C12684,1,1,2016-07-23 15:29:19,2016-07-23 15:29:19
C12685,1,3,2016-09-08 15:13:59,2016-10-27 14:55:11
C12686,1,24,2016-07-08 15:59:31,2016-11-19 22:28:39
C12687,1,3,2016-07-25 14:43:14,2016-10-10 19:03:18
C12688,1,1,2016-07-30 17:08:33,2016-07-30 17:08:33
C12689,2,6,2016-07-07 20:43:02,2016-10-28 18:38:20
C12690,2,1429,2016-07-04 00:29:55,2016-12-31 22:18:10
C12691,1,1,2016-12-22 20:49:23,2016-12-22 20:49:23
C12692,1,1,2016-07-11 17:45:29,2016-07-11 17:45:29
C12693,1,1,2016-11-02 21:51:04,2016-11-02 21:51:04
C12694,1,3,2016-07-03 18:00:41,2016-08-16 18:02:36
C12695,1,4,2016-07-26 07:16:59,2016-12-31 23:55:12
C12696,1,58,2016-07-03 21:45:43,2016-12-27 21:18:44
C12697,1,8,2016-07-17 00:55:35,2016-12-12 18:46:24
C12698,1,1,2016-12-06 19:11:00,2016-12-06 19:11:00
C12699,1,26,2016-07-07 23:20:18,2016-11-02 02:15:51
C12700,1,9,2016-08-06 18:31:42,2016-12-01 16:01:40
C12701,1,1,2016-08-08 14:52:15,2016-08-08 14:52:15
C12702,1,5,2016-07-29 05:03:04,2016-09-17 02:01:21
C12703,1,43,2016-07-05 02:25:31,2016-12-28 16:28:28
C12704,1,1,2016-07-14 22:43:02,2016-07-14 22:43:02
C12705,2,97,2016-07-19 18:42:57,2016-12-31 04:41:04
C12706,1,1,2016-11-09 16:26:24,2016-11-09 16:26:24
C12707,1,7,2016-07-25 15:22:09,2016-11-04 19:32:35
C12708,1,4,2016-08-29 16:36:23,2016-12-14 00:56:57
C12709,1,1,2016-07-23 16:58:34,2016-07-23 16:58:34
C12710,1,1,2016-07-21 22:21:06,2016-07-21 22:21:06
C12711,1,6,2016-07-13 03:28:56,2016-07-26 13:39:55
C12712,1,41,2016-07-03 00:15:11,2016-12-13 16:01:48
C12713,1,1,2016-10-07 01:38:28,2016-10-07 01:38:28
C12714,1,1,2016-09-04 17:55:23,2016-09-04 17:55:23
C12715,1,1,2016-07-18 17:47:28,2016-07-18 17:47:28
C12716,1,3,2016-07-24 18:34:21,2016-07-31 17:14:57
C12717,1,6,2016-07-27 21:34:45,2016-08-18 23:59:32
C12718,1,2,2016-09-25 01:12:51,2016-11-19 20:51:40
C12719,1,1,2016-12-05 01:50:44,2016-12-05 01:50:44
C12720,1,3,2016-07-25 15:26:45,2016-08-10 14:22:05
C12721,1,3,2016-11-27 01:21:39,2016-12-31 22:45:28
C12722,1,14,2016-07-02 02:31:48,2016-12-05 21:13:53
C12723,1,12,2016-07-11 21:29:26,2016-11-28 05:42:29
C12724,1,2,2016-10-11 20:00:38,2016-11-16 22:02:30
C12725,1,8,2016-09-07 00:22:33,2016-12-31 18:55:58
C12726,1,3,2016-07-06 23:39:57,2016-07-23 17:36:48
C12727,2,49,2016-07-05 14:16:42,2016-12-31 02:28:39
C12728,1,1,2016-12-20 13:00:21,2016-12-20 13:00:21
C12729,1,33,2016-07-15 15:31:38,2016-12-30 14:38:16
C12730,1,7,2016-07-03 13:42:31,2016-10-05 21:36:12
C12731,1,9,2016-07-10 05:20:19,2016-12-01 01:29:01
C12732,1,10,2016-07-09 19:20:30,2016-12-26 00:14:07
C12733,1,1,2016-07-07 19:40:06,2016-07-07 19:40:06
C12734,1,2,2016-07-11 01:10:54,2016-07-11 01:26:58
C12735,1,4,2016-11-03 19:16:24,2016-11-19 14:28:55
C12736,1,1,2016-07-30 22:29:46,2016-07-30 22:29:46
C12737,1,5,2016-07-10 23:59:32,2016-10-07 16:47:25
C12738,1,35,2016-07-02 15:19:54,2016-12-26 10:49:32
C12739,1,1,2016-11-10 12:59:56,2016-11-10 12:59:56
C12740,1,8,2016-07-05 02:30:41,2016-11-17 21:15:49
C12741,1,3,2016-10-10 23:00:28,2016-12-12 01:11:59
C12742,1,43,2016-07-06 23:16:51,2016-12-30 01:11:58
C12743,1,1,2016-08-05 01:45:53,2016-08-05 01:45:53
C12744,1,17,2016-08-04 21:45:09,2016-12-10 15:51:35
C12745,1,47,2016-07-04 02:03:43,2016-12-26 00:01:08
C12746,1,1,2016-11-13 03:30:23,2016-11-13 03:30:23
C12747,1,4,2016-07-15 15:19:33,2016-08-28 14:04:18
C12748,2,74,2016-07-06 16:38:44,2016-12-30 22:47:39
C12749,1,3,2016-11-23 19:48:57,2016-12-26 23:13:49
C12750,1,7,2016-07-04 21:02:28,2016-10-09 15:33:48
C12751,1,1,2016-09-29 21:36:37,2016-09-29 21:36:37
C12752,1,5,2016-07-16 17:18:30,2016-09-02 17:42:31
C12753,1,23,2016-07-05 17:57:22,2016-12-31 23:23:19
C12754,1,15,2016-07-22 04:24:59,2016-12-27 14:23:08
C12755,1,20,2016-07-15 15:28:48,2016-11-29 20:15:23
C12756,1,1,2016-12-08 17:19:12,2016-12-08 17:19:12
C12757,1,2,2016-07-22 18:17:54,2016-10-17 13:57:38
C12758,1,47,2016-07-02 00:53:25,2016-12-30 15:54:45
C12759,1,2,2016-12-25 22:15:54,2016-12-25 22:31:52
C12760,1,3,2016-07-12 21:07:52,2016-10-15 06:55:57
C12761,1,15,2016-07-15 22:54:13,2016-12-20 02:22:21
C12762,1,16,2016-07-08 08:29:48,2016-12-17 20:56:21
C12763,1,10,2016-07-05 17:36:30,2016-12-27 02:41:42
C12764,1,2,2016-08-05 21:40:07,2016-08-07 19:26:34
C12765,1,1,2016-12-21 03:28:11,2016-12-21 03:28:11
C12766,1,1,2016-10-30 06:59:05,2016-10-30 06:59:05
C12767,1,1,2016-07-24 14:13:47,2016-07-24 14:13:47
C12768,1,8,2016-07-28 00:51:18,2016-12-27 00:50:58
C12769,2,4,2016-08-30 02:32:05,2016-12-08 09:27:00
C12770,1,9,2016-07-03 22:23:56,2016-12-28 12:32:04
C12771,1,5,2016-07-17 17:58:14,2016-09-11 22:08:28
C12772,1,6,2016-07-08 23:50:45,2016-12-23 02:21:26
C12773,1,1,2016-08-13 19:34:22,2016-08-13 19:34:22
C12774,1,90,2016-07-09 20:53:03,2016-12-31 10:23:50
C12775,1,10,2016-07-14 23:39:03,2016-10-23 23:01:27
C12776,1,1,2016-07-08 17:40:17,2016-07-08 17:40:17
C12777,1,5,2016-07-07 16:40:55,2016-12-08 15:25:03
C12778,1,15,2016-07-03 23:29:26,2016-11-10 19:02:29
C12779,1,2,2016-07-28 01:18:47,2016-08-14 18:58:22
C12780,1,25,2016-07-11 22:48:39,2016-12-20 02:37:31
C12781,1,6,2016-09-16 22:39:23,2016-11-06 00:04:57
C12782,1,4,2016-08-16 19:58:33,2016-12-26 05:09:34
C12783,1,2,2016-10-22 00:07:27,2016-10-24 02:38:45
C12784,1,3,2016-07-12 16:00:53,2016-07-21 22:01:07
C12785,2,698,2016-07-06 01:45:54,2016-12-31 21:01:57
C12786,1,3,2016-07-06 21:12:24,2016-11-22 03:55:42
C12787,1,6,2016-07-12 15:46:58,2016-11-12 13:03:44
C12788,1,1,2016-09-19 16:51:25,2016-09-19 16:51:25
C12789,1,21,2016-07-30 21:31:16,2016-12-30 21:25:29
C12790,2,2,2016-10-25 03:45:18,2016-12-14 21:10:37
C12791,1,10,2016-07-04 18:01:55,2016-12-21 23:32:30
C12792,1,1,2016-08-04 18:18:01,2016-08-04 18:18:01
C12793,1,25,2016-07-14 12:41:16,2016-12-24 09:41:24
C12794,1,1,2016-12-25 15:20:04,2016-12-25 15:20:04
C12795,1,1,2016-07-28 15:05:44,2016-07-28 15:05:44
C12796,1,44,2016-07-03 00:00:00,2016-12-05 18:49:30
C12797,1,177,2016-07-04 20:35:42,2016-12-29 22:37:38
C12798,1,1,2016-08-14 15:55:14,2016-08-14 15:55:14
C12799,1,1,2016-09-06 19:48:08,2016-09-06 19:48:08
C12800,1,5,2016-08-03 00:41:07,2016-10-27 16:54:28
C12801,1,9,2016-07-18 05:36:39,2016-12-25 18:37:53
C12802,1,13,2016-07-03 18:56:23,2016-12-12 17:45:51
C12803,1,3,2016-10-20 07:45:31,2016-11-21 01:27:22
C12804,1,3,2016-07-19 16:43:41,2016-12-08 00:39:15
C12805,1,2,2016-07-17 09:19:29,2016-07-17 09:38:26
C12806,1,2,2016-07-21 00:46:24,2016-11-27 13:40:46
C12807,1,2,2016-11-09 14:40:31,2016-11-14 14:36:05
C12808,1,2,2016-10-06 18:52:49,2016-10-13 02:38:40
C12809,1,14,2016-07-12 15:10:00,2016-12-09 16:31:41
C12810,1,9,2016-08-30 18:37:34,2016-12-29 19:18:56
C12811,1,9,2016-07-18 05:56:48,2016-11-16 03:13:37
C12812,1,20,2016-07-19 16:51:33,2016-11-29 17:03:08
C12813,1,4,2016-07-22 23:00:40,2016-08-24 14:28:39
C12814,1,3,2016-08-17 00:41:48,2016-10-25 20:50:19
C12815,1,9,2016-07-06 01:53:58,2016-09-05 19:43:32
C12816,1,1,2016-12-12 17:29:23,2016-12-12 17:29:23
C12817,1,4,2016-11-02 23:20:00,2016-12-06 23:21:15
C12818,1,7,2016-07-16 16:05:43,2016-12-05 14:36:51
C12819,1,8,2016-07-16 23:15:07,2016-12-23 22:49:38
C12820,1,2,2016-07-27 16:42:43,2016-10-01 20:59:30
C12821,1,1,2016-09-03 21:50:35,2016-09-03 21:50:35
C12822,1,6,2016-07-22 15:53:50,2016-10-24 22:49:14
C12823,1,17,2016-07-20 14:53:19,2016-12-25 17:40:35
C12824,1,16,2016-07-11 04:19:49,2016-12-19 23:42:53
C12825,1,57,2016-07-12 18:27:00,2016-12-11 16:56:43
C12826,1,21,2016-07-02 22:25:52,2016-12-22 19:12:01
C12827,1,2,2016-09-24 23:58:54,2016-09-29 04:11:13
C12828,1,1,2016-11-15 01:25:41,2016-11-15 01:25:41
C12829,1,1,2016-07-02 15:44:47,2016-07-02 15:44:47
C12830,1,24,2016-07-12 13:24:49,2016-12-30 00:39:12
C12831,1,24,2016-07-03 15:23:51,2016-12-16 16:04:12
C12832,1,12,2016-07-14 04:49:17,2016-11-21 04:55:58
C12833,1,14,2016-07-02 13:56:46,2016-12-01 21:04:24
C12834,1,2,2016-10-03 17:29:27,2016-10-13 19:51:01
C12835,2,114,2016-07-05 02:43:40,2016-12-30 16:21:36
C12836,1,2,2016-08-21 23:03:27,2016-11-07 21:15:22
C12837,1,2,2016-07-21 01:44:35,2016-07-31 19:22:28
C12838,1,16,2016-07-03 22:33:20,2016-12-14 12:57:04
C12839,1,4,2016-08-09 15:48:24,2016-08-09 16:29:37
C12840,1,18,2016-07-08 08:23:03,2016-12-27 22:45:14
C12841,1,7,2016-07-03 00:00:30,2016-12-11 16:20:01
C12842,1,6,2016-07-07 19:25:31,2016-12-19 17:15:09
C12843,1,5,2016-07-18 07:16:09,2016-07-18 18:17:53
C12844,1,1,2016-07-27 13:20:30,2016-07-27 13:20:30
C12845,1,7,2016-07-22 01:08:38,2016-11-18 01:13:19
C12846,1,6,2016-07-11 22:48:29,2016-11-15 16:55:03
C12847,1,1,2016-08-06 18:45:18,2016-08-06 18:45:18
C12848,1,15,2016-07-16 19:35:43,2016-11-21 14:08:39
C12849,1,1,2016-12-17 15:11:27,2016-12-17 15:11:27
C12850,1,1,2016-08-03 01:46:51,2016-08-03 01:46:51
C12851,1,2,2016-08-02 06:58:40,2016-10-19 03:57:30
C12852,1,6,2016-07-03 00:30:28,2016-10-30 00:58:34
C12853,1,7,2016-07-11 19:42:58,2016-10-15 20:05:42
C12854,1,1,2016-07-21 15:21:06,2016-07-21 15:21:06
C12855,1,11,2016-07-21 14:59:50,2016-12-21 13:17:22
C12856,1,1,2016-12-23 16:28:54,2016-12-23 16:28:54
C12857,1,31,2016-07-05 18:34:57,2016-12-28 00:22:49
C12858,1,14,2016-07-10 14:43:50,2016-12-10 10:20:25
C12859,1,1,2016-09-29 03:40:40,2016-09-29 03:40:40
C12860,1,10,2016-08-22 01:23:56,2016-12-24 00:51:24
C12861,1,13,2016-07-09 20:37:24,2016-12-01 21:10:00
C12862,1,4,2016-09-27 17:53:58,2016-12-16 20:43:23
C12863,1,77,2016-07-02 01:17:26,2016-12-28 22:41:03
C12864,1,4,2016-11-10 16:44:36,2016-12-12 18:19:32
C12865,1,53,2016-07-05 18:45:01,2016-12-26 15:11:58
C12866,1,6,2016-10-02 18:11:08,2016-11-19 22:38:14
C12867,1,99,2016-07-08 20:25:27,2016-12-30 19:45:14
C12868,1,1,2016-07-24 18:51:43,2016-07-24 18:51:43
C12869,1,6,2016-08-28 23:57:40,2016-10-02 15:49:59
C12870,1,6,2016-07-18 14:29:52,2016-12-27 08:53:21
C12871,1,3,2016-07-10 17:51:42,2016-08-05 00:50:08
C12872,1,9,2016-07-21 02:00:14,2016-12-06 23:15:20
C12873,1,6,2016-09-06 16:32:51,2016-10-10 21:51:32
C12874,1,1,2016-09-06 15:01:52,2016-09-06 15:01:52
C12875,1,3,2016-08-07 19:29:32,2016-12-11 01:45:54
C12876,1,2,2016-07-15 04:06:13,2016-07-20 15:07:03
C12877,1,40,2016-07-08 22:50:24,2016-12-04 00:24:50
C12878,1,1,2016-08-15 20:02:57,2016-08-15 20:02:57
C12879,1,11,2016-07-16 17:30:49,2016-11-13 13:07:23
C12880,1,2,2016-08-18 02:56:23,2016-08-18 03:05:36
C12881,1,1,2016-07-21 17:54:54,2016-07-21 17:54:54
C12882,1,13,2016-08-04 21:23:38,2016-12-22 09:54:36
C12883,1,2,2016-07-17 17:24:43,2016-10-12 04:28:13
C12884,1,6,2016-07-07 21:50:37,2016-11-10 23:45:49
C12885,1,26,2016-07-04 23:35:14,2016-12-31 21:08:06
C12886,1,1,2016-08-21 13:37:14,2016-08-21 13:37:14
C12887,1,135,2016-07-05 17:43:03,2016-12-31 00:51:49
C12888,1,1,2016-07-07 04:03:40,2016-07-07 04:03:40
C12889,1,144,2016-07-03 14:50:09,2016-12-29 12:08:44
C12890,1,22,2016-07-18 22:53:46,2016-12-28 00:04:19
C12891,1,4,2016-07-17 03:26:48,2016-07-26 19:25:43
C12892,1,1,2016-12-14 13:33:29,2016-12-14 13:33:29
C12893,1,1,2016-10-14 07:35:33,2016-10-14 07:35:33
C12894,1,14,2016-07-02 13:36:45,2016-12-29 13:57:10
C12895,1,2,2016-09-28 14:24:57,2016-10-29 20:49:34
C12896,1,3,2016-09-14 23:36:25,2016-11-16 19:06:03
C12897,1,1567,2016-07-05 00:14:26,2016-12-31 22:23:06
C12898,1,1,2016-12-27 17:59:49,2016-12-27 17:59:49
C12899,1,3,2016-07-13 17:58:29,2016-08-24 16:55:54
C12900,2,100,2016-07-04 16:31:48,2016-12-19 21:33:34
C12901,1,26,2016-07-15 22:14:13,2016-12-31 22:38:40
C12902,2,11,2016-07-09 01:51:04,2016-12-26 18:00:17
C12903,1,2,2016-07-12 00:51:42,2016-07-18 17:02:29
C12904,1,1,2016-07-22 14:09:28,2016-07-22 14:09:28
C12905,1,3,2016-07-09 13:35:05,2016-11-17 16:01:22
C12906,1,3,2016-08-08 13:53:43,2016-10-22 15:40:25
C12907,1,36,2016-07-02 02:01:09,2016-12-30 22:00:51
C12908,1,1,2016-12-29 18:30:06,2016-12-29 18:30:06
C12909,2,17,2016-07-17 14:44:33,2016-11-04 01:41:52
C12910,1,6,2016-07-06 14:50:48,2016-07-22 01:58:59
C12911,1,14,2016-07-20 17:44:17,2016-12-05 19:50:58
C12912,1,3,2016-07-19 15:00:11,2016-11-05 20:39:05
C12913,1,49,2016-07-04 15:35:04,2016-12-30 19:30:07
C12914,1,1,2016-11-02 03:08:48,2016-11-02 03:08:48
C12915,1,1,2016-12-17 00:25:23,2016-12-17 00:25:23
C12916,1,10,2016-08-25 02:12:10,2016-12-31 19:18:00
C12917,1,2,2016-10-05 01:31:36,2016-12-31 18:58:36
C12918,1,2,2016-07-18 18:21:39,2016-07-30 17:04:27
C12919,1,3,2016-08-09 00:49:16,2016-12-15 19:46:43
C12920,1,17,2016-07-13 06:09:07,2016-12-30 15:00:45
C12921,1,7,2016-07-07 17:28:17,2016-12-21 16:17:20
C12922,1,20,2016-07-10 18:31:31,2016-12-29 17:19:41
C12923,1,3,2016-07-05 15:50:38,2016-10-11 04:32:03
C12924,1,4,2016-10-12 00:41:04,2016-10-22 21:44:58
C12925,1,86,2016-07-03 16:40:54,2016-12-30 18:05:04
C12926,1,1,2016-08-14 02:42:38,2016-08-14 02:42:38
C12927,1,3,2016-07-29 20:03:49,2016-08-31 17:56:26
C12928,1,5,2016-07-26 02:55:39,2016-11-01 19:12:53
C12929,1,6,2016-07-30 13:04:23,2016-09-12 22:50:33
C12930,1,17,2016-07-10 18:17:22,2016-12-31 01:28:27
C12931,2,3,2016-09-30 18:12:04,2016-12-28 01:26:06
C12932,1,433,2016-07-03 21:03:26,2016-12-31 22:36:38
C12933,1,3,2016-07-05 01:31:40,2016-11-03 16:54:46
C12934,1,7,2016-07-26 15:52:54,2016-08-17 21:03:41
C12935,1,20,2016-07-17 03:39:29,2016-12-25 15:37:12
C12936,1,35,2016-07-03 18:56:04,2016-12-21 23:01:28
C12937,1,1,2016-07-15 01:58:41,2016-07-15 01:58:41
C12938,1,2,2016-07-30 16:36:37,2016-07-30 16:40:11
C12939,1,11,2016-07-27 03:33:31,2016-12-19 23:36:28
C12940,1,2,2016-07-09 21:06:16,2016-07-30 15:32:32
C12941,1,5,2016-07-20 00:03:33,2016-12-30 03:16:02
C12942,2,1364,2016-07-02 00:28:15,2016-12-30 16:55:12
C12943,1,2,2016-07-27 23:47:14,2016-10-09 05:23:40
C12944,1,9,2016-07-20 16:15:35,2016-12-20 17:21:21
C12945,1,1,2016-07-20 19:56:55,2016-07-20 19:56:55
C12946,1,9,2016-07-04 04:43:46,2016-12-09 18:33:18
C12947,1,69,2016-07-03 15:21:02,2016-12-24 14:16:52
C12948,1,4,2016-07-25 02:14:45,2016-12-16 17:12:48
C12949,1,6,2016-07-07 23:44:09,2016-12-09 23:56:51
C12950,1,4,2016-07-16 13:54:28,2016-11-24 19:47:57
C12951,1,2,2016-08-23 14:51:15,2016-12-19 02:18:56
C12952,1,48,2016-07-04 20:46:34,2016-12-20 22:39:03
C12953,1,6,2016-07-05 00:15:07,2016-09-22 00:24:29
C12954,1,2,2016-07-05 01:51:34,2016-09-20 12:09:21
C12955,1,14,2016-07-07 15:07:13,2016-12-31 20:23:13
C12956,1,2,2016-10-09 21:44:09,2016-10-09 22:32:12
C12957,1,38,2016-07-03 15:36:56,2016-12-26 13:10:48
C12958,1,9,2016-07-11 21:45:12,2016-10-17 01:13:16
C12959,1,6,2016-07-05 22:41:54,2016-10-08 21:45:16
C12960,1,15,2016-07-16 02:21:50,2016-12-11 11:45:48
C12961,2,1799,2016-07-02 00:37:18,2016-12-28 23:04:06
C12962,1,1,2016-09-11 21:57:38,2016-09-11 21:57:38
C12963,1,2,2016-12-19 01:15:05,2016-12-19 01:25:22
C12964,1,10,2016-07-07 18:05:33,2016-09-20 23:06:30
C12965,1,8,2016-07-24 03:19:05,2016-07-24 14:30:28
C12966,1,218,2016-07-04 00:09:17,2016-12-31 18:33:09
C12967,1,6,2016-07-15 16:40:06,2016-12-07 20:35:45
C12968,1,1,2016-09-12 01:44:06,2016-09-12 01:44:06
C12969,1,5,2016-07-15 20:38:38,2016-12-20 15:17:14
C12970,1,2,2016-07-26 17:03:29,2016-09-17 17:02:32
C12971,1,2,2016-07-21 17:52:11,2016-07-21 18:10:22
C12972,1,2,2016-10-25 00:47:17,2016-12-06 15:28:54
C12973,2,177,2016-07-06 23:38:55,2016-12-31 19:57:38
C12974,1,5,2016-10-09 20:13:55,2016-11-26 20:30:49
C12975,2,170,2016-07-06 04:00:19,2016-12-31 17:58:10
C12976,1,3,2016-07-22 17:46:15,2016-09-24 14:13:13
C12977,1,5,2016-07-25 02:25:50,2016-11-14 21:27:04
C12978,1,1,2016-10-09 22:58:37,2016-10-09 22:58:37
C12979,1,4,2016-08-26 23:03:51,2016-12-31 16:37:04
C12980,1,19,2016-07-06 01:01:21,2016-11-18 11:22:41
C12981,1,71,2016-07-02 17:46:28,2016-12-29 18:28:54
C12982,1,262,2016-07-02 02:26:37,2016-12-21 23:44:25
C12983,1,206,2016-07-08 21:26:18,2016-12-31 22:30:44
C12984,2,56,2016-07-05 16:56:30,2016-12-27 13:38:23
C12985,1,5,2016-07-17 05:43:09,2016-11-17 17:32:52
C12986,1,13,2016-07-29 17:19:47,2016-12-29 14:41:39
C12987,1,202,2016-07-05 02:16:28,2016-12-24 02:49:16
C12988,1,8,2016-09-23 00:18:13,2016-10-30 21:42:52
C12989,1,32,2016-07-06 20:14:19,2016-12-31 21:20:20
C12990,1,27,2016-07-04 13:17:31,2016-12-16 08:50:33
C12991,1,195,2016-07-03 17:08:21,2016-12-30 20:34:02
C12992,1,14,2016-07-05 18:58:42,2016-11-25 02:00:50
C12993,1,64,2016-07-04 17:40:29,2016-12-29 17:52:40
C12994,1,1,2016-07-09 00:18:31,2016-07-09 00:18:31
C12995,1,3,2016-10-31 22:34:56,2016-12-17 14:34:51
C12996,1,30,2016-07-16 09:30:05,2016-12-29 22:35:28
C12997,1,1,2016-07-17 19:27:57,2016-07-17 19:27:57
C12998,1,1,2016-11-12 01:50:27,2016-11-12 01:50:27
C12999,2,7,2016-07-03 18:20:42,2016-12-11 22:22:25
C13000,2,49,2016-07-18 01:19:01,2016-12-31 01:03:16
C13001,1,332,2016-07-02 01:14:07,2016-12-28 23:18:56
C13002,1,1,2016-07-30 01:42:45,2016-07-30 01:42:45
C13003,1,1,2016-11-01 16:44:15,2016-11-01 16:44:15
C13004,1,3,2016-07-23 17:18:54,2016-08-07 22:13:20
C13005,1,27,2016-07-03 18:34:23,2016-12-23 20:37:36
C13006,1,1,2016-08-14 21:37:31,2016-08-14 21:37:31
C13007,1,117,2016-07-03 11:33:17,2016-12-30 17:54:25
C13008,1,1,2016-12-27 16:32:43,2016-12-27 16:32:43
C13009,2,3,2016-07-03 20:31:59,2016-09-12 16:39:18
C13010,1,1,2016-07-22 15:06:52,2016-07-22 15:06:52
C13011,1,5,2016-07-08 17:15:59,2016-09-13 18:08:48
C13012,1,3,2016-09-08 01:23:13,2016-10-10 18:48:41
C13013,1,13,2016-07-25 01:31:06,2016-11-27 21:41:23
C13014,1,39,2016-07-06 01:14:24,2016-12-20 00:55:17
C13015,2,230,2016-07-02 23:44:35,2016-12-29 15:47:11
C13016,1,10,2016-09-17 20:50:07,2016-12-04 02:05:16
C13017,1,1,2016-08-28 01:10:45,2016-08-28 01:10:45
C13018,1,18,2016-07-05 21:57:10,2016-11-26 21:07:18
C13019,1,12,2016-07-20 12:21:10,2016-12-30 13:24:32
C13020,1,2,2016-07-24 05:32:10,2016-07-24 06:43:40
C13021,1,6,2016-07-09 00:04:37,2016-10-01 13:09:03
C13022,1,7,2016-09-13 05:39:39,2016-12-08 22:46:27
C13023,1,6,2016-07-28 23:17:18,2016-10-25 15:37:54
C13024,1,1,2016-10-01 15:28:53,2016-10-01 15:28:53
C13025,1,6,2016-07-26 11:47:46,2016-10-03 20:32:47
C13026,1,14,2016-07-08 00:27:14,2016-12-17 16:08:02
C13027,1,21,2016-07-03 20:22:06,2016-12-29 00:59:44
C13028,1,12,2016-07-22 16:54:15,2016-12-21 18:36:02
C13029,1,3,2016-12-30 16:01:39,2016-12-31 17:43:38
C13030,1,2,2016-07-22 20:06:43,2016-11-09 17:58:09
C13031,1,15,2016-07-08 13:51:10,2016-12-16 21:59:50
C13032,2,36,2016-07-03 21:28:57,2016-12-23 19:21:35
C13033,1,27,2016-07-02 15:19:41,2016-12-28 17:04:49
C13034,1,50,2016-07-04 15:08:58,2016-12-25 19:50:19
C13035,1,2,2016-08-25 23:05:29,2016-10-05 21:54:34
C13036,1,53,2016-07-04 23:40:29,2016-12-28 22:18:02
C13037,1,11,2016-07-08 21:28:42,2016-12-18 15:37:47
C13038,1,8,2016-07-05 14:35:45,2016-10-29 19:33:56
C13039,1,16,2016-07-07 23:14:49,2016-12-20 18:00:08
C13040,1,1,2016-07-25 03:47:03,2016-07-25 03:47:03
C13041,2,261,2016-07-08 10:57:54,2016-12-31 23:20:42
C13042,1,1,2016-07-22 20:49:55,2016-07-22 20:49:55
C13043,1,24,2016-07-14 16:15:22,2016-12-22 14:53:22
C13044,1,33,2016-07-06 13:57:57,2016-12-26 17:32:06
C13045,1,2,2016-07-04 19:23:46,2016-09-29 17:40:40
C13046,1,2,2016-07-14 17:01:52,2016-09-30 15:26:48
C13047,1,3,2016-08-10 00:27:59,2016-12-14 02:17:52
C13048,1,1,2016-10-17 02:34:47,2016-10-17 02:34:47
C13049,1,5,2016-07-21 20:21:39,2016-08-01 17:40:54
C13050,1,1,2016-12-25 16:26:04,2016-12-25 16:26:04
C13051,1,12,2016-07-31 00:29:25,2016-12-25 23:33:33
C13052,1,17,2016-07-08 17:19:26,2016-12-06 04:30:09
C13053,1,16,2016-07-02 18:39:33,2016-12-25 15:43:18
C13054,1,68,2016-07-03 00:38:38,2016-12-27 22:14:11
C13055,1,1,2016-10-01 21:09:37,2016-10-01 21:09:37
C13056,1,26,2016-07-11 19:42:13,2016-12-27 18:33:42
C13057,1,11,2016-07-10 02:08:59,2016-12-12 00:49:56
C13058,2,102,2016-07-04 14:31:20,2016-12-31 13:04:14
C13059,1,1,2016-12-08 19:44:01,2016-12-08 19:44:01
C13060,1,32,2016-07-04 06:06:12,2016-12-13 13:28:47
C13061,1,3,2016-07-03 19:52:18,2016-12-06 19:02:35
C13062,1,7,2016-08-01 16:54:28,2016-12-25 13:35:08
C13063,1,2,2016-11-26 13:11:33,2016-12-26 21:36:22
C13064,1,20,2016-07-13 14:22:11,2016-12-29 17:58:42
C13065,1,4,2016-07-08 13:31:20,2016-11-26 16:40:18
C13066,1,2,2016-11-19 04:18:54,2016-11-19 04:36:57
C13067,1,60,2016-07-03 14:04:51,2016-12-24 19:12:15
C13068,1,6,2016-07-04 21:58:40,2016-09-29 05:17:02
C13069,1,1,2016-10-14 14:36:32,2016-10-14 14:36:32
C13070,1,7,2016-07-08 18:07:51,2016-12-28 22:05:25
C13071,1,1,2016-07-29 18:09:14,2016-07-29 18:09:14
C13072,1,8,2016-07-24 18:03:44,2016-12-27 17:21:07
C13073,1,1,2016-09-17 14:30:30,2016-09-17 14:30:30
C13074,1,1,2016-10-27 00:40:52,2016-10-27 00:40:52
C13075,1,3,2016-10-10 16:47:45,2016-11-23 15:49:34
C13076,1,11,2016-07-04 21:09:13,2016-11-12 18:55:04
C13077,1,12,2016-07-21 19:25:02,2016-12-31 23:57:29
C13078,1,4,2016-09-25 02:51:25,2016-12-24 22:05:32
C13079,1,7,2016-07-15 00:03:38,2016-11-10 13:03:35
C13080,1,4,2016-09-27 17:01:47,2016-09-27 17:27:39
C13081,1,46,2016-07-08 00:40:25,2016-12-22 03:16:43
C13082,1,6,2016-07-18 19:06:38,2016-11-22 21:09:40
C13083,1,6,2016-07-21 18:07:08,2016-12-27 13:02:39
C13084,1,2,2016-07-28 01:12:32,2016-07-28 01:14:40
C13085,1,1,2016-07-31 13:48:33,2016-07-31 13:48:33
C13086,2,45,2016-07-17 01:33:14,2016-12-24 17:51:04
C13087,1,13,2016-07-20 16:45:07,2016-12-14 17:52:12
C13088,1,15,2016-07-03 19:46:21,2016-11-18 15:31:12
C13089,1,1,2016-12-01 21:26:16,2016-12-01 21:26:16
C13090,1,1,2016-09-08 18:29:34,2016-09-08 18:29:34
C13091,1,2,2016-07-16 20:34:46,2016-07-31 01:21:49
C13092,1,71,2016-07-06 20:46:53,2016-12-20 03:35:27
C13093,1,2,2016-07-18 14:15:41,2016-07-31 14:49:04
C13094,1,3,2016-07-11 21:26:46,2016-08-19 00:25:01
C13095,1,3,2016-08-09 18:24:29,2016-08-15 17:10:43
C13096,1,22,2016-07-28 18:18:20,2016-12-26 14:11:45
C13097,1,1,2016-11-29 14:21:31,2016-11-29 14:21:31
C13098,1,2,2016-07-11 22:50:49,2016-07-27 05:30:03
C13099,1,3,2016-07-19 18:03:02,2016-12-18 21:21:20
C13100,1,5,2016-07-09 14:47:06,2016-12-03 02:45:34
C13101,1,16,2016-07-23 22:32:59,2016-09-05 14:13:22
C13102,1,1,2016-12-11 17:29:01,2016-12-11 17:29:01
C13103,1,75,2016-07-06 17:05:08,2016-12-30 16:40:29
C13104,1,1,2016-12-28 13:29:10,2016-12-28 13:29:10
C13105,1,18,2016-07-12 15:40:45,2016-12-31 15:26:43
C13106,1,2,2016-10-30 01:19:40,2016-10-30 20:01:40
C13107,1,2,2016-10-05 13:56:40,2016-10-05 17:35:56
C13108,1,1,2016-07-18 01:02:49,2016-07-18 01:02:49
C13109,1,11,2016-07-11 20:24:57,2016-12-28 00:47:32
C13110,1,51,2016-07-07 18:12:50,2016-12-27 18:26:28
C13111,1,6,2016-07-05 19:24:16,2016-11-16 19:37:27
C13112,1,1,2016-10-28 21:00:28,2016-10-28 21:00:28
C13113,1,2,2016-09-24 02:33:27,2016-10-22 00:59:38
C13114,1,67,2016-07-03 01:25:24,2016-12-29 22:39:05
C13115,1,1,2016-07-27 04:26:00,2016-07-27 04:26:00
C13116,1,2,2016-08-04 22:42:44,2016-09-03 23:12:07
C13117,1,8,2016-07-02 21:41:54,2016-11-01 14:17:29
C13118,1,7,2016-07-12 23:23:51,2016-12-10 15:57:16
C13119,1,35,2016-07-13 03:22:38,2016-12-24 19:42:12
C13120,1,11,2016-07-24 18:52:31,2016-10-20 20:14:14
C13121,1,1,2016-09-05 22:07:39,2016-09-05 22:07:39
C13122,1,1,2016-09-01 19:13:41,2016-09-01 19:13:41
C13123,1,1,2016-07-28 20:44:32,2016-07-28 20:44:32
C13124,1,19,2016-07-09 13:08:34,2016-11-29 16:55:10
C13125,1,11,2016-07-14 10:36:35,2016-12-18 15:31:54
C13126,1,1,2016-07-05 17:24:50,2016-07-05 17:24:50
C13127,1,1,2016-10-31 11:26:34,2016-10-31 11:26:34
C13128,1,1,2016-07-16 16:45:29,2016-07-16 16:45:29
C13129,1,1,2016-09-01 04:44:26,2016-09-01 04:44:26
C13130,1,2,2016-10-18 07:14:53,2016-11-27 17:22:43
C13131,1,26,2016-07-11 00:32:46,2016-12-15 21:40:58
C13132,1,2,2016-07-26 04:14:16,2016-07-27 01:05:43
C13133,1,1,2016-08-19 01:05:14,2016-08-19 01:05:14
C13134,1,10,2016-07-12 02:30:21,2016-12-22 21:20:52
C13135,1,4,2016-11-19 21:35:01,2016-12-22 16:07:51
C13136,1,3,2016-10-02 03:18:03,2016-12-16 15:14:39
C13137,1,10,2016-07-08 23:09:25,2016-12-19 17:37:13
C13138,1,58,2016-07-03 16:59:41,2016-12-24 15:44:03
C13139,1,6,2016-07-07 18:00:53,2016-12-13 22:17:41
C13140,1,16,2016-07-09 00:02:49,2016-12-20 03:52:34
C13141,1,1,2016-12-06 22:16:31,2016-12-06 22:16:31
C13142,1,5,2016-08-26 13:48:00,2016-12-16 13:05:25
C13143,1,42,2016-07-09 17:55:04,2016-12-30 22:59:25
C13144,1,1,2016-07-19 02:21:04,2016-07-19 02:21:04
C13145,1,2,2016-09-30 20:05:12,2016-10-25 00:09:44
C13146,1,2,2016-07-12 16:32:30,2016-07-13 01:17:32
C13147,1,137,2016-07-06 00:53:32,2016-12-26 20:25:01
C13148,1,1,2016-11-07 13:29:35,2016-11-07 13:29:35
C13149,1,2,2016-07-14 13:45:34,2016-11-20 15:07:54
C13150,1,1,2016-07-15 18:36:33,2016-07-15 18:36:33
C13151,1,13,2016-07-03 16:24:08,2016-12-18 16:21:34
C13152,1,8,2016-07-08 03:52:44,2016-12-29 16:37:00
C13153,1,10,2016-07-03 17:01:58,2016-12-20 14:24:09
C13154,1,5,2016-11-20 01:09:24,2016-12-22 01:52:31
C13155,1,3,2016-07-07 14:57:41,2016-07-25 18:57:30
C13156,1,1,2016-12-11 19:28:58,2016-12-11 19:28:58
C13157,1,1,2016-08-10 19:15:09,2016-08-10 19:15:09
C13158,1,2,2016-10-06 02:44:18,2016-11-05 19:38:28
C13159,1,5,2016-10-13 15:17:46,2016-12-10 22:24:26
C13160,1,7,2016-07-18 17:44:27,2016-12-30 23:26:37
C13161,1,2,2016-07-10 14:07:03,2016-12-21 00:14:37
C13162,1,9,2016-08-06 03:47:58,2016-12-22 14:15:38
C13163,1,4,2016-07-28 04:55:49,2016-11-21 21:31:41
C13164,1,7,2016-10-05 21:50:01,2016-12-16 16:01:05
C13165,1,2,2016-07-13 21:14:09,2016-09-06 06:57:31
C13166,1,1,2016-12-14 21:38:02,2016-12-14 21:38:02
C13167,1,3,2016-07-29 23:06:30,2016-10-09 00:37:00
C13168,1,1,2016-10-26 18:11:50,2016-10-26 18:11:50
C13169,1,1,2016-09-03 20:14:24,2016-09-03 20:14:24
C13170,1,15,2016-07-09 00:55:16,2016-12-23 14:30:40
C13171,2,928,2016-07-02 00:42:31,2016-12-29 17:50:55
C13172,1,1,2016-10-19 23:40:11,2016-10-19 23:40:11
C13173,1,1,2016-07-25 20:21:04,2016-07-25 20:21:04
C13174,1,2,2016-07-25 22:44:34,2016-09-15 12:07:54
C13175,1,7,2016-07-15 13:48:35,2016-12-17 17:02:48
C13176,1,2,2016-07-14 22:10:52,2016-07-16 15:19:14
C13177,1,3,2016-07-13 22:30:15,2016-11-06 17:38:16
C13178,1,5,2016-07-10 13:45:47,2016-11-09 21:46:44
C13179,1,1,2016-07-18 20:24:22,2016-07-18 20:24:22
C13180,1,32,2016-07-15 16:53:07,2016-11-17 13:33:01
C13181,1,2,2016-07-20 22:05:14,2016-09-27 04:56:44
C13182,1,5,2016-07-10 01:35:36,2016-09-03 15:46:03
C13183,1,1,2016-07-09 12:49:56,2016-07-09 12:49:56
C13184,1,2,2016-08-03 15:16:23,2016-09-11 17:38:14
C13185,1,4,2016-07-28 02:36:31,2016-10-21 22:19:00
C13186,1,1,2016-08-04 22:53:25,2016-08-04 22:53:25
C13187,1,95,2016-07-05 01:19:21,2016-12-30 00:41:13
C13188,1,3,2016-08-27 20:51:23,2016-11-07 22:57:47
C13189,1,1,2016-07-20 08:03:20,2016-07-20 08:03:20
C13190,2,29,2016-07-08 15:59:07,2016-12-21 13:56:58
C13191,1,38,2016-07-05 00:16:11,2016-11-25 20:08:17
C13192,1,2,2016-07-07 23:21:51,2016-07-09 02:45:01
C13193,1,4,2016-07-20 10:04:20,2016-11-18 04:08:51
C13194,1,1,2016-09-15 10:16:09,2016-09-15 10:16:09
C13195,1,9,2016-07-07 03:06:21,2016-12-30 22:12:24
C13196,1,209,2016-07-03 04:09:19,2016-12-29 23:49:08
C13197,1,2,2016-10-09 15:56:38,2016-11-15 21:25:32
C13198,1,1,2016-12-10 17:53:57,2016-12-10 17:53:57
C13199,1,12,2016-07-19 04:06:47,2016-12-29 13:27:54
C13200,1,8,2016-07-19 19:35:09,2016-12-09 22:14:44
C13201,1,1,2016-12-30 10:12:46,2016-12-30 10:12:46
C13202,1,1,2016-11-11 03:07:43,2016-11-11 03:07:43
C13203,1,1,2016-11-08 19:52:07,2016-11-08 19:52:07
C13204,1,11,2016-07-09 13:27:03,2016-12-11 10:47:27
C13205,1,23,2016-07-04 17:39:14,2016-12-23 18:06:57
C13206,1,8,2016-07-06 19:11:48,2016-09-17 15:55:30
C13207,1,7,2016-08-07 23:55:36,2016-10-02 22:42:43
C13208,1,1,2016-08-07 13:37:19,2016-08-07 13:37:19
C13209,1,4,2016-07-12 17:06:44,2016-12-16 04:52:34
C13210,1,8,2016-07-07 19:57:59,2016-11-29 17:49:58
C13211,1,1,2016-12-21 15:38:33,2016-12-21 15:38:33
C13212,1,1,2016-07-31 20:56:27,2016-07-31 20:56:27
C13213,1,7,2016-07-25 05:12:59,2016-12-30 19:38:28
C13214,1,15,2016-07-15 16:08:03,2016-12-25 20:36:18
C13215,1,9,2016-07-14 18:32:57,2016-11-22 04:59:11
C13216,1,1,2016-12-08 22:13:53,2016-12-08 22:13:53
C13217,1,2,2016-10-29 22:30:06,2016-11-19 12:00:07
C13218,1,4,2016-08-15 20:24:41,2016-12-18 19:19:15
C13219,1,4,2016-07-03 16:49:16,2016-11-09 16:26:37
C13220,1,10,2016-07-05 02:04:16,2016-12-06 20:48:22
C13221,1,2,2016-09-27 04:05:06,2016-11-27 15:42:49
C13222,1,1,2016-08-20 11:42:17,2016-08-20 11:42:17
C13223,1,1,2016-11-17 16:06:02,2016-11-17 16:06:02
C13224,1,1,2016-10-08 23:19:55,2016-10-08 23:19:55
C13225,1,3,2016-09-02 23:12:27,2016-12-20 15:41:06
C13226,1,2,2016-07-28 13:34:02,2016-08-01 03:38:54
C13227,1,110,2016-07-03 00:34:19,2016-12-28 21:48:53
C13228,1,1,2016-07-12 00:52:09,2016-07-12 00:52:09
C13229,1,4,2016-09-03 18:06:16,2016-10-21 13:43:46
C13230,2,41,2016-07-08 17:53:34,2016-12-18 23:09:19
C13231,1,1,2016-09-11 21:37:01,2016-09-11 21:37:01
C13232,1,1,2016-11-02 21:57:20,2016-11-02 21:57:20
C13233,1,46,2016-07-04 02:10:02,2016-12-19 18:54:59
C13234,1,4,2016-07-11 17:07:49,2016-10-01 13:00:07
C13235,1,1,2016-11-06 01:13:24,2016-11-06 01:13:24
C13236,1,21,2016-07-19 16:37:24,2016-12-23 17:27:24
C13237,1,1,2016-08-09 02:17:40,2016-08-09 02:17:40
C13238,1,5,2016-12-21 15:55:00,2016-12-30 15:27:32
C13239,1,3,2016-08-02 21:07:05,2016-10-12 23:11:37
C13240,1,1,2016-07-25 20:52:36,2016-07-25 20:52:36
C13241,1,37,2016-07-10 04:57:22,2016-12-26 00:04:53
C13242,1,3,2016-12-03 03:28:42,2016-12-25 00:16:12
C13243,1,32,2016-07-09 15:17:06,2016-12-19 14:58:49
C13244,1,2,2016-07-09 23:04:51,2016-07-29 15:58:59
C13245,1,2,2016-07-14 19:13:17,2016-11-27 16:27:03
C13246,1,8,2016-07-11 12:05:05,2016-12-15 19:56:36
C13247,1,15,2016-07-04 19:35:17,2016-12-18 23:29:54
C13248,1,5,2016-07-18 16:37:44,2016-10-11 01:12:34
C13249,1,37,2016-07-08 03:13:01,2016-12-14 17:18:10
C13250,1,7,2016-11-11 15:11:38,2016-11-21 19:54:43
C13251,1,15,2016-07-12 00:25:14,2016-12-13 18:47:23
C13252,1,1,2016-12-23 01:24:23,2016-12-23 01:24:23
C13253,2,28,2016-07-08 21:27:01,2016-12-28 23:45:16
C13254,2,13,2016-07-10 21:26:43,2016-12-05 21:16:45
C13255,1,2,2016-07-09 22:19:08,2016-07-16 02:15:14
C13256,1,1,2016-08-09 17:16:50,2016-08-09 17:16:50
C13257,1,1,2016-11-24 15:40:33,2016-11-24 15:40:33
C13258,1,1,2016-12-08 00:14:19,2016-12-08 00:14:19
C13259,1,2,2016-07-02 16:46:35,2016-11-18 01:47:42
C13260,1,10,2016-09-08 13:53:24,2016-12-22 22:51:51
C13261,1,1,2016-11-23 22:10:28,2016-11-23 22:10:28
C13262,1,3,2016-07-09 22:58:52,2016-12-30 14:45:33
C13263,1,12,2016-07-23 11:51:37,2016-12-27 12:34:46
C13264,2,13,2016-07-16 19:23:00,2016-12-07 03:41:01
C13265,1,2,2016-11-01 16:11:26,2016-11-18 02:59:40
C13266,1,9,2016-07-06 21:29:31,2016-10-31 13:51:06
C13267,1,9,2016-07-12 19:47:39,2016-10-26 18:30:44
C13268,1,14,2016-07-04 09:31:24,2016-12-16 21:50:06
C13269,2,258,2016-07-06 15:07:22,2016-12-31 16:54:17
C13270,1,3,2016-07-09 19:54:15,2016-12-22 16:35:44
C13271,1,6,2016-08-06 00:03:41,2016-12-29 16:43:16
C13272,1,38,2016-07-09 23:29:29,2016-12-31 03:20:11
C13273,1,2,2016-07-11 14:37:50,2016-10-12 20:41:48
C13274,1,12,2016-07-20 21:33:57,2016-12-24 17:43:46
C13275,1,1,2016-07-25 01:31:45,2016-07-25 01:31:45
C13276,1,1,2016-08-17 19:04:35,2016-08-17 19:04:35
C13277,1,1,2016-11-13 20:17:16,2016-11-13 20:17:16
C13278,1,1,2016-07-31 00:08:16,2016-07-31 00:08:16
C13279,1,1,2016-08-21 23:08:10,2016-08-21 23:08:10
C13280,1,2,2016-09-18 13:06:30,2016-10-17 12:24:12
C13281,1,2,2016-07-18 15:35:49,2016-12-09 16:47:05
C13282,1,1,2016-12-14 23:05:54,2016-12-14 23:05:54
C13283,1,1,2016-09-07 00:08:02,2016-09-07 00:08:02
C13284,1,11,2016-07-07 21:50:15,2016-12-29 15:47:08
C13285,1,1,2016-09-19 03:52:04,2016-09-19 03:52:04
C13286,1,7,2016-11-24 21:42:52,2016-12-10 17:57:43
C13287,1,21,2016-07-05 15:49:39,2016-12-19 16:02:10
C13288,1,1,2016-08-14 16:03:57,2016-08-14 16:03:57
C13289,1,3,2016-07-13 20:57:07,2016-11-09 20:40:53
C13290,1,59,2016-07-03 01:21:42,2016-12-27 13:35:55
C13291,1,45,2016-07-05 23:53:08,2016-12-29 19:16:37
C13292,1,2,2016-08-07 17:40:24,2016-10-20 14:24:13
C13293,1,2,2016-07-08 00:17:53,2016-07-22 18:10:58
C13294,1,1,2016-12-10 17:50:21,2016-12-10 17:50:21
C13295,1,3,2016-09-02 13:19:34,2016-10-26 02:07:36
C13296,1,6,2016-07-29 03:22:36,2016-10-03 18:33:38
C13297,1,18,2016-07-18 01:38:04,2016-12-19 14:44:05
C13298,1,5,2016-07-11 17:59:19,2016-12-04 22:31:40
C13299,1,2,2016-11-29 15:17:11,2016-12-24 15:11:04
C13300,1,1,2016-07-18 16:20:51,2016-07-18 16:20:51
C13301,1,1,2016-07-22 20:23:37,2016-07-22 20:23:37
C13302,1,10,2016-07-08 14:35:54,2016-12-27 16:20:05
C13303,1,32,2016-07-04 03:38:02,2016-12-30 01:02:55
C13304,1,7,2016-10-01 18:30:18,2016-10-12 15:32:23
C13305,1,16,2016-08-26 21:23:54,2016-12-31 03:57:02
C13306,1,11,2016-07-08 02:04:44,2016-12-22 19:56:01
C13307,1,1,2016-08-14 01:17:57,2016-08-14 01:17:57
C13308,1,10,2016-07-27 17:28:30,2016-09-18 15:26:24
C13309,1,16,2016-07-13 12:56:55,2016-12-31 15:47:47
C13310,1,1,2016-09-19 13:38:06,2016-09-19 13:38:06
C13311,1,5,2016-08-09 04:59:47,2016-08-09 05:16:48
C13312,1,7,2016-09-21 09:00:40,2016-12-16 23:24:45
C13313,1,7,2016-07-25 18:02:20,2016-12-27 23:27:47
C13314,1,4,2016-08-19 02:03:06,2016-11-28 23:56:49
C13315,1,16,2016-07-09 23:29:54,2016-12-27 18:21:15
C13316,1,10,2016-07-19 20:23:58,2016-12-14 01:35:18
C13317,1,12,2016-07-10 20:56:15,2016-10-25 22:25:57
C13318,1,5,2016-07-10 19:32:30,2016-08-16 16:52:30
C13319,1,45,2016-07-07 18:34:59,2016-12-31 17:30:35
C13320,1,8,2016-07-26 22:08:55,2016-12-29 16:03:03
C13321,1,3,2016-07-10 16:21:38,2016-10-08 16:21:55
C13322,1,1,2016-11-19 01:34:53,2016-11-19 01:34:53
C13323,1,2,2016-07-15 19:24:51,2016-11-23 03:21:57
C13324,1,2,2016-09-15 21:36:38,2016-11-08 03:48:32
C13325,1,1,2016-07-19 22:33:21,2016-07-19 22:33:21
C13326,1,78,2016-07-04 22:28:49,2016-12-30 18:37:30
C13327,1,6,2016-08-06 15:55:43,2016-12-06 23:24:12
C13328,1,98,2016-07-02 21:03:56,2016-12-29 21:51:15
C13329,1,2,2016-07-13 14:55:38,2016-07-14 00:22:32
C13330,1,1,2016-10-23 15:22:38,2016-10-23 15:22:38
C13331,1,9,2016-07-21 17:31:45,2016-12-21 22:12:43
C13332,1,20,2016-07-06 15:47:00,2016-12-30 15:13:42
C13333,1,182,2016-07-04 14:21:56,2016-12-30 18:22:07
C13334,1,35,2016-07-03 16:01:36,2016-12-16 22:21:44
C13335,1,4,2016-07-18 19:11:35,2016-11-07 18:38:23
C13336,1,14,2016-07-19 19:09:48,2016-12-05 23:13:48
C13337,1,21,2016-07-02 20:22:31,2016-12-18 20:20:16
C13338,1,2,2016-07-20 08:19:13,2016-12-23 22:30:06
C13339,1,1,2016-11-08 13:23:53,2016-11-08 13:23:53
C13340,1,82,2016-07-03 15:38:15,2016-12-28 14:59:28
C13341,1,7,2016-07-20 19:26:51,2016-12-31 15:52:36
C13342,1,14,2016-07-14 19:13:44,2016-12-04 14:26:46
C13343,2,69,2016-07-03 19:12:22,2016-12-27 13:55:52
C13344,1,1,2016-08-07 21:42:21,2016-08-07 21:42:21
C13345,1,28,2016-07-22 18:39:51,2016-12-29 16:37:11
C13346,1,9,2016-07-02 18:47:47,2016-12-18 14:41:36
C13347,1,4,2016-08-11 14:56:15,2016-08-19 02:48:36
C13348,1,3,2016-07-27 03:21:10,2016-09-10 10:54:05
C13349,2,43,2016-07-03 03:27:52,2016-12-29 19:44:37
C13350,1,2,2016-07-17 05:23:48,2016-09-25 16:45:45
C13351,1,2,2016-07-25 06:04:34,2016-08-30 01:52:43
C13352,1,1,2016-11-01 16:20:51,2016-11-01 16:20:51
C13353,1,1,2016-08-27 03:48:07,2016-08-27 03:48:07
C13354,2,322,2016-07-02 17:12:50,2016-12-29 17:27:57
C13355,1,6,2016-07-12 19:34:58,2016-12-10 22:09:52
C13356,1,1,2016-10-28 02:30:00,2016-10-28 02:30:00
C13357,1,1,2016-07-18 20:51:36,2016-07-18 20:51:36
C13358,1,3,2016-11-16 22:06:05,2016-12-19 15:15:21
C13359,2,122,2016-07-04 20:18:31,2016-12-28 19:59:42
C13360,1,4,2016-07-03 13:56:29,2016-11-02 20:31:11
C13361,1,1,2016-12-26 14:12:50,2016-12-26 14:12:50
C13362,1,5,2016-07-13 01:05:24,2016-12-22 21:38:42
C13363,1,1,2016-10-26 18:50:31,2016-10-26 18:50:31
C13364,1,82,2016-07-08 00:40:28,2016-12-28 16:51:13
C13365,1,18,2016-07-27 14:52:15,2016-12-26 14:38:31
C13366,1,4,2016-10-15 15:36:44,2016-11-24 23:40:12
C13367,1,2,2016-09-13 18:39:22,2016-09-13 18:45:48
C13368,1,2,2016-07-22 18:46:51,2016-07-22 18:50:15
C13369,1,24,2016-07-04 05:37:28,2016-12-20 02:07:45
C13370,1,24,2016-07-09 23:16:12,2016-12-20 11:30:55
C13371,1,51,2016-07-11 00:56:49,2016-12-30 19:47:09
C13372,1,59,2016-07-02 05:52:45,2016-12-14 01:02:24
C13373,1,19,2016-07-11 00:18:39,2016-12-31 14:44:42
C13374,1,11,2016-07-18 22:28:23,2016-12-17 16:15:44
C13375,1,4,2016-07-18 20:38:37,2016-11-12 19:35:10
C13376,1,1,2016-07-23 23:32:15,2016-07-23 23:32:15
C13377,1,1,2016-11-30 12:38:11,2016-11-30 12:38:11
C13378,1,1,2016-11-15 20:57:42,2016-11-15 20:57:42
C13379,1,3,2016-10-20 23:20:49,2016-10-28 23:59:21
C13380,1,6,2016-07-04 20:57:07,2016-12-28 02:55:51
C13381,1,12,2016-07-04 16:30:25,2016-11-18 01:21:05
C13382,1,28,2016-07-03 17:16:03,2016-12-24 23:16:49
C13383,1,3,2016-07-28 23:08:19,2016-12-27 22:01:39
C13384,1,1,2016-07-04 18:45:03,2016-07-04 18:45:03
C13385,1,13,2016-10-13 05:25:51,2016-12-18 17:08:57
C13386,1,9,2016-07-27 18:57:05,2016-11-15 22:54:36
C13387,1,4,2016-09-05 17:19:11,2016-10-03 01:46:06
C13388,1,4,2016-07-08 15:25:22,2016-07-27 13:29:58
C13389,1,8,2016-07-16 19:34:15,2016-12-01 18:13:29
C13390,1,12,2016-07-03 17:34:04,2016-12-18 17:09:48
C13391,1,1,2016-07-18 00:25:52,2016-07-18 00:25:52
C13392,1,2,2016-08-09 23:21:09,2016-09-05 23:08:25
C13393,2,3,2016-09-24 03:53:16,2016-11-16 02:55:49
C13394,1,1,2016-11-17 20:05:35,2016-11-17 20:05:35
C13395,1,1,2016-08-21 20:08:57,2016-08-21 20:08:57
C13396,1,2,2016-10-07 22:41:14,2016-10-09 21:16:49
C13397,1,22,2016-07-04 00:48:14,2016-12-02 20:31:38
C13398,1,24,2016-07-09 21:53:44,2016-12-26 22:41:27
C13399,2,29,2016-07-07 12:21:15,2016-12-30 16:27:04
C13400,1,1,2016-07-28 14:41:52,2016-07-28 14:41:52
C13401,1,3,2016-07-08 06:13:45,2016-11-16 17:39:20
C13402,1,82,2016-07-06 02:55:40,2016-12-31 12:51:50
C13403,2,279,2016-07-05 22:50:29,2016-12-31 18:44:07
C13404,1,1,2016-08-17 12:33:53,2016-08-17 12:33:53
C13405,1,1,2016-07-24 11:01:59,2016-07-24 11:01:59
C13406,1,6,2016-09-23 02:32:03,2016-12-25 17:57:58
C13407,1,182,2016-07-04 03:26:37,2016-12-30 01:24:17
C13408,1,26,2016-07-02 21:49:21,2016-11-17 11:07:12
C13409,1,1,2016-08-23 22:30:13,2016-08-23 22:30:13
C13410,1,260,2016-07-03 15:34:35,2016-12-28 22:44:29
C13411,1,11,2016-08-12 00:09:36,2016-11-14 18:06:38
C13412,1,6,2016-08-13 21:09:26,2016-11-23 22:22:34
C13413,1,1,2016-07-03 06:34:57,2016-07-03 06:34:57
C13414,1,10,2016-09-07 23:43:48,2016-11-10 20:57:06
C13415,1,7,2016-07-13 20:54:37,2016-12-31 00:35:05
C13416,1,15,2016-07-11 21:03:22,2016-12-28 01:08:15
C13417,1,4,2016-07-22 15:32:30,2016-10-11 14:19:02
C13418,1,8,2016-09-10 20:04:27,2016-12-26 17:00:04
C13419,1,4,2016-09-30 17:15:07,2016-12-30 01:01:17
C13420,1,3,2016-08-31 23:04:33,2016-11-30 21:53:40
C13421,1,1,2016-12-14 00:29:30,2016-12-14 00:29:30
C13422,1,4,2016-08-30 02:04:06,2016-11-22 21:22:20
C13423,1,25,2016-07-12 16:10:49,2016-12-16 19:26:47
C13424,1,3,2016-07-28 18:37:19,2016-12-24 16:25:42
C13425,1,7,2016-07-12 16:09:20,2016-10-16 18:34:32
C13426,1,7,2016-07-12 22:23:43,2016-11-22 15:02:43
C13427,1,2,2016-07-25 20:21:33,2016-07-28 22:15:30
C13428,1,7,2016-07-11 02:19:41,2016-11-10 16:22:56
C13429,1,16,2016-07-07 15:02:46,2016-11-27 21:49:08
C13430,1,38,2016-07-03 22:29:46,2016-12-13 00:34:25
C13431,1,1,2016-07-28 13:57:18,2016-07-28 13:57:18
C13432,1,7,2016-07-27 19:47:36,2016-12-13 14:11:52
C13433,1,41,2016-07-05 12:30:28,2016-12-23 20:51:53
C13434,1,5,2016-07-15 15:05:29,2016-10-14 14:42:45
C13435,1,1,2016-09-09 17:46:25,2016-09-09 17:46:25
C13436,1,2,2016-07-19 14:00:28,2016-11-22 18:42:30
C13437,1,6,2016-07-11 00:59:57,2016-11-11 20:40:19
C13438,1,1,2016-07-18 22:47:57,2016-07-18 22:47:57
C13439,1,12,2016-07-23 00:37:41,2016-12-27 11:59:52
C13440,2,14932,2016-07-02 02:27:42,2016-12-30 23:32:10
C13441,1,2,2016-09-08 19:11:31,2016-09-25 23:48:41
C13442,1,8,2016-09-30 02:17:22,2016-10-21 23:25:23
C13443,1,5,2016-09-12 02:48:21,2016-11-29 11:30:30
C13444,1,1,2016-11-03 01:53:41,2016-11-03 01:53:41
C13445,1,35,2016-07-05 01:36:06,2016-12-29 22:20:12
C13446,1,7,2016-07-14 07:29:44,2016-12-13 00:36:24
C13447,1,152,2016-07-07 01:28:10,2016-12-31 23:42:06
C13448,1,6,2016-07-07 11:03:28,2016-12-02 17:41:21
C13449,1,140,2016-07-02 03:09:36,2016-12-30 15:14:13
C13450,1,5,2016-07-15 00:19:26,2016-12-07 01:53:12
C13451,1,5,2016-07-07 18:57:08,2016-10-18 22:46:08
C13452,1,4,2016-08-15 09:48:25,2016-11-08 20:18:40
C13453,1,3,2016-07-20 20:05:27,2016-07-20 20:20:33
C13454,1,1,2016-10-31 23:07:29,2016-10-31 23:07:29
C13455,1,1,2016-11-19 23:48:54,2016-11-19 23:48:54
C13456,1,57,2016-07-03 06:00:37,2016-12-26 19:15:21
C13457,1,1,2016-07-18 01:36:31,2016-07-18 01:36:31
C13458,1,2,2016-08-27 17:52:12,2016-08-30 17:36:13
C13459,1,1,2016-11-25 20:18:24,2016-11-25 20:18:24
C13460,1,16,2016-07-13 17:45:52,2016-12-22 15:52:48
C13461,1,13,2016-07-15 14:30:43,2016-12-31 17:46:50
C13462,1,5,2016-08-22 00:54:32,2016-12-19 22:41:53
C13463,1,3,2016-12-04 18:21:09,2016-12-07 19:19:14
C13464,1,17,2016-07-10 22:19:41,2016-12-27 00:24:45
C13465,1,3,2016-09-02 03:59:51,2016-10-22 18:10:45
C13466,1,6,2016-07-13 00:12:19,2016-12-22 22:25:28
C13467,1,9,2016-08-21 16:46:01,2016-12-26 22:44:00
C13468,1,7,2016-07-03 15:34:14,2016-10-09 00:20:49
C13469,1,1,2016-11-12 20:22:40,2016-11-12 20:22:40
C13470,2,20,2016-07-14 16:45:07,2016-12-31 21:52:57
C13471,1,5,2016-08-16 20:40:15,2016-12-17 00:52:43
C13472,1,3,2016-07-14 20:29:58,2016-07-23 14:05:33
C13473,1,2,2016-07-13 17:19:06,2016-10-17 12:27:56
C13474,1,1,2016-10-25 02:01:38,2016-10-25 02:01:38
C13475,1,7,2016-07-16 14:46:33,2016-10-19 19:35:32
C13476,1,2,2016-07-29 00:00:50,2016-11-14 23:12:37
C13477,1,3,2016-10-27 17:08:32,2016-12-20 15:42:48
C13478,1,6,2016-07-26 14:19:46,2016-11-24 10:39:43
C13479,1,1,2016-07-05 21:49:22,2016-07-05 21:49:22
C13480,1,10,2016-07-20 15:22:53,2016-11-22 20:52:38
C13481,1,5,2016-08-20 20:08:51,2016-10-25 18:14:41
C13482,1,13,2016-08-01 20:26:07,2016-12-31 01:50:46
C13483,1,1,2016-09-10 04:09:10,2016-09-10 04:09:10
C13484,1,1,2016-12-08 18:26:00,2016-12-08 18:26:00
C13485,1,1,2016-07-14 01:32:30,2016-07-14 01:32:30
C13486,2,382,2016-07-02 23:17:52,2016-12-29 22:31:19
C13487,1,85,2016-07-04 19:14:19,2016-12-27 14:43:09
C13488,1,14,2016-07-05 01:01:14,2016-12-30 15:01:05
C13489,1,55,2016-07-09 20:41:12,2016-12-27 15:39:09
C13490,1,4,2016-10-09 16:27:31,2016-12-31 00:50:05
C13491,1,3,2016-07-19 00:07:28,2016-12-03 22:45:48
C13492,1,14,2016-07-05 04:38:37,2016-10-24 21:20:56
C13493,1,19,2016-07-06 01:57:52,2016-12-17 23:51:01
C13494,1,3,2016-07-20 22:41:17,2016-12-17 19:51:44
C13495,1,7,2016-08-15 19:43:12,2016-11-24 18:59:47
C13496,1,1,2016-10-08 00:33:35,2016-10-08 00:33:35
C13497,1,1,2016-07-27 23:34:04,2016-07-27 23:34:04
C13498,1,13,2016-07-15 11:53:07,2016-12-26 21:05:33
C13499,1,8,2016-07-03 22:26:45,2016-12-21 01:44:28
C13500,1,7,2016-07-08 15:33:09,2016-12-10 06:15:24
C13501,1,2,2016-07-19 23:47:29,2016-07-20 01:48:03
C13502,1,1,2016-07-13 02:05:25,2016-07-13 02:05:25
C13503,1,16,2016-07-08 17:09:48,2016-10-04 16:08:31
C13504,1,1,2016-09-04 05:20:58,2016-09-04 05:20:58
C13505,1,1,2016-07-09 14:04:57,2016-07-09 14:04:57
C13506,1,4,2016-07-16 23:48:03,2016-07-31 05:33:21
C13507,1,4,2016-08-05 09:47:21,2016-12-13 16:41:47
C13508,1,2,2016-08-14 01:55:11,2016-12-08 00:12:01
C13509,1,4,2016-09-27 00:47:21,2016-10-31 00:14:33
C13510,1,1,2016-11-15 21:32:50,2016-11-15 21:32:50
C13511,2,4,2016-09-10 17:08:57,2016-10-03 15:02:46
C13512,1,77,2016-07-02 23:51:09,2016-12-30 23:51:29
C13513,1,16,2016-07-03 19:27:14,2016-12-27 19:14:17
C13514,1,4,2016-07-12 00:47:31,2016-12-28 20:06:31
C13515,1,3,2016-07-29 19:54:34,2016-11-14 17:46:33
C13516,1,74,2016-07-02 16:55:08,2016-12-24 21:27:24
C13517,1,84,2016-07-03 11:49:17,2016-12-31 21:12:19
C13518,1,1,2016-07-16 14:38:23,2016-07-16 14:38:23
C13519,1,1,2016-11-28 22:15:53,2016-11-28 22:15:53
C13520,1,2,2016-08-22 15:53:10,2016-09-07 15:02:23
C13521,1,100,2016-07-07 21:56:35,2016-12-31 21:21:55
C13522,1,3,2016-10-15 20:33:38,2016-11-28 03:11:41
C13523,1,1,2016-09-18 20:48:06,2016-09-18 20:48:06
C13524,1,62,2016-07-08 14:47:10,2016-12-31 18:21:37
C13525,1,16,2016-07-16 16:01:11,2016-12-29 01:33:43
C13526,1,1,2016-07-11 13:45:47,2016-07-11 13:45:47
C13527,1,5,2016-07-12 23:32:40,2016-11-01 15:47:03
C13528,1,7,2016-07-03 22:14:43,2016-12-04 23:49:35
C13529,1,1,2016-09-24 14:39:21,2016-09-24 14:39:21
C13530,1,1,2016-12-25 02:16:21,2016-12-25 02:16:21
C13531,1,1,2016-09-29 15:37:07,2016-09-29 15:37:07
C13532,1,3,2016-08-01 15:50:38,2016-10-18 15:38:39
C13533,1,1,2016-10-07 18:25:44,2016-10-07 18:25:44
C13534,1,1,2016-11-02 18:18:36,2016-11-02 18:18:36
C13535,1,2,2016-07-05 23:12:43,2016-07-31 02:13:12
C13536,1,13,2016-07-30 22:09:25,2016-12-08 17:08:05
C13537,1,7,2016-08-13 19:32:43,2016-11-17 00:05:34
C13538,1,1,2016-12-29 00:26:39,2016-12-29 00:26:39
C13539,1,9,2016-07-20 15:29:18,2016-12-16 01:37:59
C13540,1,1,2016-07-07 21:56:17,2016-07-07 21:56:17
C13541,1,14,2016-07-06 20:00:48,2016-12-06 03:59:30
C13542,1,48,2016-07-02 19:49:18,2016-12-14 23:50:48
C13543,1,1,2016-07-09 02:46:14,2016-07-09 02:46:14
C13544,1,1,2016-11-20 15:52:12,2016-11-20 15:52:12
C13545,1,1,2016-10-04 19:54:06,2016-10-04 19:54:06
C13546,1,1,2016-08-25 01:46:46,2016-08-25 01:46:46
C13547,1,2,2016-09-18 01:18:17,2016-11-29 20:35:10
C13548,1,1,2016-08-10 18:50:15,2016-08-10 18:50:15
C13549,1,1,2016-09-29 02:55:29,2016-09-29 02:55:29
C13550,1,7,2016-07-12 15:46:38,2016-12-30 21:49:33
C13551,1,1,2016-10-29 20:33:39,2016-10-29 20:33:39
C13552,1,2,2016-07-14 22:30:44,2016-07-28 02:24:24
C13553,1,1,2016-11-04 04:57:08,2016-11-04 04:57:08
